{"timestamp":"2025-07-12T11:41:04.877Z","pH":"7.57","conductivity":"136.05","pressure":"2.03","temperature":"28.42","fillLevel":"58.87","flow":"13.53","humidity":"43.22","co2":"483.61"}
{"timestamp":"2025-07-12T11:41:14.886Z","pH":"7.44","conductivity":"131.66","pressure":"1.22","temperature":"21.56","fillLevel":"48.00","flow":"11.35","humidity":"35.85","co2":"486.99"}
{"timestamp":"2025-07-12T11:41:24.895Z","pH":"7.34","conductivity":"146.11","pressure":"1.39","temperature":"29.18","fillLevel":"12.63","flow":"10.47","humidity":"33.60","co2":"443.43"}
{"timestamp":"2025-07-12T11:41:34.899Z","pH":"6.54","conductivity":"149.99","pressure":"5.47","temperature":"32.52","fillLevel":"65.59","flow":"12.70","humidity":"44.81","co2":"438.62"}
{"timestamp":"2025-07-12T11:41:44.906Z","pH":"7.18","conductivity":"130.00","pressure":"2.37","temperature":"27.79","fillLevel":"75.79","flow":"10.58","humidity":"44.29","co2":"439.41"}
{"timestamp":"2025-07-12T11:41:54.915Z","pH":"7.97","conductivity":"145.34","pressure":"2.36","temperature":"25.92","fillLevel":"16.32","flow":"14.39","humidity":"33.20","co2":"469.26"}
