{"timestamp":"2025-07-12T11:39:04.770Z","pH":"7.93","conductivity":"104.88","pressure":"2.05","temperature":"31.27","fillLevel":"83.51","flow":"10.89","humidity":"36.59","co2":"494.45"}
{"timestamp":"2025-07-12T11:39:14.779Z","pH":"6.15","conductivity":"145.75","pressure":"1.46","temperature":"25.55","fillLevel":"90.74","flow":"11.73","humidity":"30.49","co2":"427.28"}
{"timestamp":"2025-07-12T11:39:24.789Z","pH":"7.33","conductivity":"147.13","pressure":"5.41","temperature":"28.27","fillLevel":"71.31","flow":"13.31","humidity":"34.77","co2":"407.75"}
{"timestamp":"2025-07-12T11:39:34.797Z","pH":"7.89","conductivity":"146.54","pressure":"4.84","temperature":"28.77","fillLevel":"17.81","flow":"11.21","humidity":"30.03","co2":"436.26"}
{"timestamp":"2025-07-12T11:39:44.798Z","pH":"6.48","conductivity":"136.00","pressure":"5.93","temperature":"23.26","fillLevel":"53.35","flow":"14.36","humidity":"38.77","co2":"408.48"}
{"timestamp":"2025-07-12T11:39:54.810Z","pH":"7.01","conductivity":"134.42","pressure":"3.48","temperature":"30.66","fillLevel":"15.54","flow":"11.52","humidity":"36.31","co2":"467.71"}
