{"timestamp":"2025-07-12T11:50:05.289Z","pH":"6.07","conductivity":"131.17","pressure":"1.63","temperature":"28.08","fillLevel":"98.77","flow":"11.56","humidity":"49.29","co2":"409.97"}
{"timestamp":"2025-07-12T11:50:15.289Z","pH":"7.30","conductivity":"123.54","pressure":"5.43","temperature":"32.48","fillLevel":"90.48","flow":"13.46","humidity":"39.65","co2":"458.12"}
{"timestamp":"2025-07-12T11:50:25.303Z","pH":"7.20","conductivity":"122.55","pressure":"1.77","temperature":"23.94","fillLevel":"84.26","flow":"11.42","humidity":"46.44","co2":"494.51"}
{"timestamp":"2025-07-12T11:50:35.303Z","pH":"6.35","conductivity":"100.52","pressure":"5.30","temperature":"29.52","fillLevel":"37.19","flow":"12.28","humidity":"40.11","co2":"483.22"}
{"timestamp":"2025-07-12T11:50:45.304Z","pH":"6.15","conductivity":"134.31","pressure":"4.37","temperature":"27.46","fillLevel":"97.44","flow":"12.77","humidity":"37.45","co2":"472.20"}
{"timestamp":"2025-07-12T11:50:55.315Z","pH":"6.90","conductivity":"139.64","pressure":"4.77","temperature":"27.53","fillLevel":"72.42","flow":"10.94","humidity":"45.45","co2":"440.14"}
