{"timestamp":"2025-07-12T11:59:05.698Z","pH":"7.46","conductivity":"119.93","pressure":"4.33","temperature":"26.83","fillLevel":"82.50","flow":"12.23","humidity":"48.43","co2":"448.56"}
{"timestamp":"2025-07-12T11:59:15.707Z","pH":"6.74","conductivity":"127.30","pressure":"4.33","temperature":"34.12","fillLevel":"86.11","flow":"14.29","humidity":"47.97","co2":"421.35"}
{"timestamp":"2025-07-12T11:59:25.722Z","pH":"6.05","conductivity":"105.67","pressure":"3.67","temperature":"24.41","fillLevel":"0.54","flow":"10.64","humidity":"33.51","co2":"446.98"}
{"timestamp":"2025-07-12T11:59:35.722Z","pH":"7.41","conductivity":"131.61","pressure":"4.99","temperature":"28.09","fillLevel":"99.78","flow":"14.01","humidity":"30.35","co2":"430.91"}
{"timestamp":"2025-07-12T11:59:45.736Z","pH":"6.38","conductivity":"113.76","pressure":"2.60","temperature":"28.26","fillLevel":"95.14","flow":"10.12","humidity":"44.30","co2":"416.21"}
{"timestamp":"2025-07-12T11:59:55.741Z","pH":"7.59","conductivity":"103.23","pressure":"3.24","temperature":"22.85","fillLevel":"27.86","flow":"14.07","humidity":"33.07","co2":"479.15"}
