{"timestamp":"2025-07-12T11:34:04.568Z","pH":"7.23","conductivity":"138.97","pressure":"3.20","temperature":"28.82","fillLevel":"10.78","flow":"10.54","humidity":"36.22","co2":"452.92"}
{"timestamp":"2025-07-12T11:34:14.580Z","pH":"7.55","conductivity":"122.17","pressure":"5.40","temperature":"31.45","fillLevel":"35.99","flow":"12.81","humidity":"43.26","co2":"479.52"}
{"timestamp":"2025-07-12T11:34:24.584Z","pH":"6.94","conductivity":"143.48","pressure":"5.86","temperature":"24.82","fillLevel":"52.22","flow":"10.02","humidity":"38.99","co2":"439.94"}
{"timestamp":"2025-07-12T11:34:34.590Z","pH":"6.66","conductivity":"135.29","pressure":"5.53","temperature":"33.19","fillLevel":"28.92","flow":"14.76","humidity":"39.06","co2":"484.83"}
{"timestamp":"2025-07-12T11:34:44.593Z","pH":"7.70","conductivity":"139.30","pressure":"5.64","temperature":"28.12","fillLevel":"45.82","flow":"11.22","humidity":"30.47","co2":"488.14"}
{"timestamp":"2025-07-12T11:34:54.597Z","pH":"6.07","conductivity":"137.62","pressure":"1.21","temperature":"27.69","fillLevel":"93.43","flow":"11.39","humidity":"49.60","co2":"487.88"}
