{"timestamp":"2025-07-12T11:58:05.633Z","pH":"6.48","conductivity":"133.92","pressure":"1.27","temperature":"32.21","fillLevel":"64.11","flow":"10.80","humidity":"48.85","co2":"422.77"}
{"timestamp":"2025-07-12T11:58:15.646Z","pH":"7.93","conductivity":"129.43","pressure":"5.74","temperature":"21.95","fillLevel":"42.49","flow":"10.39","humidity":"44.32","co2":"428.72"}
{"timestamp":"2025-07-12T11:58:25.654Z","pH":"7.17","conductivity":"100.48","pressure":"3.02","temperature":"29.71","fillLevel":"87.51","flow":"13.15","humidity":"35.56","co2":"452.05"}
{"timestamp":"2025-07-12T11:58:35.660Z","pH":"7.81","conductivity":"112.91","pressure":"5.81","temperature":"25.14","fillLevel":"26.97","flow":"10.00","humidity":"36.45","co2":"495.02"}
{"timestamp":"2025-07-12T11:58:45.673Z","pH":"6.33","conductivity":"142.06","pressure":"4.67","temperature":"23.32","fillLevel":"78.08","flow":"12.47","humidity":"30.89","co2":"469.02"}
{"timestamp":"2025-07-12T11:58:55.684Z","pH":"6.14","conductivity":"115.56","pressure":"3.05","temperature":"23.68","fillLevel":"34.97","flow":"13.43","humidity":"34.53","co2":"425.49"}
