{"timestamp":"2025-07-12T11:40:04.814Z","pH":"6.80","conductivity":"120.58","pressure":"1.68","temperature":"30.08","fillLevel":"83.30","flow":"14.34","humidity":"48.27","co2":"445.67"}
{"timestamp":"2025-07-12T11:40:14.823Z","pH":"7.49","conductivity":"142.17","pressure":"5.84","temperature":"29.88","fillLevel":"89.62","flow":"11.34","humidity":"49.19","co2":"418.97"}
{"timestamp":"2025-07-12T11:40:24.835Z","pH":"6.95","conductivity":"110.82","pressure":"1.58","temperature":"23.75","fillLevel":"58.19","flow":"11.04","humidity":"34.76","co2":"499.42"}
{"timestamp":"2025-07-12T11:40:34.847Z","pH":"7.64","conductivity":"148.05","pressure":"3.89","temperature":"20.69","fillLevel":"63.38","flow":"12.92","humidity":"48.53","co2":"489.51"}
{"timestamp":"2025-07-12T11:40:44.861Z","pH":"6.75","conductivity":"116.21","pressure":"4.76","temperature":"31.86","fillLevel":"63.61","flow":"12.57","humidity":"44.26","co2":"486.14"}
{"timestamp":"2025-07-12T11:40:54.862Z","pH":"6.63","conductivity":"108.59","pressure":"3.16","temperature":"24.31","fillLevel":"31.09","flow":"14.62","humidity":"31.96","co2":"415.19"}
