{"timestamp":"2025-07-12T11:42:04.924Z","pH":"6.58","conductivity":"148.42","pressure":"4.85","temperature":"23.36","fillLevel":"65.85","flow":"10.59","humidity":"41.30","co2":"473.64"}
{"timestamp":"2025-07-12T11:42:14.939Z","pH":"6.18","conductivity":"105.30","pressure":"4.34","temperature":"34.70","fillLevel":"80.31","flow":"14.26","humidity":"42.71","co2":"459.47"}
{"timestamp":"2025-07-12T11:42:24.946Z","pH":"7.84","conductivity":"122.47","pressure":"4.19","temperature":"25.66","fillLevel":"95.85","flow":"13.13","humidity":"31.23","co2":"442.16"}
{"timestamp":"2025-07-12T11:42:34.954Z","pH":"6.09","conductivity":"120.83","pressure":"1.39","temperature":"30.52","fillLevel":"30.56","flow":"10.31","humidity":"42.19","co2":"471.64"}
{"timestamp":"2025-07-12T11:42:44.966Z","pH":"6.59","conductivity":"121.39","pressure":"1.15","temperature":"27.53","fillLevel":"17.76","flow":"12.67","humidity":"44.41","co2":"429.79"}
{"timestamp":"2025-07-12T11:42:54.976Z","pH":"6.69","conductivity":"101.23","pressure":"4.11","temperature":"32.17","fillLevel":"81.15","flow":"10.75","humidity":"41.96","co2":"457.67"}
