{"timestamp":"2025-07-12T11:51:05.319Z","pH":"7.92","conductivity":"118.67","pressure":"2.17","temperature":"33.01","fillLevel":"87.10","flow":"13.65","humidity":"47.58","co2":"482.73"}
{"timestamp":"2025-07-12T11:51:15.330Z","pH":"7.14","conductivity":"116.97","pressure":"2.27","temperature":"28.08","fillLevel":"90.04","flow":"10.79","humidity":"31.85","co2":"443.82"}
{"timestamp":"2025-07-12T11:51:25.344Z","pH":"7.84","conductivity":"105.80","pressure":"5.35","temperature":"24.47","fillLevel":"94.21","flow":"14.51","humidity":"43.73","co2":"425.37"}
{"timestamp":"2025-07-12T11:51:35.346Z","pH":"7.25","conductivity":"117.23","pressure":"4.93","temperature":"28.50","fillLevel":"49.02","flow":"11.24","humidity":"46.84","co2":"498.04"}
{"timestamp":"2025-07-12T11:51:45.345Z","pH":"6.70","conductivity":"110.23","pressure":"2.73","temperature":"21.12","fillLevel":"79.52","flow":"10.20","humidity":"41.37","co2":"493.79"}
{"timestamp":"2025-07-12T11:51:55.356Z","pH":"6.94","conductivity":"117.24","pressure":"4.82","temperature":"27.94","fillLevel":"97.03","flow":"13.55","humidity":"35.74","co2":"412.49"}
