{"timestamp":"2025-07-12T11:54:05.462Z","pH":"7.04","conductivity":"133.47","pressure":"1.69","temperature":"26.31","fillLevel":"91.36","flow":"12.85","humidity":"35.16","co2":"459.49"}
{"timestamp":"2025-07-12T11:54:15.467Z","pH":"7.59","conductivity":"145.00","pressure":"1.72","temperature":"31.54","fillLevel":"38.59","flow":"10.92","humidity":"34.45","co2":"477.86"}
{"timestamp":"2025-07-12T11:54:25.477Z","pH":"6.79","conductivity":"110.86","pressure":"2.25","temperature":"22.79","fillLevel":"60.71","flow":"13.66","humidity":"31.84","co2":"432.56"}
{"timestamp":"2025-07-12T11:54:35.480Z","pH":"7.04","conductivity":"118.32","pressure":"4.37","temperature":"30.60","fillLevel":"55.28","flow":"10.36","humidity":"48.90","co2":"489.75"}
{"timestamp":"2025-07-12T11:54:45.481Z","pH":"6.13","conductivity":"114.34","pressure":"3.82","temperature":"30.94","fillLevel":"33.05","flow":"12.53","humidity":"36.96","co2":"450.74"}
{"timestamp":"2025-07-12T11:54:55.484Z","pH":"6.33","conductivity":"145.83","pressure":"3.18","temperature":"28.41","fillLevel":"51.55","flow":"11.00","humidity":"45.60","co2":"409.82"}
