{"timestamp":"2025-07-12T11:37:04.667Z","pH":"6.38","conductivity":"134.31","pressure":"3.61","temperature":"26.77","fillLevel":"38.83","flow":"11.50","humidity":"34.21","co2":"420.68"}
{"timestamp":"2025-07-12T11:37:14.682Z","pH":"7.77","conductivity":"104.49","pressure":"5.68","temperature":"23.16","fillLevel":"38.66","flow":"14.97","humidity":"46.96","co2":"491.17"}
{"timestamp":"2025-07-12T11:37:24.686Z","pH":"7.96","conductivity":"111.73","pressure":"3.58","temperature":"21.17","fillLevel":"98.28","flow":"13.80","humidity":"38.53","co2":"487.26"}
{"timestamp":"2025-07-12T11:37:34.700Z","pH":"7.16","conductivity":"130.25","pressure":"3.44","temperature":"27.44","fillLevel":"7.64","flow":"12.74","humidity":"48.51","co2":"465.06"}
{"timestamp":"2025-07-12T11:37:44.702Z","pH":"7.44","conductivity":"100.01","pressure":"4.61","temperature":"30.11","fillLevel":"34.51","flow":"10.35","humidity":"40.11","co2":"429.00"}
{"timestamp":"2025-07-12T11:37:54.703Z","pH":"7.22","conductivity":"124.79","pressure":"2.44","temperature":"23.48","fillLevel":"87.22","flow":"13.40","humidity":"42.91","co2":"447.33"}
