{"timestamp":"2025-07-12T11:38:04.717Z","pH":"7.12","conductivity":"121.95","pressure":"2.32","temperature":"34.31","fillLevel":"8.97","flow":"13.64","humidity":"42.50","co2":"414.10"}
{"timestamp":"2025-07-12T11:38:14.730Z","pH":"6.76","conductivity":"108.71","pressure":"1.92","temperature":"30.91","fillLevel":"37.60","flow":"13.96","humidity":"44.91","co2":"423.28"}
{"timestamp":"2025-07-12T11:38:24.740Z","pH":"6.75","conductivity":"100.09","pressure":"3.19","temperature":"32.19","fillLevel":"60.72","flow":"12.98","humidity":"45.59","co2":"462.98"}
{"timestamp":"2025-07-12T11:38:34.743Z","pH":"7.73","conductivity":"101.49","pressure":"2.25","temperature":"34.30","fillLevel":"17.48","flow":"13.09","humidity":"40.25","co2":"424.15"}
{"timestamp":"2025-07-12T11:38:44.753Z","pH":"6.48","conductivity":"137.01","pressure":"4.54","temperature":"30.55","fillLevel":"88.97","flow":"14.90","humidity":"44.90","co2":"473.98"}
{"timestamp":"2025-07-12T11:38:54.760Z","pH":"6.27","conductivity":"111.61","pressure":"4.74","temperature":"22.50","fillLevel":"60.57","flow":"12.64","humidity":"45.54","co2":"413.74"}
