{"timestamp":"2025-07-12T11:57:05.587Z","pH":"6.57","conductivity":"126.44","pressure":"1.16","temperature":"25.08","fillLevel":"63.87","flow":"14.62","humidity":"32.57","co2":"455.20"}
{"timestamp":"2025-07-12T11:57:15.587Z","pH":"6.28","conductivity":"129.89","pressure":"3.79","temperature":"29.56","fillLevel":"45.92","flow":"13.11","humidity":"37.52","co2":"484.35"}
{"timestamp":"2025-07-12T11:57:25.599Z","pH":"6.41","conductivity":"112.17","pressure":"3.84","temperature":"20.76","fillLevel":"31.18","flow":"11.03","humidity":"45.32","co2":"435.99"}
{"timestamp":"2025-07-12T11:57:35.602Z","pH":"7.09","conductivity":"131.12","pressure":"4.64","temperature":"29.40","fillLevel":"32.28","flow":"13.34","humidity":"37.69","co2":"418.30"}
{"timestamp":"2025-07-12T11:57:45.614Z","pH":"7.52","conductivity":"117.33","pressure":"3.64","temperature":"22.07","fillLevel":"4.83","flow":"14.07","humidity":"40.44","co2":"480.64"}
{"timestamp":"2025-07-12T11:57:55.627Z","pH":"7.53","conductivity":"119.11","pressure":"2.30","temperature":"21.15","fillLevel":"0.20","flow":"10.73","humidity":"33.83","co2":"439.43"}
