{"timestamp":"2025-07-12T11:52:05.368Z","pH":"6.42","conductivity":"109.81","pressure":"4.32","temperature":"20.53","fillLevel":"72.10","flow":"10.95","humidity":"44.68","co2":"464.97"}
{"timestamp":"2025-07-12T11:52:15.369Z","pH":"6.00","conductivity":"123.62","pressure":"4.51","temperature":"23.27","fillLevel":"14.73","flow":"13.66","humidity":"42.64","co2":"458.98"}
{"timestamp":"2025-07-12T11:52:25.381Z","pH":"7.35","conductivity":"135.68","pressure":"5.89","temperature":"32.32","fillLevel":"98.09","flow":"12.56","humidity":"49.36","co2":"417.20"}
{"timestamp":"2025-07-12T11:52:35.390Z","pH":"7.63","conductivity":"132.73","pressure":"5.50","temperature":"25.54","fillLevel":"76.95","flow":"11.93","humidity":"45.39","co2":"493.89"}
{"timestamp":"2025-07-12T11:52:45.396Z","pH":"7.97","conductivity":"127.29","pressure":"2.88","temperature":"32.99","fillLevel":"73.08","flow":"12.98","humidity":"44.81","co2":"411.36"}
{"timestamp":"2025-07-12T11:52:55.407Z","pH":"6.94","conductivity":"146.35","pressure":"4.26","temperature":"25.41","fillLevel":"5.25","flow":"12.83","humidity":"40.58","co2":"449.70"}
