{"timestamp":"2025-07-12T11:48:05.214Z","pH":"7.47","conductivity":"140.47","pressure":"5.54","temperature":"34.10","fillLevel":"56.53","flow":"14.68","humidity":"48.68","co2":"474.02"}
{"timestamp":"2025-07-12T11:48:15.214Z","pH":"7.82","conductivity":"116.11","pressure":"2.20","temperature":"23.73","fillLevel":"36.93","flow":"14.30","humidity":"47.85","co2":"497.88"}
{"timestamp":"2025-07-12T11:48:25.225Z","pH":"7.81","conductivity":"126.33","pressure":"5.58","temperature":"29.93","fillLevel":"68.03","flow":"10.97","humidity":"44.87","co2":"433.30"}
{"timestamp":"2025-07-12T11:48:35.232Z","pH":"7.17","conductivity":"112.79","pressure":"5.81","temperature":"28.18","fillLevel":"13.67","flow":"12.06","humidity":"36.99","co2":"446.11"}
{"timestamp":"2025-07-12T11:48:45.234Z","pH":"7.88","conductivity":"119.71","pressure":"5.77","temperature":"22.76","fillLevel":"0.54","flow":"12.93","humidity":"49.15","co2":"482.95"}
{"timestamp":"2025-07-12T11:48:55.241Z","pH":"6.32","conductivity":"116.88","pressure":"5.26","temperature":"28.19","fillLevel":"46.43","flow":"11.06","humidity":"31.68","co2":"478.55"}
