{"timestamp":"2025-07-12T11:36:04.636Z","pH":"6.09","conductivity":"137.13","pressure":"3.76","temperature":"33.50","fillLevel":"75.67","flow":"13.93","humidity":"48.13","co2":"465.76"}
{"timestamp":"2025-07-12T11:36:14.647Z","pH":"6.47","conductivity":"100.64","pressure":"1.05","temperature":"23.87","fillLevel":"87.15","flow":"10.46","humidity":"30.71","co2":"436.39"}
{"timestamp":"2025-07-12T11:36:24.653Z","pH":"6.97","conductivity":"132.09","pressure":"4.87","temperature":"21.94","fillLevel":"6.77","flow":"12.95","humidity":"36.55","co2":"449.87"}
{"timestamp":"2025-07-12T11:36:34.664Z","pH":"7.02","conductivity":"130.05","pressure":"4.82","temperature":"22.53","fillLevel":"70.64","flow":"14.23","humidity":"43.54","co2":"459.52"}
{"timestamp":"2025-07-12T11:36:44.666Z","pH":"6.93","conductivity":"118.21","pressure":"5.82","temperature":"31.10","fillLevel":"59.06","flow":"11.36","humidity":"41.49","co2":"436.48"}
{"timestamp":"2025-07-12T11:36:54.666Z","pH":"6.78","conductivity":"126.00","pressure":"5.40","temperature":"25.00","fillLevel":"20.94","flow":"12.53","humidity":"42.19","co2":"401.69"}
