{"timestamp":"2025-07-12T11:47:05.156Z","pH":"7.63","conductivity":"124.61","pressure":"5.24","temperature":"33.41","fillLevel":"6.54","flow":"10.13","humidity":"45.33","co2":"410.65"}
{"timestamp":"2025-07-12T11:47:15.171Z","pH":"6.38","conductivity":"139.38","pressure":"2.19","temperature":"29.50","fillLevel":"24.82","flow":"10.94","humidity":"40.65","co2":"481.07"}
{"timestamp":"2025-07-12T11:47:25.183Z","pH":"6.43","conductivity":"148.73","pressure":"4.93","temperature":"31.59","fillLevel":"67.94","flow":"14.98","humidity":"47.36","co2":"411.40"}
{"timestamp":"2025-07-12T11:47:35.185Z","pH":"7.41","conductivity":"126.24","pressure":"3.16","temperature":"23.92","fillLevel":"53.59","flow":"13.46","humidity":"35.69","co2":"469.67"}
{"timestamp":"2025-07-12T11:47:45.199Z","pH":"6.42","conductivity":"147.05","pressure":"5.17","temperature":"31.58","fillLevel":"25.49","flow":"11.67","humidity":"34.98","co2":"488.03"}
{"timestamp":"2025-07-12T11:47:55.204Z","pH":"6.12","conductivity":"115.03","pressure":"4.75","temperature":"23.36","fillLevel":"73.22","flow":"11.05","humidity":"46.08","co2":"472.87"}
