{"timestamp":"2025-07-12T11:56:05.549Z","pH":"6.29","conductivity":"121.47","pressure":"2.10","temperature":"21.71","fillLevel":"40.16","flow":"11.48","humidity":"48.36","co2":"427.49"}
{"timestamp":"2025-07-12T11:56:15.558Z","pH":"6.89","conductivity":"123.54","pressure":"1.73","temperature":"33.32","fillLevel":"40.94","flow":"11.84","humidity":"38.28","co2":"409.15"}
{"timestamp":"2025-07-12T11:56:25.565Z","pH":"6.01","conductivity":"140.12","pressure":"1.03","temperature":"30.59","fillLevel":"8.36","flow":"13.91","humidity":"48.03","co2":"483.56"}
{"timestamp":"2025-07-12T11:56:35.571Z","pH":"6.19","conductivity":"134.36","pressure":"3.29","temperature":"25.62","fillLevel":"57.10","flow":"14.77","humidity":"34.82","co2":"469.80"}
{"timestamp":"2025-07-12T11:56:45.572Z","pH":"7.67","conductivity":"101.77","pressure":"3.95","temperature":"20.05","fillLevel":"51.92","flow":"14.84","humidity":"33.89","co2":"450.70"}
{"timestamp":"2025-07-12T11:56:55.573Z","pH":"7.93","conductivity":"138.63","pressure":"4.82","temperature":"34.85","fillLevel":"83.28","flow":"13.66","humidity":"30.67","co2":"495.22"}
