{"timestamp":"2025-07-12T11:35:04.599Z","pH":"7.42","conductivity":"109.73","pressure":"1.35","temperature":"31.78","fillLevel":"51.14","flow":"13.82","humidity":"43.42","co2":"438.44"}
{"timestamp":"2025-07-12T11:35:14.614Z","pH":"6.73","conductivity":"118.60","pressure":"1.29","temperature":"24.01","fillLevel":"27.14","flow":"10.98","humidity":"40.32","co2":"456.89"}
{"timestamp":"2025-07-12T11:35:24.620Z","pH":"6.55","conductivity":"145.22","pressure":"2.23","temperature":"31.44","fillLevel":"91.01","flow":"11.55","humidity":"40.45","co2":"436.52"}
{"timestamp":"2025-07-12T11:35:34.630Z","pH":"6.47","conductivity":"128.44","pressure":"5.38","temperature":"26.04","fillLevel":"92.34","flow":"14.82","humidity":"36.51","co2":"420.90"}
{"timestamp":"2025-07-12T11:35:44.630Z","pH":"7.29","conductivity":"123.33","pressure":"4.89","temperature":"20.35","fillLevel":"89.10","flow":"13.01","humidity":"35.86","co2":"488.25"}
{"timestamp":"2025-07-12T11:35:54.635Z","pH":"7.26","conductivity":"127.68","pressure":"4.56","temperature":"20.96","fillLevel":"37.30","flow":"13.17","humidity":"42.38","co2":"456.19"}
