{"timestamp":"2025-07-12T11:44:05.033Z","pH":"7.12","conductivity":"138.86","pressure":"2.99","temperature":"22.26","fillLevel":"13.52","flow":"10.39","humidity":"44.32","co2":"447.37"}
{"timestamp":"2025-07-12T11:44:15.041Z","pH":"7.01","conductivity":"108.90","pressure":"1.14","temperature":"22.82","fillLevel":"19.60","flow":"14.26","humidity":"30.83","co2":"423.35"}
{"timestamp":"2025-07-12T11:44:25.054Z","pH":"6.96","conductivity":"148.28","pressure":"2.34","temperature":"32.12","fillLevel":"97.33","flow":"14.44","humidity":"37.48","co2":"482.77"}
{"timestamp":"2025-07-12T11:44:35.063Z","pH":"6.31","conductivity":"107.67","pressure":"3.44","temperature":"23.30","fillLevel":"76.42","flow":"14.00","humidity":"40.73","co2":"492.65"}
{"timestamp":"2025-07-12T11:44:45.068Z","pH":"7.15","conductivity":"142.51","pressure":"2.62","temperature":"30.05","fillLevel":"55.31","flow":"11.60","humidity":"35.95","co2":"478.32"}
{"timestamp":"2025-07-12T11:44:55.073Z","pH":"6.42","conductivity":"133.72","pressure":"1.52","temperature":"26.58","fillLevel":"87.35","flow":"13.55","humidity":"32.70","co2":"421.11"}
