{"timestamp":"2025-07-12T11:45:05.075Z","pH":"6.76","conductivity":"142.74","pressure":"3.28","temperature":"23.08","fillLevel":"49.81","flow":"14.52","humidity":"30.90","co2":"413.74"}
{"timestamp":"2025-07-12T11:45:15.081Z","pH":"7.40","conductivity":"102.50","pressure":"5.01","temperature":"29.05","fillLevel":"19.46","flow":"12.88","humidity":"46.53","co2":"425.05"}
{"timestamp":"2025-07-12T11:45:25.083Z","pH":"6.78","conductivity":"148.36","pressure":"5.49","temperature":"31.22","fillLevel":"51.98","flow":"12.67","humidity":"38.51","co2":"488.16"}
{"timestamp":"2025-07-12T11:45:35.093Z","pH":"6.60","conductivity":"143.98","pressure":"1.41","temperature":"23.81","fillLevel":"78.57","flow":"10.76","humidity":"49.75","co2":"411.71"}
{"timestamp":"2025-07-12T11:45:45.098Z","pH":"7.43","conductivity":"142.65","pressure":"3.98","temperature":"25.20","fillLevel":"41.83","flow":"11.46","humidity":"36.24","co2":"476.18"}
{"timestamp":"2025-07-12T11:45:55.113Z","pH":"6.01","conductivity":"106.84","pressure":"4.51","temperature":"33.18","fillLevel":"51.80","flow":"11.40","humidity":"33.38","co2":"495.85"}
