{"timestamp":"2025-07-12T11:46:05.116Z","pH":"6.12","conductivity":"141.85","pressure":"2.97","temperature":"33.61","fillLevel":"3.84","flow":"11.84","humidity":"31.40","co2":"462.86"}
{"timestamp":"2025-07-12T11:46:15.125Z","pH":"7.64","conductivity":"142.41","pressure":"3.81","temperature":"25.99","fillLevel":"96.95","flow":"12.59","humidity":"32.92","co2":"449.29"}
{"timestamp":"2025-07-12T11:46:25.131Z","pH":"7.84","conductivity":"134.11","pressure":"5.11","temperature":"23.31","fillLevel":"58.95","flow":"14.97","humidity":"33.99","co2":"411.35"}
{"timestamp":"2025-07-12T11:46:35.138Z","pH":"6.27","conductivity":"124.51","pressure":"3.72","temperature":"32.22","fillLevel":"82.58","flow":"12.47","humidity":"46.15","co2":"494.98"}
{"timestamp":"2025-07-12T11:46:45.145Z","pH":"7.11","conductivity":"149.59","pressure":"3.56","temperature":"22.13","fillLevel":"33.17","flow":"11.95","humidity":"38.02","co2":"496.14"}
{"timestamp":"2025-07-12T11:46:55.149Z","pH":"7.70","conductivity":"108.59","pressure":"3.48","temperature":"23.73","fillLevel":"86.53","flow":"11.39","humidity":"35.98","co2":"422.77"}
