{"timestamp":"2025-07-12T11:53:05.409Z","pH":"6.39","conductivity":"132.17","pressure":"5.60","temperature":"31.05","fillLevel":"37.68","flow":"13.19","humidity":"47.00","co2":"412.89"}
{"timestamp":"2025-07-12T11:53:15.424Z","pH":"6.64","conductivity":"142.41","pressure":"2.41","temperature":"33.73","fillLevel":"46.53","flow":"11.85","humidity":"46.09","co2":"461.29"}
{"timestamp":"2025-07-12T11:53:25.431Z","pH":"7.30","conductivity":"107.44","pressure":"4.67","temperature":"20.83","fillLevel":"12.84","flow":"12.33","humidity":"33.91","co2":"485.61"}
{"timestamp":"2025-07-12T11:53:35.431Z","pH":"6.86","conductivity":"111.86","pressure":"4.76","temperature":"30.63","fillLevel":"73.26","flow":"11.33","humidity":"45.82","co2":"401.00"}
{"timestamp":"2025-07-12T11:53:45.441Z","pH":"6.08","conductivity":"144.78","pressure":"1.71","temperature":"32.76","fillLevel":"91.62","flow":"12.84","humidity":"33.39","co2":"436.44"}
{"timestamp":"2025-07-12T11:53:55.448Z","pH":"7.25","conductivity":"143.68","pressure":"3.38","temperature":"30.56","fillLevel":"99.65","flow":"12.04","humidity":"37.90","co2":"428.40"}
