{"timestamp":"2025-07-12T11:55:05.492Z","pH":"7.83","conductivity":"110.16","pressure":"3.68","temperature":"34.26","fillLevel":"94.11","flow":"11.34","humidity":"36.12","co2":"477.78"}
{"timestamp":"2025-07-12T11:55:15.504Z","pH":"6.40","conductivity":"105.99","pressure":"1.14","temperature":"25.31","fillLevel":"55.56","flow":"14.93","humidity":"34.36","co2":"458.03"}
{"timestamp":"2025-07-12T11:55:25.515Z","pH":"7.65","conductivity":"114.71","pressure":"4.32","temperature":"33.29","fillLevel":"36.60","flow":"13.19","humidity":"44.69","co2":"476.22"}
{"timestamp":"2025-07-12T11:55:35.515Z","pH":"6.42","conductivity":"143.91","pressure":"5.26","temperature":"28.90","fillLevel":"66.17","flow":"13.87","humidity":"46.43","co2":"477.02"}
{"timestamp":"2025-07-12T11:55:45.523Z","pH":"7.81","conductivity":"108.93","pressure":"1.64","temperature":"31.35","fillLevel":"8.74","flow":"13.25","humidity":"42.08","co2":"405.76"}
{"timestamp":"2025-07-12T11:55:55.536Z","pH":"6.78","conductivity":"123.16","pressure":"2.68","temperature":"20.57","fillLevel":"21.26","flow":"12.73","humidity":"30.30","co2":"461.73"}
