{"timestamp":"2025-07-12T11:49:05.244Z","pH":"7.65","conductivity":"110.68","pressure":"4.51","temperature":"23.93","fillLevel":"56.70","flow":"11.00","humidity":"36.23","co2":"419.41"}
{"timestamp":"2025-07-12T11:49:15.255Z","pH":"6.47","conductivity":"112.41","pressure":"5.87","temperature":"22.31","fillLevel":"88.61","flow":"11.84","humidity":"39.52","co2":"441.43"}
{"timestamp":"2025-07-12T11:49:25.259Z","pH":"6.78","conductivity":"142.57","pressure":"5.10","temperature":"20.94","fillLevel":"52.80","flow":"11.19","humidity":"37.01","co2":"403.03"}
{"timestamp":"2025-07-12T11:49:35.272Z","pH":"7.79","conductivity":"108.80","pressure":"4.36","temperature":"28.02","fillLevel":"98.28","flow":"12.86","humidity":"40.83","co2":"444.02"}
{"timestamp":"2025-07-12T11:49:45.275Z","pH":"7.06","conductivity":"142.33","pressure":"4.01","temperature":"31.75","fillLevel":"5.54","flow":"13.68","humidity":"40.00","co2":"486.94"}
{"timestamp":"2025-07-12T11:49:55.278Z","pH":"6.56","conductivity":"105.96","pressure":"3.46","temperature":"30.96","fillLevel":"93.99","flow":"11.37","humidity":"45.99","co2":"496.52"}
