{"timestamp":"2025-07-12T11:43:04.986Z","pH":"7.17","conductivity":"118.33","pressure":"3.64","temperature":"24.35","fillLevel":"69.26","flow":"10.51","humidity":"46.43","co2":"421.48"}
{"timestamp":"2025-07-12T11:43:15.000Z","pH":"7.66","conductivity":"137.19","pressure":"4.81","temperature":"24.21","fillLevel":"94.83","flow":"12.72","humidity":"47.93","co2":"477.71"}
{"timestamp":"2025-07-12T11:43:25.004Z","pH":"6.80","conductivity":"105.76","pressure":"2.52","temperature":"32.26","fillLevel":"26.46","flow":"14.94","humidity":"36.80","co2":"404.87"}
{"timestamp":"2025-07-12T11:43:35.016Z","pH":"7.36","conductivity":"111.76","pressure":"4.23","temperature":"23.17","fillLevel":"55.08","flow":"11.87","humidity":"43.21","co2":"419.57"}
{"timestamp":"2025-07-12T11:43:45.026Z","pH":"7.30","conductivity":"109.86","pressure":"4.57","temperature":"21.27","fillLevel":"2.44","flow":"10.48","humidity":"34.34","co2":"414.74"}
{"timestamp":"2025-07-12T11:43:55.030Z","pH":"7.75","conductivity":"140.01","pressure":"2.67","temperature":"32.70","fillLevel":"42.41","flow":"10.08","humidity":"30.22","co2":"461.06"}
