{"timestamp":"2025-07-12T13:19:04.164Z","pH":"6.82","conductivity":"137.48","pressure":"1.99","temperature":"32.13","fillLevel":"71.91","flow":"13.39","humidity":"43.14","co2":"478.90"}
{"timestamp":"2025-07-12T13:19:14.175Z","pH":"6.30","conductivity":"107.28","pressure":"2.15","temperature":"21.66","fillLevel":"16.30","flow":"10.32","humidity":"42.66","co2":"451.23"}
{"timestamp":"2025-07-12T13:19:24.175Z","pH":"7.33","conductivity":"114.87","pressure":"1.34","temperature":"33.87","fillLevel":"62.43","flow":"11.09","humidity":"45.45","co2":"430.47"}
{"timestamp":"2025-07-12T13:19:34.185Z","pH":"6.32","conductivity":"115.64","pressure":"5.73","temperature":"33.95","fillLevel":"27.30","flow":"10.31","humidity":"38.92","co2":"473.69"}
{"timestamp":"2025-07-12T13:19:44.195Z","pH":"6.92","conductivity":"131.34","pressure":"2.95","temperature":"22.55","fillLevel":"68.30","flow":"12.72","humidity":"37.59","co2":"408.96"}
{"timestamp":"2025-07-12T13:19:54.209Z","pH":"7.99","conductivity":"141.52","pressure":"2.48","temperature":"21.60","fillLevel":"97.02","flow":"13.37","humidity":"35.39","co2":"467.54"}
