{"timestamp":"2025-07-12T13:20:04.221Z","pH":"7.79","conductivity":"117.25","pressure":"1.90","temperature":"34.88","fillLevel":"35.17","flow":"12.06","humidity":"42.48","co2":"451.70"}
{"timestamp":"2025-07-12T13:20:14.227Z","pH":"6.94","conductivity":"134.86","pressure":"4.47","temperature":"24.71","fillLevel":"54.73","flow":"11.72","humidity":"30.68","co2":"435.21"}
{"timestamp":"2025-07-12T13:20:24.234Z","pH":"6.22","conductivity":"145.39","pressure":"3.98","temperature":"25.29","fillLevel":"46.23","flow":"13.36","humidity":"39.75","co2":"422.91"}
{"timestamp":"2025-07-12T13:20:34.239Z","pH":"6.42","conductivity":"106.95","pressure":"5.99","temperature":"32.65","fillLevel":"47.03","flow":"14.88","humidity":"41.45","co2":"446.16"}
{"timestamp":"2025-07-12T13:20:44.243Z","pH":"6.50","conductivity":"144.76","pressure":"2.67","temperature":"27.36","fillLevel":"89.64","flow":"14.20","humidity":"42.48","co2":"469.61"}
{"timestamp":"2025-07-12T13:20:54.257Z","pH":"6.46","conductivity":"100.86","pressure":"1.21","temperature":"26.59","fillLevel":"52.99","flow":"10.63","humidity":"31.10","co2":"457.57"}
