{"timestamp":"2025-07-12T13:30:04.730Z","pH":"6.57","conductivity":"112.01","pressure":"3.61","temperature":"20.48","fillLevel":"0.29","flow":"12.71","humidity":"48.42","co2":"462.58"}
{"timestamp":"2025-07-12T13:30:14.739Z","pH":"6.74","conductivity":"130.78","pressure":"2.54","temperature":"34.76","fillLevel":"48.39","flow":"11.71","humidity":"39.91","co2":"407.05"}
{"timestamp":"2025-07-12T13:30:24.741Z","pH":"6.52","conductivity":"124.91","pressure":"4.33","temperature":"29.67","fillLevel":"19.11","flow":"11.20","humidity":"31.46","co2":"484.14"}
{"timestamp":"2025-07-12T13:30:34.743Z","pH":"7.24","conductivity":"129.30","pressure":"4.46","temperature":"25.59","fillLevel":"80.58","flow":"10.99","humidity":"48.20","co2":"494.29"}
{"timestamp":"2025-07-12T13:30:44.750Z","pH":"7.70","conductivity":"144.49","pressure":"4.09","temperature":"22.53","fillLevel":"17.04","flow":"10.89","humidity":"35.97","co2":"481.15"}
{"timestamp":"2025-07-12T13:30:54.751Z","pH":"6.45","conductivity":"125.39","pressure":"2.49","temperature":"22.95","fillLevel":"22.64","flow":"14.00","humidity":"39.21","co2":"407.55"}
