{"timestamp":"2025-07-12T13:25:04.442Z","pH":"6.10","conductivity":"117.09","pressure":"5.79","temperature":"22.43","fillLevel":"57.73","flow":"11.32","humidity":"32.71","co2":"485.42"}
{"timestamp":"2025-07-12T13:25:14.453Z","pH":"6.37","conductivity":"126.94","pressure":"4.85","temperature":"29.97","fillLevel":"40.37","flow":"10.71","humidity":"36.96","co2":"468.47"}
{"timestamp":"2025-07-12T13:25:24.466Z","pH":"6.65","conductivity":"102.95","pressure":"3.19","temperature":"30.55","fillLevel":"88.07","flow":"12.22","humidity":"42.76","co2":"410.66"}
{"timestamp":"2025-07-12T13:25:34.477Z","pH":"6.22","conductivity":"112.79","pressure":"1.60","temperature":"32.80","fillLevel":"84.54","flow":"11.51","humidity":"35.31","co2":"420.38"}
{"timestamp":"2025-07-12T13:25:44.482Z","pH":"6.03","conductivity":"132.05","pressure":"5.99","temperature":"28.60","fillLevel":"57.66","flow":"10.21","humidity":"34.63","co2":"463.38"}
{"timestamp":"2025-07-12T13:25:54.495Z","pH":"7.67","conductivity":"133.26","pressure":"4.40","temperature":"25.80","fillLevel":"2.14","flow":"12.46","humidity":"48.52","co2":"430.59"}
