{"timestamp":"2025-07-12T13:27:04.559Z","pH":"6.76","conductivity":"135.75","pressure":"5.89","temperature":"31.95","fillLevel":"44.34","flow":"12.11","humidity":"31.55","co2":"414.52"}
{"timestamp":"2025-07-12T13:27:14.569Z","pH":"7.98","conductivity":"110.48","pressure":"1.80","temperature":"34.26","fillLevel":"28.79","flow":"14.61","humidity":"43.76","co2":"476.81"}
{"timestamp":"2025-07-12T13:27:24.578Z","pH":"6.96","conductivity":"133.21","pressure":"2.26","temperature":"24.63","fillLevel":"46.49","flow":"14.49","humidity":"35.06","co2":"467.71"}
{"timestamp":"2025-07-12T13:27:34.593Z","pH":"7.67","conductivity":"144.67","pressure":"1.45","temperature":"20.92","fillLevel":"76.22","flow":"11.11","humidity":"47.79","co2":"469.17"}
{"timestamp":"2025-07-12T13:27:44.604Z","pH":"6.22","conductivity":"149.21","pressure":"5.81","temperature":"20.90","fillLevel":"9.02","flow":"13.47","humidity":"32.29","co2":"456.51"}
{"timestamp":"2025-07-12T13:27:54.619Z","pH":"7.31","conductivity":"116.07","pressure":"1.05","temperature":"31.13","fillLevel":"86.95","flow":"12.87","humidity":"33.14","co2":"471.40"}
