{"timestamp":"2025-07-12T13:14:06.111Z","pH":"7.37","conductivity":"108.94","pressure":"5.79","temperature":"23.09","fillLevel":"1.92","flow":"12.76","humidity":"35.37","co2":"422.02"}
{"timestamp":"2025-07-12T13:14:16.126Z","pH":"7.19","conductivity":"125.12","pressure":"4.59","temperature":"26.64","fillLevel":"71.99","flow":"12.52","humidity":"43.87","co2":"472.74"}
{"timestamp":"2025-07-12T13:14:26.128Z","pH":"7.21","conductivity":"145.55","pressure":"2.27","temperature":"30.89","fillLevel":"69.25","flow":"11.72","humidity":"39.44","co2":"473.93"}
{"timestamp":"2025-07-12T13:14:36.129Z","pH":"6.89","conductivity":"130.37","pressure":"2.46","temperature":"27.16","fillLevel":"88.21","flow":"12.76","humidity":"46.66","co2":"403.33"}
