{"timestamp":"2025-07-12T13:01:06.166Z","pH":"7.67","conductivity":"120.44","pressure":"2.73","temperature":"34.32","fillLevel":"41.81","flow":"12.47","humidity":"33.40","co2":"413.51"}
{"timestamp":"2025-07-12T13:01:16.173Z","pH":"6.94","conductivity":"128.50","pressure":"5.93","temperature":"20.65","fillLevel":"92.32","flow":"10.19","humidity":"38.03","co2":"455.93"}
{"timestamp":"2025-07-12T13:01:26.183Z","pH":"7.03","conductivity":"118.57","pressure":"1.68","temperature":"21.05","fillLevel":"68.65","flow":"12.57","humidity":"42.10","co2":"467.34"}
{"timestamp":"2025-07-12T13:01:36.184Z","pH":"6.37","conductivity":"135.15","pressure":"3.78","temperature":"22.80","fillLevel":"73.54","flow":"14.81","humidity":"48.38","co2":"498.41"}
{"timestamp":"2025-07-12T13:01:46.193Z","pH":"7.01","conductivity":"114.60","pressure":"3.59","temperature":"28.16","fillLevel":"46.56","flow":"10.75","humidity":"43.82","co2":"413.41"}
{"timestamp":"2025-07-12T13:01:56.200Z","pH":"7.56","conductivity":"105.79","pressure":"3.98","temperature":"30.81","fillLevel":"27.42","flow":"12.74","humidity":"41.42","co2":"480.23"}
