{"timestamp":"2025-07-12T13:10:03.658Z","pH":"6.60","conductivity":"139.91","pressure":"3.10","temperature":"20.79","fillLevel":"33.93","flow":"14.52","humidity":"46.58","co2":"408.28"}
{"timestamp":"2025-07-12T13:10:13.659Z","pH":"6.83","conductivity":"129.12","pressure":"5.54","temperature":"20.32","fillLevel":"60.97","flow":"12.36","humidity":"49.77","co2":"420.70"}
{"timestamp":"2025-07-12T13:10:23.666Z","pH":"6.62","conductivity":"126.42","pressure":"4.10","temperature":"28.46","fillLevel":"96.63","flow":"11.98","humidity":"41.53","co2":"422.08"}
{"timestamp":"2025-07-12T13:10:33.674Z","pH":"6.80","conductivity":"105.47","pressure":"5.34","temperature":"21.41","fillLevel":"13.54","flow":"10.02","humidity":"33.14","co2":"479.33"}
{"timestamp":"2025-07-12T13:10:43.677Z","pH":"6.74","conductivity":"116.05","pressure":"2.20","temperature":"34.64","fillLevel":"32.68","flow":"12.14","humidity":"37.32","co2":"434.64"}
{"timestamp":"2025-07-12T13:10:53.690Z","pH":"7.13","conductivity":"122.57","pressure":"5.35","temperature":"28.35","fillLevel":"54.40","flow":"13.60","humidity":"47.42","co2":"468.45"}
