{"timestamp":"2025-07-12T13:16:04.010Z","pH":"6.27","conductivity":"129.13","pressure":"1.59","temperature":"23.08","fillLevel":"77.75","flow":"12.89","humidity":"40.97","co2":"486.07"}
{"timestamp":"2025-07-12T13:16:14.017Z","pH":"6.46","conductivity":"134.64","pressure":"1.00","temperature":"20.48","fillLevel":"67.78","flow":"14.28","humidity":"32.91","co2":"479.64"}
{"timestamp":"2025-07-12T13:16:24.024Z","pH":"7.15","conductivity":"111.13","pressure":"5.41","temperature":"27.79","fillLevel":"56.15","flow":"13.59","humidity":"31.20","co2":"454.72"}
{"timestamp":"2025-07-12T13:16:34.037Z","pH":"7.28","conductivity":"108.85","pressure":"3.56","temperature":"26.64","fillLevel":"73.37","flow":"14.25","humidity":"35.70","co2":"480.39"}
{"timestamp":"2025-07-12T13:16:44.050Z","pH":"7.27","conductivity":"106.57","pressure":"1.01","temperature":"30.79","fillLevel":"25.43","flow":"14.95","humidity":"49.91","co2":"480.86"}
{"timestamp":"2025-07-12T13:16:54.061Z","pH":"6.73","conductivity":"118.23","pressure":"4.55","temperature":"26.11","fillLevel":"60.83","flow":"14.09","humidity":"32.97","co2":"458.66"}
