{"timestamp":"2025-07-12T13:00:06.025Z","pH":"7.32","conductivity":"135.84","pressure":"3.64","temperature":"25.60","fillLevel":"67.96","flow":"11.35","humidity":"46.44","co2":"431.57"}
{"timestamp":"2025-07-12T13:00:16.127Z","pH":"7.76","conductivity":"128.68","pressure":"1.73","temperature":"29.76","fillLevel":"90.27","flow":"14.80","humidity":"43.88","co2":"464.18"}
{"timestamp":"2025-07-12T13:00:26.134Z","pH":"6.35","conductivity":"134.92","pressure":"2.24","temperature":"27.70","fillLevel":"56.50","flow":"12.95","humidity":"31.53","co2":"435.01"}
{"timestamp":"2025-07-12T13:00:36.135Z","pH":"6.65","conductivity":"141.04","pressure":"1.98","temperature":"21.50","fillLevel":"85.90","flow":"10.21","humidity":"33.63","co2":"420.98"}
{"timestamp":"2025-07-12T13:00:46.149Z","pH":"7.97","conductivity":"120.85","pressure":"3.56","temperature":"32.53","fillLevel":"33.10","flow":"11.62","humidity":"48.19","co2":"436.10"}
{"timestamp":"2025-07-12T13:00:56.161Z","pH":"7.20","conductivity":"103.43","pressure":"5.64","temperature":"25.50","fillLevel":"81.97","flow":"13.90","humidity":"32.58","co2":"404.47"}
