{"timestamp":"2025-07-12T13:24:04.391Z","pH":"7.05","conductivity":"141.46","pressure":"5.98","temperature":"30.02","fillLevel":"13.72","flow":"10.73","humidity":"43.53","co2":"457.97"}
{"timestamp":"2025-07-12T13:24:14.399Z","pH":"6.85","conductivity":"138.69","pressure":"4.52","temperature":"33.63","fillLevel":"17.40","flow":"11.00","humidity":"40.08","co2":"454.44"}
{"timestamp":"2025-07-12T13:24:24.408Z","pH":"6.35","conductivity":"147.40","pressure":"1.55","temperature":"21.85","fillLevel":"73.12","flow":"13.39","humidity":"47.33","co2":"472.33"}
{"timestamp":"2025-07-12T13:24:34.423Z","pH":"6.09","conductivity":"100.30","pressure":"2.30","temperature":"31.15","fillLevel":"43.30","flow":"11.24","humidity":"46.66","co2":"406.40"}
{"timestamp":"2025-07-12T13:24:44.430Z","pH":"7.91","conductivity":"146.86","pressure":"5.92","temperature":"26.35","fillLevel":"3.61","flow":"12.06","humidity":"31.02","co2":"417.58"}
{"timestamp":"2025-07-12T13:24:54.430Z","pH":"6.48","conductivity":"129.02","pressure":"4.80","temperature":"27.53","fillLevel":"39.31","flow":"14.39","humidity":"41.64","co2":"413.74"}
