{"timestamp":"2025-07-12T13:26:04.506Z","pH":"7.13","conductivity":"117.87","pressure":"5.52","temperature":"24.90","fillLevel":"65.37","flow":"11.07","humidity":"32.34","co2":"444.77"}
{"timestamp":"2025-07-12T13:26:14.514Z","pH":"6.14","conductivity":"111.47","pressure":"1.66","temperature":"28.80","fillLevel":"28.95","flow":"12.20","humidity":"43.30","co2":"479.25"}
{"timestamp":"2025-07-12T13:26:24.523Z","pH":"6.38","conductivity":"113.83","pressure":"1.55","temperature":"34.27","fillLevel":"99.14","flow":"13.12","humidity":"34.07","co2":"459.84"}
{"timestamp":"2025-07-12T13:26:34.538Z","pH":"7.91","conductivity":"122.31","pressure":"2.29","temperature":"22.72","fillLevel":"42.35","flow":"12.35","humidity":"39.70","co2":"414.56"}
{"timestamp":"2025-07-12T13:26:44.545Z","pH":"6.84","conductivity":"124.89","pressure":"5.07","temperature":"25.50","fillLevel":"7.26","flow":"14.46","humidity":"32.86","co2":"471.85"}
{"timestamp":"2025-07-12T13:26:54.550Z","pH":"6.06","conductivity":"120.09","pressure":"2.04","temperature":"21.32","fillLevel":"27.41","flow":"13.79","humidity":"48.66","co2":"482.23"}
