{"timestamp":"2025-07-12T13:02:06.204Z","pH":"6.20","conductivity":"133.13","pressure":"2.91","temperature":"26.88","fillLevel":"14.51","flow":"13.27","humidity":"40.63","co2":"446.11"}
{"timestamp":"2025-07-12T13:02:16.214Z","pH":"7.55","conductivity":"120.94","pressure":"5.59","temperature":"31.58","fillLevel":"81.81","flow":"10.47","humidity":"37.15","co2":"457.57"}
{"timestamp":"2025-07-12T13:02:26.228Z","pH":"7.81","conductivity":"100.78","pressure":"5.58","temperature":"29.13","fillLevel":"41.24","flow":"10.14","humidity":"41.90","co2":"415.81"}
{"timestamp":"2025-07-12T13:02:36.241Z","pH":"6.46","conductivity":"108.11","pressure":"4.23","temperature":"27.49","fillLevel":"7.62","flow":"14.39","humidity":"30.77","co2":"420.69"}
{"timestamp":"2025-07-12T13:02:46.255Z","pH":"6.16","conductivity":"128.55","pressure":"3.81","temperature":"31.46","fillLevel":"22.09","flow":"13.52","humidity":"44.46","co2":"434.72"}
{"timestamp":"2025-07-12T13:02:56.271Z","pH":"7.66","conductivity":"145.91","pressure":"3.24","temperature":"31.58","fillLevel":"27.18","flow":"14.00","humidity":"45.08","co2":"451.43"}
