{"timestamp":"2025-07-12T13:07:02.086Z","pH":"7.67","conductivity":"148.96","pressure":"1.90","temperature":"31.27","fillLevel":"35.68","flow":"14.54","humidity":"42.63","co2":"449.73"}
{"timestamp":"2025-07-12T13:07:12.090Z","pH":"7.62","conductivity":"119.28","pressure":"1.82","temperature":"24.13","fillLevel":"60.67","flow":"11.43","humidity":"42.31","co2":"453.57"}
{"timestamp":"2025-07-12T13:07:22.105Z","pH":"7.07","conductivity":"121.29","pressure":"1.65","temperature":"30.74","fillLevel":"75.78","flow":"14.90","humidity":"44.00","co2":"403.26"}
{"timestamp":"2025-07-12T13:07:32.108Z","pH":"6.87","conductivity":"116.46","pressure":"4.19","temperature":"31.45","fillLevel":"99.09","flow":"13.56","humidity":"32.88","co2":"434.82"}
{"timestamp":"2025-07-12T13:07:43.556Z","pH":"6.62","conductivity":"143.20","pressure":"3.79","temperature":"27.41","fillLevel":"57.94","flow":"13.54","humidity":"43.75","co2":"478.56"}
{"timestamp":"2025-07-12T13:07:53.558Z","pH":"7.87","conductivity":"125.06","pressure":"3.62","temperature":"21.67","fillLevel":"42.77","flow":"12.84","humidity":"38.64","co2":"402.40"}
