{"timestamp":"2025-07-12T13:09:03.609Z","pH":"6.67","conductivity":"130.69","pressure":"2.39","temperature":"26.03","fillLevel":"45.90","flow":"12.14","humidity":"47.82","co2":"412.56"}
{"timestamp":"2025-07-12T13:09:13.623Z","pH":"7.32","conductivity":"125.59","pressure":"5.37","temperature":"26.44","fillLevel":"40.75","flow":"11.93","humidity":"37.63","co2":"469.38"}
{"timestamp":"2025-07-12T13:09:23.628Z","pH":"6.48","conductivity":"148.38","pressure":"5.55","temperature":"26.83","fillLevel":"48.05","flow":"10.60","humidity":"39.55","co2":"497.84"}
{"timestamp":"2025-07-12T13:09:33.635Z","pH":"7.49","conductivity":"147.72","pressure":"4.04","temperature":"28.09","fillLevel":"1.07","flow":"10.23","humidity":"47.40","co2":"498.13"}
{"timestamp":"2025-07-12T13:09:43.642Z","pH":"6.44","conductivity":"103.49","pressure":"2.30","temperature":"27.45","fillLevel":"0.17","flow":"13.71","humidity":"31.18","co2":"482.24"}
{"timestamp":"2025-07-12T13:09:53.646Z","pH":"7.95","conductivity":"140.25","pressure":"3.62","temperature":"24.01","fillLevel":"32.12","flow":"13.57","humidity":"49.18","co2":"459.29"}
