{"timestamp":"2025-07-12T13:11:03.696Z","pH":"7.86","conductivity":"149.58","pressure":"2.93","temperature":"24.02","fillLevel":"19.54","flow":"10.04","humidity":"47.58","co2":"432.39"}
{"timestamp":"2025-07-12T13:11:13.703Z","pH":"7.47","conductivity":"116.60","pressure":"2.15","temperature":"28.37","fillLevel":"69.57","flow":"14.50","humidity":"47.62","co2":"466.23"}
{"timestamp":"2025-07-12T13:11:23.702Z","pH":"7.05","conductivity":"149.69","pressure":"3.93","temperature":"25.79","fillLevel":"47.41","flow":"10.60","humidity":"49.60","co2":"473.67"}
{"timestamp":"2025-07-12T13:11:33.710Z","pH":"7.71","conductivity":"140.86","pressure":"3.30","temperature":"26.50","fillLevel":"61.29","flow":"10.48","humidity":"38.04","co2":"418.44"}
{"timestamp":"2025-07-12T13:11:49.393Z","pH":"7.88","conductivity":"119.61","pressure":"4.04","temperature":"30.13","fillLevel":"52.74","flow":"11.92","humidity":"48.00","co2":"410.75"}
{"timestamp":"2025-07-12T13:11:59.393Z","pH":"6.58","conductivity":"130.92","pressure":"5.45","temperature":"20.15","fillLevel":"12.16","flow":"14.64","humidity":"33.34","co2":"466.91"}
