{"timestamp":"2025-07-12T13:18:04.116Z","pH":"7.40","conductivity":"112.97","pressure":"3.97","temperature":"32.80","fillLevel":"27.74","flow":"10.29","humidity":"45.53","co2":"456.25"}
{"timestamp":"2025-07-12T13:18:14.122Z","pH":"7.26","conductivity":"101.91","pressure":"1.88","temperature":"27.24","fillLevel":"0.85","flow":"11.19","humidity":"35.92","co2":"427.99"}
{"timestamp":"2025-07-12T13:18:24.123Z","pH":"6.64","conductivity":"110.98","pressure":"2.19","temperature":"23.92","fillLevel":"14.77","flow":"10.19","humidity":"42.35","co2":"429.24"}
{"timestamp":"2025-07-12T13:18:34.131Z","pH":"6.12","conductivity":"104.50","pressure":"3.76","temperature":"24.37","fillLevel":"15.11","flow":"11.93","humidity":"33.33","co2":"425.18"}
{"timestamp":"2025-07-12T13:18:44.143Z","pH":"6.89","conductivity":"111.82","pressure":"3.37","temperature":"32.16","fillLevel":"90.00","flow":"10.37","humidity":"41.59","co2":"477.82"}
{"timestamp":"2025-07-12T13:18:54.154Z","pH":"6.87","conductivity":"137.09","pressure":"1.65","temperature":"33.09","fillLevel":"69.24","flow":"10.50","humidity":"40.36","co2":"480.47"}
