{"timestamp":"2025-07-12T13:21:04.265Z","pH":"6.17","conductivity":"129.74","pressure":"1.53","temperature":"21.80","fillLevel":"54.25","flow":"11.27","humidity":"44.20","co2":"427.90"}
{"timestamp":"2025-07-12T13:21:14.265Z","pH":"7.79","conductivity":"144.38","pressure":"1.26","temperature":"27.80","fillLevel":"37.47","flow":"10.63","humidity":"44.83","co2":"438.96"}
{"timestamp":"2025-07-12T13:21:24.270Z","pH":"6.49","conductivity":"138.94","pressure":"4.00","temperature":"26.76","fillLevel":"66.56","flow":"12.26","humidity":"46.52","co2":"438.52"}
{"timestamp":"2025-07-12T13:21:34.278Z","pH":"6.74","conductivity":"148.65","pressure":"1.77","temperature":"30.44","fillLevel":"91.69","flow":"14.33","humidity":"39.98","co2":"458.41"}
{"timestamp":"2025-07-12T13:21:44.283Z","pH":"7.70","conductivity":"137.93","pressure":"4.13","temperature":"34.57","fillLevel":"38.87","flow":"12.21","humidity":"41.65","co2":"405.47"}
{"timestamp":"2025-07-12T13:21:54.291Z","pH":"7.02","conductivity":"100.30","pressure":"5.73","temperature":"22.53","fillLevel":"73.37","flow":"14.74","humidity":"30.31","co2":"400.85"}
