{"timestamp":"2025-07-12T13:05:08.066Z","pH":"6.68","conductivity":"137.83","pressure":"5.08","temperature":"28.71","fillLevel":"56.30","flow":"12.27","humidity":"38.20","co2":"463.01"}
{"timestamp":"2025-07-12T13:05:18.078Z","pH":"6.64","conductivity":"126.11","pressure":"1.77","temperature":"20.16","fillLevel":"2.13","flow":"10.41","humidity":"30.99","co2":"454.05"}
{"timestamp":"2025-07-12T13:05:28.082Z","pH":"7.00","conductivity":"146.92","pressure":"3.61","temperature":"27.44","fillLevel":"80.56","flow":"13.56","humidity":"31.04","co2":"439.54"}
{"timestamp":"2025-07-12T13:05:38.084Z","pH":"7.59","conductivity":"122.87","pressure":"1.52","temperature":"22.16","fillLevel":"84.48","flow":"11.67","humidity":"31.39","co2":"433.83"}
{"timestamp":"2025-07-12T13:05:48.086Z","pH":"7.49","conductivity":"133.48","pressure":"2.79","temperature":"33.11","fillLevel":"13.82","flow":"12.53","humidity":"44.86","co2":"482.67"}
