{"timestamp":"2025-07-12T13:31:10.321Z","pH":"7.05","conductivity":"127.26","pressure":"4.35","temperature":"29.12","fillLevel":"58.73","flow":"10.23","humidity":"33.62","co2":"464.55"}
{"timestamp":"2025-07-12T13:31:20.327Z","pH":"6.05","conductivity":"100.23","pressure":"1.45","temperature":"23.04","fillLevel":"36.28","flow":"12.42","humidity":"31.80","co2":"413.85"}
{"timestamp":"2025-07-12T13:31:30.328Z","pH":"7.37","conductivity":"148.61","pressure":"3.15","temperature":"21.68","fillLevel":"18.90","flow":"10.46","humidity":"30.68","co2":"440.70"}
{"timestamp":"2025-07-12T13:31:40.341Z","pH":"6.01","conductivity":"127.66","pressure":"3.94","temperature":"32.03","fillLevel":"56.84","flow":"10.29","humidity":"43.43","co2":"484.24"}
{"timestamp":"2025-07-12T13:31:50.355Z","pH":"6.77","conductivity":"100.31","pressure":"2.57","temperature":"24.69","fillLevel":"61.51","flow":"10.68","humidity":"37.47","co2":"445.67"}
