{"timestamp":"2025-07-12T13:13:09.448Z","pH":"6.30","conductivity":"123.00","pressure":"5.77","temperature":"24.29","fillLevel":"90.61","flow":"13.92","humidity":"40.22","co2":"454.70"}
{"timestamp":"2025-07-12T13:13:19.461Z","pH":"6.32","conductivity":"107.21","pressure":"5.61","temperature":"23.38","fillLevel":"72.44","flow":"10.45","humidity":"49.72","co2":"492.68"}
{"timestamp":"2025-07-12T13:13:29.478Z","pH":"6.43","conductivity":"102.23","pressure":"2.73","temperature":"29.05","fillLevel":"74.30","flow":"14.64","humidity":"43.30","co2":"434.30"}
{"timestamp":"2025-07-12T13:13:46.093Z","pH":"6.34","conductivity":"103.69","pressure":"1.76","temperature":"20.84","fillLevel":"42.04","flow":"10.72","humidity":"32.84","co2":"434.64"}
{"timestamp":"2025-07-12T13:13:56.108Z","pH":"7.58","conductivity":"140.61","pressure":"5.41","temperature":"33.31","fillLevel":"56.91","flow":"12.60","humidity":"47.76","co2":"497.35"}
