{"timestamp":"2025-07-12T13:33:00.415Z","pH":"6.47","conductivity":"110.14","pressure":"2.48","temperature":"24.03","fillLevel":"8.89","flow":"12.85","humidity":"33.24","co2":"438.16"}
{"timestamp":"2025-07-12T13:33:10.416Z","pH":"7.48","conductivity":"149.35","pressure":"5.57","temperature":"23.28","fillLevel":"61.12","flow":"10.13","humidity":"40.63","co2":"430.56"}
{"timestamp":"2025-07-12T13:33:20.431Z","pH":"6.61","conductivity":"128.56","pressure":"1.30","temperature":"21.70","fillLevel":"78.71","flow":"13.09","humidity":"41.61","co2":"413.12"}
{"timestamp":"2025-07-12T13:33:30.439Z","pH":"6.70","conductivity":"100.98","pressure":"1.16","temperature":"33.66","fillLevel":"32.78","flow":"11.03","humidity":"45.79","co2":"491.32"}
