{"timestamp":"2025-07-12T13:23:04.335Z","pH":"7.59","conductivity":"141.16","pressure":"3.32","temperature":"31.46","fillLevel":"71.58","flow":"10.05","humidity":"38.75","co2":"413.82"}
{"timestamp":"2025-07-12T13:23:14.343Z","pH":"7.56","conductivity":"118.51","pressure":"1.78","temperature":"23.15","fillLevel":"6.43","flow":"10.26","humidity":"34.81","co2":"458.69"}
{"timestamp":"2025-07-12T13:23:24.353Z","pH":"7.95","conductivity":"111.00","pressure":"3.78","temperature":"21.20","fillLevel":"77.61","flow":"13.58","humidity":"36.99","co2":"449.84"}
{"timestamp":"2025-07-12T13:23:34.366Z","pH":"7.22","conductivity":"122.59","pressure":"3.42","temperature":"32.15","fillLevel":"65.50","flow":"13.65","humidity":"38.44","co2":"403.91"}
{"timestamp":"2025-07-12T13:23:44.371Z","pH":"6.83","conductivity":"108.88","pressure":"4.77","temperature":"20.98","fillLevel":"9.44","flow":"13.52","humidity":"44.89","co2":"490.07"}
{"timestamp":"2025-07-12T13:23:54.381Z","pH":"6.39","conductivity":"112.27","pressure":"1.55","temperature":"22.01","fillLevel":"55.61","flow":"12.13","humidity":"30.16","co2":"440.35"}
