{"timestamp":"2025-07-12T13:32:00.365Z","pH":"7.20","conductivity":"149.78","pressure":"3.60","temperature":"33.21","fillLevel":"92.23","flow":"10.02","humidity":"48.39","co2":"432.05"}
{"timestamp":"2025-07-12T13:32:10.369Z","pH":"6.32","conductivity":"119.58","pressure":"5.77","temperature":"23.34","fillLevel":"41.75","flow":"13.70","humidity":"38.00","co2":"452.92"}
{"timestamp":"2025-07-12T13:32:20.370Z","pH":"6.12","conductivity":"133.38","pressure":"3.24","temperature":"28.55","fillLevel":"69.80","flow":"11.80","humidity":"39.93","co2":"426.67"}
{"timestamp":"2025-07-12T13:32:30.383Z","pH":"6.53","conductivity":"132.14","pressure":"5.29","temperature":"27.26","fillLevel":"92.30","flow":"13.49","humidity":"39.78","co2":"409.33"}
{"timestamp":"2025-07-12T13:32:40.397Z","pH":"6.90","conductivity":"139.54","pressure":"1.43","temperature":"25.11","fillLevel":"33.33","flow":"10.88","humidity":"32.89","co2":"488.71"}
{"timestamp":"2025-07-12T13:32:50.410Z","pH":"7.19","conductivity":"114.80","pressure":"4.36","temperature":"22.32","fillLevel":"85.63","flow":"11.69","humidity":"36.56","co2":"479.43"}
