{"timestamp":"2025-07-12T13:12:09.395Z","pH":"7.61","conductivity":"140.42","pressure":"1.66","temperature":"28.33","fillLevel":"21.06","flow":"12.60","humidity":"36.33","co2":"493.13"}
{"timestamp":"2025-07-12T13:12:19.407Z","pH":"6.75","conductivity":"129.55","pressure":"3.53","temperature":"29.55","fillLevel":"38.97","flow":"14.36","humidity":"41.15","co2":"452.46"}
{"timestamp":"2025-07-12T13:12:29.408Z","pH":"7.87","conductivity":"117.64","pressure":"5.96","temperature":"23.00","fillLevel":"31.54","flow":"14.42","humidity":"35.18","co2":"425.58"}
{"timestamp":"2025-07-12T13:12:39.416Z","pH":"6.56","conductivity":"129.68","pressure":"3.74","temperature":"32.72","fillLevel":"54.20","flow":"10.94","humidity":"38.45","co2":"448.50"}
{"timestamp":"2025-07-12T13:12:49.426Z","pH":"7.11","conductivity":"134.38","pressure":"4.08","temperature":"31.10","fillLevel":"88.94","flow":"12.50","humidity":"40.52","co2":"442.62"}
{"timestamp":"2025-07-12T13:12:59.432Z","pH":"7.46","conductivity":"134.85","pressure":"1.01","temperature":"28.93","fillLevel":"37.12","flow":"12.42","humidity":"34.53","co2":"486.26"}
