{"timestamp":"2025-07-12T13:06:02.048Z","pH":"7.01","conductivity":"130.54","pressure":"2.97","temperature":"22.89","fillLevel":"47.77","flow":"13.89","humidity":"44.89","co2":"444.10"}
{"timestamp":"2025-07-12T13:06:12.058Z","pH":"7.93","conductivity":"105.68","pressure":"2.62","temperature":"31.27","fillLevel":"79.54","flow":"12.26","humidity":"36.84","co2":"431.42"}
{"timestamp":"2025-07-12T13:06:22.070Z","pH":"6.72","conductivity":"146.42","pressure":"5.03","temperature":"27.83","fillLevel":"75.53","flow":"13.75","humidity":"48.30","co2":"438.08"}
{"timestamp":"2025-07-12T13:06:32.072Z","pH":"6.16","conductivity":"114.13","pressure":"3.96","temperature":"28.00","fillLevel":"45.91","flow":"14.35","humidity":"35.72","co2":"448.17"}
{"timestamp":"2025-07-12T13:06:42.074Z","pH":"7.79","conductivity":"101.86","pressure":"3.06","temperature":"22.16","fillLevel":"74.70","flow":"11.49","humidity":"46.45","co2":"470.86"}
{"timestamp":"2025-07-12T13:06:52.084Z","pH":"7.02","conductivity":"128.84","pressure":"5.90","temperature":"26.70","fillLevel":"29.44","flow":"12.17","humidity":"41.25","co2":"424.85"}
