{"timestamp":"2025-07-12T13:29:04.677Z","pH":"6.92","conductivity":"146.75","pressure":"5.21","temperature":"24.73","fillLevel":"6.21","flow":"13.92","humidity":"47.76","co2":"492.62"}
{"timestamp":"2025-07-12T13:29:14.691Z","pH":"6.45","conductivity":"115.74","pressure":"5.20","temperature":"31.45","fillLevel":"56.94","flow":"10.44","humidity":"37.16","co2":"472.91"}
{"timestamp":"2025-07-12T13:29:24.696Z","pH":"6.21","conductivity":"140.51","pressure":"3.48","temperature":"24.03","fillLevel":"16.76","flow":"12.17","humidity":"46.49","co2":"414.71"}
{"timestamp":"2025-07-12T13:29:34.698Z","pH":"7.90","conductivity":"135.95","pressure":"1.50","temperature":"22.24","fillLevel":"4.56","flow":"13.52","humidity":"43.61","co2":"448.40"}
{"timestamp":"2025-07-12T13:29:44.700Z","pH":"6.63","conductivity":"149.65","pressure":"4.68","temperature":"32.76","fillLevel":"80.21","flow":"14.67","humidity":"42.41","co2":"418.81"}
{"timestamp":"2025-07-12T13:29:54.715Z","pH":"7.61","conductivity":"105.25","pressure":"4.91","temperature":"21.81","fillLevel":"8.96","flow":"12.26","humidity":"35.16","co2":"496.92"}
