{"timestamp":"2025-07-12T13:28:04.623Z","pH":"6.20","conductivity":"148.25","pressure":"4.86","temperature":"29.95","fillLevel":"1.81","flow":"14.98","humidity":"39.83","co2":"453.61"}
{"timestamp":"2025-07-12T13:28:14.633Z","pH":"7.44","conductivity":"149.64","pressure":"2.17","temperature":"31.27","fillLevel":"34.13","flow":"12.55","humidity":"31.53","co2":"459.55"}
{"timestamp":"2025-07-12T13:28:24.636Z","pH":"6.11","conductivity":"107.79","pressure":"5.60","temperature":"33.91","fillLevel":"96.67","flow":"12.96","humidity":"32.84","co2":"458.98"}
{"timestamp":"2025-07-12T13:28:34.649Z","pH":"7.96","conductivity":"134.89","pressure":"1.80","temperature":"29.91","fillLevel":"23.03","flow":"14.77","humidity":"35.02","co2":"458.17"}
{"timestamp":"2025-07-12T13:28:44.656Z","pH":"6.60","conductivity":"108.44","pressure":"2.99","temperature":"21.88","fillLevel":"10.79","flow":"11.40","humidity":"30.52","co2":"495.21"}
{"timestamp":"2025-07-12T13:28:54.669Z","pH":"7.52","conductivity":"105.27","pressure":"5.09","temperature":"32.74","fillLevel":"15.49","flow":"11.61","humidity":"36.48","co2":"491.91"}
