{"timestamp":"2025-07-12T13:03:06.277Z","pH":"6.59","conductivity":"142.56","pressure":"2.27","temperature":"25.99","fillLevel":"22.98","flow":"11.48","humidity":"46.79","co2":"442.06"}
{"timestamp":"2025-07-12T13:03:16.290Z","pH":"6.45","conductivity":"114.97","pressure":"4.05","temperature":"28.03","fillLevel":"30.50","flow":"14.57","humidity":"40.79","co2":"412.83"}
{"timestamp":"2025-07-12T13:03:26.298Z","pH":"7.88","conductivity":"138.62","pressure":"5.12","temperature":"32.49","fillLevel":"50.01","flow":"12.44","humidity":"42.12","co2":"430.97"}
{"timestamp":"2025-07-12T13:03:36.306Z","pH":"6.77","conductivity":"106.86","pressure":"5.87","temperature":"27.65","fillLevel":"10.18","flow":"14.09","humidity":"30.73","co2":"498.44"}
{"timestamp":"2025-07-12T13:03:46.312Z","pH":"6.20","conductivity":"106.44","pressure":"2.26","temperature":"20.30","fillLevel":"38.20","flow":"14.37","humidity":"48.47","co2":"479.69"}
{"timestamp":"2025-07-12T13:03:58.028Z","pH":"6.04","conductivity":"118.93","pressure":"2.06","temperature":"30.77","fillLevel":"75.05","flow":"13.91","humidity":"46.01","co2":"453.52"}
