{"timestamp":"2025-07-12T13:08:03.565Z","pH":"7.86","conductivity":"114.90","pressure":"2.49","temperature":"27.48","fillLevel":"78.82","flow":"13.06","humidity":"30.25","co2":"418.23"}
{"timestamp":"2025-07-12T13:08:13.577Z","pH":"6.99","conductivity":"127.38","pressure":"2.58","temperature":"28.28","fillLevel":"54.25","flow":"13.17","humidity":"47.86","co2":"477.77"}
{"timestamp":"2025-07-12T13:08:23.581Z","pH":"7.89","conductivity":"122.59","pressure":"3.08","temperature":"31.42","fillLevel":"53.53","flow":"11.60","humidity":"45.50","co2":"457.19"}
{"timestamp":"2025-07-12T13:08:33.585Z","pH":"7.37","conductivity":"132.65","pressure":"1.78","temperature":"32.96","fillLevel":"13.67","flow":"13.88","humidity":"49.81","co2":"438.08"}
{"timestamp":"2025-07-12T13:08:43.594Z","pH":"6.18","conductivity":"104.22","pressure":"5.35","temperature":"22.42","fillLevel":"97.61","flow":"13.46","humidity":"42.93","co2":"466.24"}
{"timestamp":"2025-07-12T13:08:53.607Z","pH":"6.63","conductivity":"100.15","pressure":"5.28","temperature":"31.95","fillLevel":"11.77","flow":"14.91","humidity":"34.52","co2":"420.08"}
