{"timestamp":"2025-07-12T13:15:03.981Z","pH":"7.06","conductivity":"133.13","pressure":"4.37","temperature":"22.91","fillLevel":"2.72","flow":"13.75","humidity":"31.82","co2":"416.51"}
{"timestamp":"2025-07-12T13:15:13.991Z","pH":"6.53","conductivity":"137.56","pressure":"4.28","temperature":"27.37","fillLevel":"14.74","flow":"12.25","humidity":"35.09","co2":"462.82"}
{"timestamp":"2025-07-12T13:15:23.997Z","pH":"6.16","conductivity":"149.65","pressure":"1.95","temperature":"21.79","fillLevel":"86.36","flow":"14.67","humidity":"46.44","co2":"446.78"}
{"timestamp":"2025-07-12T13:15:34.005Z","pH":"6.74","conductivity":"141.06","pressure":"1.62","temperature":"26.07","fillLevel":"11.94","flow":"14.61","humidity":"38.89","co2":"426.50"}
{"timestamp":"2025-07-12T13:15:44.007Z","pH":"7.51","conductivity":"109.97","pressure":"4.81","temperature":"24.15","fillLevel":"47.00","flow":"10.72","humidity":"40.37","co2":"411.93"}
{"timestamp":"2025-07-12T13:15:54.006Z","pH":"7.81","conductivity":"117.82","pressure":"1.44","temperature":"22.48","fillLevel":"89.78","flow":"14.01","humidity":"45.27","co2":"431.38"}
