{"timestamp":"2025-07-12T13:04:08.031Z","pH":"6.99","conductivity":"103.64","pressure":"1.22","temperature":"33.94","fillLevel":"5.73","flow":"14.50","humidity":"33.68","co2":"414.91"}
{"timestamp":"2025-07-12T13:04:18.034Z","pH":"7.56","conductivity":"113.12","pressure":"1.89","temperature":"31.52","fillLevel":"62.86","flow":"14.13","humidity":"34.95","co2":"412.09"}
{"timestamp":"2025-07-12T13:04:28.037Z","pH":"7.62","conductivity":"139.25","pressure":"1.15","temperature":"34.98","fillLevel":"82.98","flow":"13.58","humidity":"30.68","co2":"495.72"}
{"timestamp":"2025-07-12T13:04:38.051Z","pH":"7.60","conductivity":"107.56","pressure":"3.97","temperature":"27.38","fillLevel":"13.23","flow":"12.34","humidity":"46.15","co2":"477.70"}
{"timestamp":"2025-07-12T13:04:48.053Z","pH":"7.62","conductivity":"144.26","pressure":"5.96","temperature":"29.34","fillLevel":"61.67","flow":"11.75","humidity":"37.24","co2":"471.35"}
{"timestamp":"2025-07-12T13:04:58.062Z","pH":"6.89","conductivity":"129.23","pressure":"3.80","temperature":"24.19","fillLevel":"68.96","flow":"10.31","humidity":"47.95","co2":"413.38"}
