{"timestamp":"2025-07-12T13:17:04.067Z","pH":"7.73","conductivity":"119.01","pressure":"2.86","temperature":"28.44","fillLevel":"49.03","flow":"12.21","humidity":"40.64","co2":"439.81"}
{"timestamp":"2025-07-12T13:17:14.081Z","pH":"6.42","conductivity":"100.05","pressure":"2.08","temperature":"28.49","fillLevel":"9.88","flow":"13.96","humidity":"48.97","co2":"459.24"}
{"timestamp":"2025-07-12T13:17:24.084Z","pH":"6.04","conductivity":"137.39","pressure":"4.17","temperature":"23.62","fillLevel":"38.56","flow":"14.41","humidity":"43.65","co2":"469.18"}
{"timestamp":"2025-07-12T13:17:34.092Z","pH":"6.22","conductivity":"108.91","pressure":"2.20","temperature":"30.25","fillLevel":"38.14","flow":"10.03","humidity":"32.85","co2":"431.34"}
{"timestamp":"2025-07-12T13:17:44.096Z","pH":"7.56","conductivity":"140.39","pressure":"4.17","temperature":"27.05","fillLevel":"10.48","flow":"12.48","humidity":"33.95","co2":"458.39"}
{"timestamp":"2025-07-12T13:17:54.111Z","pH":"7.58","conductivity":"100.64","pressure":"2.43","temperature":"27.63","fillLevel":"86.50","flow":"14.90","humidity":"31.95","co2":"461.05"}
