{"timestamp":"2025-07-12T13:22:04.293Z","pH":"7.05","conductivity":"112.08","pressure":"1.47","temperature":"27.76","fillLevel":"17.78","flow":"12.41","humidity":"48.50","co2":"463.17"}
{"timestamp":"2025-07-12T13:22:14.297Z","pH":"7.07","conductivity":"120.69","pressure":"1.11","temperature":"20.31","fillLevel":"15.38","flow":"10.49","humidity":"34.40","co2":"421.16"}
{"timestamp":"2025-07-12T13:22:24.298Z","pH":"7.68","conductivity":"132.81","pressure":"5.37","temperature":"31.67","fillLevel":"85.72","flow":"10.62","humidity":"33.85","co2":"456.18"}
{"timestamp":"2025-07-12T13:22:34.306Z","pH":"7.26","conductivity":"114.08","pressure":"2.23","temperature":"20.05","fillLevel":"90.97","flow":"11.42","humidity":"48.74","co2":"428.41"}
{"timestamp":"2025-07-12T13:22:44.314Z","pH":"7.90","conductivity":"128.40","pressure":"3.90","temperature":"32.53","fillLevel":"54.62","flow":"14.18","humidity":"35.35","co2":"447.26"}
{"timestamp":"2025-07-12T13:22:54.325Z","pH":"6.76","conductivity":"128.99","pressure":"3.45","temperature":"21.48","fillLevel":"50.29","flow":"12.62","humidity":"31.96","co2":"473.16"}
