{"timestamp":"2025-07-13T10:54:01.004Z","pH":"7.68","conductivity":"126.40","pressure":"5.53","temperature":"20.61","fillLevel":"25.35","flow":"13.39","humidity":"49.33","co2":"417.27"}
{"timestamp":"2025-07-13T10:54:11.011Z","pH":"6.85","conductivity":"100.26","pressure":"3.37","temperature":"27.34","fillLevel":"38.30","flow":"10.48","humidity":"49.07","co2":"402.93"}
{"timestamp":"2025-07-13T10:54:21.014Z","pH":"7.87","conductivity":"131.63","pressure":"4.05","temperature":"22.32","fillLevel":"71.84","flow":"13.72","humidity":"41.88","co2":"445.42"}
{"timestamp":"2025-07-13T10:54:31.019Z","pH":"6.83","conductivity":"107.78","pressure":"4.85","temperature":"28.75","fillLevel":"87.92","flow":"12.99","humidity":"37.39","co2":"483.48"}
{"timestamp":"2025-07-13T10:54:41.026Z","pH":"6.16","conductivity":"128.69","pressure":"2.23","temperature":"30.18","fillLevel":"40.13","flow":"14.29","humidity":"43.94","co2":"488.27"}
{"timestamp":"2025-07-13T10:54:51.039Z","pH":"6.72","conductivity":"136.19","pressure":"5.78","temperature":"32.56","fillLevel":"66.79","flow":"13.24","humidity":"49.88","co2":"450.35"}
