{"timestamp":"2025-07-13T10:56:01.084Z","pH":"7.75","conductivity":"129.00","pressure":"5.51","temperature":"27.89","fillLevel":"86.18","flow":"12.35","humidity":"49.54","co2":"484.28"}
{"timestamp":"2025-07-13T10:56:11.084Z","pH":"6.51","conductivity":"137.52","pressure":"1.29","temperature":"33.72","fillLevel":"9.53","flow":"13.94","humidity":"36.79","co2":"474.75"}
{"timestamp":"2025-07-13T10:56:21.086Z","pH":"6.36","conductivity":"110.83","pressure":"3.57","temperature":"27.79","fillLevel":"71.51","flow":"10.11","humidity":"37.99","co2":"446.63"}
{"timestamp":"2025-07-13T10:56:31.091Z","pH":"6.74","conductivity":"144.35","pressure":"2.80","temperature":"23.16","fillLevel":"35.65","flow":"12.26","humidity":"46.12","co2":"419.53"}
{"timestamp":"2025-07-13T10:56:41.094Z","pH":"6.70","conductivity":"127.35","pressure":"4.84","temperature":"34.70","fillLevel":"47.78","flow":"13.13","humidity":"48.37","co2":"483.58"}
{"timestamp":"2025-07-13T10:56:51.098Z","pH":"7.06","conductivity":"106.25","pressure":"3.70","temperature":"24.63","fillLevel":"49.33","flow":"14.97","humidity":"35.44","co2":"413.89"}
