{"timestamp":"2025-07-13T10:57:01.113Z","pH":"6.60","conductivity":"101.91","pressure":"4.72","temperature":"31.51","fillLevel":"66.84","flow":"12.04","humidity":"42.62","co2":"426.50"}
{"timestamp":"2025-07-13T10:57:11.126Z","pH":"7.70","conductivity":"141.81","pressure":"4.78","temperature":"34.61","fillLevel":"67.43","flow":"13.04","humidity":"49.51","co2":"472.55"}
{"timestamp":"2025-07-13T10:57:21.138Z","pH":"7.51","conductivity":"142.65","pressure":"3.44","temperature":"23.83","fillLevel":"70.74","flow":"14.62","humidity":"42.52","co2":"448.97"}
{"timestamp":"2025-07-13T10:57:31.152Z","pH":"7.39","conductivity":"143.75","pressure":"5.36","temperature":"21.35","fillLevel":"12.05","flow":"11.55","humidity":"46.70","co2":"417.76"}
{"timestamp":"2025-07-13T10:57:41.158Z","pH":"6.01","conductivity":"110.57","pressure":"2.52","temperature":"32.44","fillLevel":"0.75","flow":"13.15","humidity":"46.03","co2":"407.18"}
{"timestamp":"2025-07-13T10:57:51.165Z","pH":"7.48","conductivity":"140.22","pressure":"4.64","temperature":"21.69","fillLevel":"78.75","flow":"14.94","humidity":"37.81","co2":"453.34"}
