{"timestamp":"2025-07-13T10:53:30.989Z","pH":"7.64","conductivity":"114.68","pressure":"1.93","temperature":"29.30","fillLevel":"15.68","flow":"12.37","humidity":"44.02","co2":"446.82"}
{"timestamp":"2025-07-13T10:53:40.999Z","pH":"7.60","conductivity":"143.74","pressure":"2.30","temperature":"32.98","fillLevel":"99.54","flow":"11.31","humidity":"38.75","co2":"494.29"}
{"timestamp":"2025-07-13T10:53:50.999Z","pH":"6.24","conductivity":"147.61","pressure":"1.81","temperature":"31.46","fillLevel":"53.40","flow":"14.33","humidity":"41.09","co2":"405.84"}
