{"timestamp":"2025-07-13T10:55:01.047Z","pH":"6.20","conductivity":"106.55","pressure":"2.95","temperature":"23.13","fillLevel":"67.91","flow":"10.45","humidity":"35.50","co2":"446.86"}
{"timestamp":"2025-07-13T10:55:11.055Z","pH":"6.07","conductivity":"137.13","pressure":"4.95","temperature":"31.46","fillLevel":"11.49","flow":"14.43","humidity":"41.06","co2":"444.83"}
{"timestamp":"2025-07-13T10:55:21.059Z","pH":"7.97","conductivity":"104.52","pressure":"1.22","temperature":"29.49","fillLevel":"35.89","flow":"10.61","humidity":"46.00","co2":"420.20"}
{"timestamp":"2025-07-13T10:55:31.066Z","pH":"6.84","conductivity":"117.74","pressure":"2.64","temperature":"32.26","fillLevel":"8.40","flow":"12.06","humidity":"34.10","co2":"403.68"}
{"timestamp":"2025-07-13T10:55:41.067Z","pH":"7.85","conductivity":"108.18","pressure":"3.69","temperature":"24.10","fillLevel":"8.08","flow":"10.62","humidity":"39.80","co2":"407.96"}
{"timestamp":"2025-07-13T10:55:51.071Z","pH":"7.00","conductivity":"148.99","pressure":"3.44","temperature":"25.72","fillLevel":"22.17","flow":"10.51","humidity":"36.02","co2":"467.35"}
