{"timestamp":"2025-07-13T10:58:01.180Z","pH":"6.74","conductivity":"135.82","pressure":"3.30","temperature":"22.74","fillLevel":"19.17","flow":"11.23","humidity":"43.21","co2":"491.01"}
{"timestamp":"2025-07-13T10:58:11.191Z","pH":"6.88","conductivity":"111.08","pressure":"4.33","temperature":"26.40","fillLevel":"46.28","flow":"14.55","humidity":"45.63","co2":"434.21"}
{"timestamp":"2025-07-13T10:58:21.202Z","pH":"7.95","conductivity":"108.21","pressure":"4.53","temperature":"20.16","fillLevel":"29.95","flow":"11.24","humidity":"38.90","co2":"408.75"}
{"timestamp":"2025-07-13T10:58:31.205Z","pH":"7.03","conductivity":"142.35","pressure":"4.76","temperature":"29.73","fillLevel":"52.24","flow":"14.59","humidity":"46.57","co2":"422.15"}
{"timestamp":"2025-07-13T10:58:41.208Z","pH":"6.56","conductivity":"113.28","pressure":"5.89","temperature":"28.98","fillLevel":"70.01","flow":"10.53","humidity":"44.35","co2":"455.78"}
{"timestamp":"2025-07-13T10:58:51.214Z","pH":"6.80","conductivity":"130.28","pressure":"3.18","temperature":"27.51","fillLevel":"20.68","flow":"10.18","humidity":"43.89","co2":"457.07"}
