{"timestamp":"2025-07-13T10:59:01.214Z","pH":"6.36","conductivity":"100.94","pressure":"1.92","temperature":"25.90","fillLevel":"61.55","flow":"13.05","humidity":"44.35","co2":"467.56"}
{"timestamp":"2025-07-13T10:59:11.225Z","pH":"7.43","conductivity":"138.01","pressure":"5.17","temperature":"21.82","fillLevel":"55.36","flow":"14.98","humidity":"41.27","co2":"463.29"}
{"timestamp":"2025-07-13T10:59:21.242Z","pH":"6.90","conductivity":"101.04","pressure":"1.16","temperature":"28.88","fillLevel":"2.68","flow":"14.10","humidity":"42.61","co2":"402.82"}
{"timestamp":"2025-07-13T10:59:31.256Z","pH":"6.78","conductivity":"112.04","pressure":"3.95","temperature":"20.34","fillLevel":"48.13","flow":"10.79","humidity":"36.41","co2":"456.34"}
{"timestamp":"2025-07-13T10:59:41.261Z","pH":"7.98","conductivity":"128.73","pressure":"4.73","temperature":"29.08","fillLevel":"22.52","flow":"11.75","humidity":"35.42","co2":"412.33"}
{"timestamp":"2025-07-13T10:59:51.276Z","pH":"7.93","conductivity":"131.80","pressure":"2.96","temperature":"24.21","fillLevel":"93.21","flow":"12.33","humidity":"41.76","co2":"417.54"}
