{"timestamp":"2025-07-12T17:50:08.907Z","pH":"7.33","conductivity":"108.27","pressure":"3.35","temperature":"23.65","fillLevel":"81.75","flow":"14.58","humidity":"47.40","co2":"436.10"}
{"timestamp":"2025-07-12T17:50:18.912Z","pH":"6.36","conductivity":"135.55","pressure":"1.19","temperature":"30.38","fillLevel":"42.03","flow":"12.18","humidity":"40.51","co2":"466.32"}
{"timestamp":"2025-07-12T17:50:28.927Z","pH":"6.43","conductivity":"111.32","pressure":"4.98","temperature":"22.87","fillLevel":"46.91","flow":"11.66","humidity":"42.28","co2":"412.41"}
{"timestamp":"2025-07-12T17:50:38.931Z","pH":"6.24","conductivity":"143.04","pressure":"2.67","temperature":"27.21","fillLevel":"59.46","flow":"14.38","humidity":"39.67","co2":"482.60"}
{"timestamp":"2025-07-12T17:50:48.945Z","pH":"6.04","conductivity":"107.85","pressure":"5.03","temperature":"27.55","fillLevel":"38.42","flow":"14.67","humidity":"37.18","co2":"407.34"}
{"timestamp":"2025-07-12T17:50:58.956Z","pH":"6.28","conductivity":"111.12","pressure":"3.21","temperature":"24.39","fillLevel":"13.19","flow":"13.46","humidity":"32.01","co2":"467.61"}
