{"timestamp":"2025-07-12T17:44:00.365Z","pH":"7.96","conductivity":"131.68","pressure":"5.97","temperature":"32.41","fillLevel":"7.29","flow":"10.43","humidity":"41.63","co2":"464.64"}
{"timestamp":"2025-07-12T17:44:10.376Z","pH":"7.11","conductivity":"130.72","pressure":"1.33","temperature":"20.67","fillLevel":"18.86","flow":"10.55","humidity":"34.47","co2":"485.78"}
{"timestamp":"2025-07-12T17:44:20.380Z","pH":"7.24","conductivity":"132.44","pressure":"5.01","temperature":"31.97","fillLevel":"72.86","flow":"11.41","humidity":"49.31","co2":"402.61"}
{"timestamp":"2025-07-12T17:44:30.382Z","pH":"7.85","conductivity":"114.41","pressure":"3.66","temperature":"21.09","fillLevel":"28.49","flow":"14.65","humidity":"47.82","co2":"434.53"}
{"timestamp":"2025-07-12T17:44:40.382Z","pH":"6.95","conductivity":"104.63","pressure":"1.96","temperature":"25.94","fillLevel":"78.59","flow":"12.96","humidity":"42.81","co2":"403.66"}
{"timestamp":"2025-07-12T17:44:50.389Z","pH":"7.18","conductivity":"126.40","pressure":"3.26","temperature":"33.12","fillLevel":"44.47","flow":"11.18","humidity":"39.36","co2":"457.67"}
