{"timestamp":"2025-07-12T17:43:00.345Z","pH":"7.70","conductivity":"148.94","pressure":"4.08","temperature":"20.71","fillLevel":"4.98","flow":"11.12","humidity":"43.72","co2":"464.60"}
{"timestamp":"2025-07-12T17:43:10.351Z","pH":"7.90","conductivity":"114.24","pressure":"4.78","temperature":"30.37","fillLevel":"82.79","flow":"10.92","humidity":"34.50","co2":"477.00"}
{"timestamp":"2025-07-12T17:43:20.352Z","pH":"7.85","conductivity":"108.10","pressure":"4.60","temperature":"33.10","fillLevel":"74.37","flow":"10.17","humidity":"49.16","co2":"451.63"}
{"timestamp":"2025-07-12T17:43:30.356Z","pH":"6.36","conductivity":"103.30","pressure":"4.62","temperature":"29.54","fillLevel":"15.86","flow":"10.60","humidity":"45.93","co2":"413.27"}
{"timestamp":"2025-07-12T17:43:40.357Z","pH":"7.90","conductivity":"104.65","pressure":"5.36","temperature":"25.48","fillLevel":"51.20","flow":"11.77","humidity":"30.29","co2":"403.75"}
{"timestamp":"2025-07-12T17:43:50.358Z","pH":"7.19","conductivity":"112.19","pressure":"4.57","temperature":"30.62","fillLevel":"46.10","flow":"13.63","humidity":"32.24","co2":"410.74"}
