{"timestamp":"2025-07-12T17:54:01.866Z","pH":"7.69","conductivity":"134.91","pressure":"1.04","temperature":"28.24","fillLevel":"4.13","flow":"10.91","humidity":"44.31","co2":"438.64"}
{"timestamp":"2025-07-12T17:54:11.871Z","pH":"6.65","conductivity":"122.60","pressure":"2.57","temperature":"32.79","fillLevel":"53.49","flow":"10.79","humidity":"35.19","co2":"422.24"}
{"timestamp":"2025-07-12T17:54:21.880Z","pH":"7.62","conductivity":"114.20","pressure":"3.38","temperature":"31.61","fillLevel":"73.10","flow":"13.86","humidity":"34.96","co2":"469.03"}
{"timestamp":"2025-07-12T17:54:31.882Z","pH":"6.97","conductivity":"128.41","pressure":"2.27","temperature":"32.37","fillLevel":"49.11","flow":"10.90","humidity":"44.02","co2":"416.94"}
{"timestamp":"2025-07-12T17:54:41.883Z","pH":"6.59","conductivity":"138.79","pressure":"4.24","temperature":"31.69","fillLevel":"68.66","flow":"12.93","humidity":"32.12","co2":"446.52"}
{"timestamp":"2025-07-12T17:54:51.890Z","pH":"6.10","conductivity":"112.30","pressure":"4.51","temperature":"27.72","fillLevel":"99.20","flow":"12.90","humidity":"34.45","co2":"406.12"}
