{"timestamp":"2025-07-12T17:42:30.318Z","pH":"7.96","conductivity":"143.69","pressure":"4.56","temperature":"29.34","fillLevel":"87.73","flow":"14.16","humidity":"40.51","co2":"422.51"}
{"timestamp":"2025-07-12T17:42:40.327Z","pH":"6.83","conductivity":"129.49","pressure":"4.30","temperature":"27.79","fillLevel":"66.08","flow":"11.55","humidity":"31.07","co2":"491.51"}
{"timestamp":"2025-07-12T17:42:50.331Z","pH":"6.13","conductivity":"107.01","pressure":"3.21","temperature":"22.73","fillLevel":"94.93","flow":"14.40","humidity":"32.00","co2":"499.93"}
