{"timestamp":"2025-07-12T17:56:01.936Z","pH":"7.76","conductivity":"123.24","pressure":"1.11","temperature":"22.66","fillLevel":"41.84","flow":"12.62","humidity":"49.26","co2":"458.41"}
{"timestamp":"2025-07-12T17:56:11.936Z","pH":"6.88","conductivity":"140.68","pressure":"5.02","temperature":"31.50","fillLevel":"20.12","flow":"10.29","humidity":"43.34","co2":"421.71"}
{"timestamp":"2025-07-12T17:56:21.948Z","pH":"7.80","conductivity":"144.37","pressure":"3.93","temperature":"28.85","fillLevel":"66.46","flow":"13.97","humidity":"45.19","co2":"406.99"}
{"timestamp":"2025-07-12T17:56:31.947Z","pH":"6.51","conductivity":"113.63","pressure":"1.53","temperature":"24.47","fillLevel":"16.32","flow":"10.08","humidity":"46.16","co2":"401.48"}
{"timestamp":"2025-07-12T17:56:41.952Z","pH":"7.12","conductivity":"142.74","pressure":"4.40","temperature":"32.90","fillLevel":"48.75","flow":"12.84","humidity":"49.01","co2":"451.77"}
{"timestamp":"2025-07-12T17:56:51.960Z","pH":"7.73","conductivity":"125.97","pressure":"2.46","temperature":"24.27","fillLevel":"77.78","flow":"14.15","humidity":"41.52","co2":"406.69"}
