{"timestamp":"2025-07-12T17:49:18.875Z","pH":"7.53","conductivity":"102.91","pressure":"3.81","temperature":"21.63","fillLevel":"99.45","flow":"10.66","humidity":"31.47","co2":"484.50"}
{"timestamp":"2025-07-12T17:49:28.886Z","pH":"7.53","conductivity":"103.50","pressure":"1.89","temperature":"24.47","fillLevel":"63.82","flow":"10.29","humidity":"37.70","co2":"416.03"}
{"timestamp":"2025-07-12T17:49:38.887Z","pH":"6.69","conductivity":"137.20","pressure":"2.54","temperature":"25.97","fillLevel":"79.42","flow":"13.81","humidity":"32.71","co2":"453.35"}
{"timestamp":"2025-07-12T17:49:48.899Z","pH":"7.98","conductivity":"102.85","pressure":"1.09","temperature":"32.55","fillLevel":"25.02","flow":"11.98","humidity":"44.08","co2":"441.42"}
{"timestamp":"2025-07-12T17:49:58.900Z","pH":"7.56","conductivity":"100.11","pressure":"4.18","temperature":"32.92","fillLevel":"12.51","flow":"12.23","humidity":"33.64","co2":"409.41"}
