{"timestamp":"2025-07-12T17:57:01.971Z","pH":"7.74","conductivity":"128.07","pressure":"1.77","temperature":"24.40","fillLevel":"33.72","flow":"13.94","humidity":"48.15","co2":"469.42"}
{"timestamp":"2025-07-12T17:57:11.982Z","pH":"6.29","conductivity":"131.94","pressure":"4.62","temperature":"22.17","fillLevel":"46.61","flow":"14.02","humidity":"44.13","co2":"416.09"}
{"timestamp":"2025-07-12T17:57:21.985Z","pH":"7.25","conductivity":"104.55","pressure":"2.24","temperature":"31.67","fillLevel":"7.77","flow":"10.82","humidity":"39.11","co2":"436.30"}
{"timestamp":"2025-07-12T17:57:31.998Z","pH":"7.66","conductivity":"140.48","pressure":"3.51","temperature":"24.89","fillLevel":"84.34","flow":"12.33","humidity":"31.18","co2":"410.66"}
{"timestamp":"2025-07-12T17:57:42.007Z","pH":"6.64","conductivity":"116.29","pressure":"4.51","temperature":"25.37","fillLevel":"68.96","flow":"12.23","humidity":"33.97","co2":"414.84"}
{"timestamp":"2025-07-12T17:57:52.018Z","pH":"6.24","conductivity":"140.80","pressure":"1.89","temperature":"28.26","fillLevel":"57.59","flow":"12.39","humidity":"36.43","co2":"467.49"}
