{"timestamp":"2025-07-12T17:52:01.753Z","pH":"6.12","conductivity":"141.18","pressure":"1.91","temperature":"23.54","fillLevel":"57.20","flow":"11.74","humidity":"30.52","co2":"429.86"}
{"timestamp":"2025-07-12T17:52:11.764Z","pH":"7.91","conductivity":"119.89","pressure":"5.05","temperature":"27.78","fillLevel":"0.46","flow":"13.60","humidity":"33.98","co2":"432.78"}
{"timestamp":"2025-07-12T17:52:21.770Z","pH":"6.68","conductivity":"112.25","pressure":"5.78","temperature":"26.87","fillLevel":"93.50","flow":"11.61","humidity":"45.07","co2":"483.27"}
{"timestamp":"2025-07-12T17:52:31.776Z","pH":"7.82","conductivity":"142.16","pressure":"2.33","temperature":"33.82","fillLevel":"74.63","flow":"10.05","humidity":"30.73","co2":"411.73"}
{"timestamp":"2025-07-12T17:52:41.786Z","pH":"6.26","conductivity":"141.31","pressure":"5.72","temperature":"27.50","fillLevel":"61.95","flow":"14.35","humidity":"48.98","co2":"465.47"}
{"timestamp":"2025-07-12T17:52:51.798Z","pH":"6.10","conductivity":"102.33","pressure":"1.56","temperature":"28.03","fillLevel":"86.06","flow":"12.20","humidity":"41.26","co2":"490.55"}
