{"timestamp":"2025-07-12T17:53:01.805Z","pH":"6.16","conductivity":"115.62","pressure":"4.51","temperature":"25.07","fillLevel":"52.64","flow":"14.96","humidity":"30.44","co2":"443.12"}
{"timestamp":"2025-07-12T17:53:11.819Z","pH":"6.71","conductivity":"133.83","pressure":"1.35","temperature":"22.19","fillLevel":"6.05","flow":"12.18","humidity":"43.34","co2":"402.95"}
{"timestamp":"2025-07-12T17:53:21.835Z","pH":"7.95","conductivity":"137.00","pressure":"1.78","temperature":"33.89","fillLevel":"56.30","flow":"14.62","humidity":"43.43","co2":"458.95"}
{"timestamp":"2025-07-12T17:53:31.844Z","pH":"7.30","conductivity":"103.48","pressure":"1.08","temperature":"22.29","fillLevel":"72.74","flow":"12.25","humidity":"48.40","co2":"457.92"}
{"timestamp":"2025-07-12T17:53:41.849Z","pH":"7.67","conductivity":"125.66","pressure":"5.17","temperature":"27.46","fillLevel":"12.93","flow":"14.84","humidity":"35.67","co2":"401.22"}
{"timestamp":"2025-07-12T17:53:51.855Z","pH":"6.27","conductivity":"108.97","pressure":"3.99","temperature":"27.03","fillLevel":"20.41","flow":"14.08","humidity":"45.73","co2":"416.53"}
