{"timestamp":"2025-07-12T17:59:02.088Z","pH":"6.58","conductivity":"130.37","pressure":"2.73","temperature":"24.48","fillLevel":"57.80","flow":"13.73","humidity":"45.96","co2":"458.82"}
{"timestamp":"2025-07-12T17:59:12.088Z","pH":"6.98","conductivity":"140.44","pressure":"1.90","temperature":"23.46","fillLevel":"46.18","flow":"11.44","humidity":"49.80","co2":"446.25"}
{"timestamp":"2025-07-12T17:59:22.095Z","pH":"6.53","conductivity":"134.52","pressure":"1.84","temperature":"20.17","fillLevel":"64.47","flow":"11.12","humidity":"36.97","co2":"420.47"}
{"timestamp":"2025-07-12T17:59:32.104Z","pH":"6.51","conductivity":"110.85","pressure":"4.71","temperature":"25.23","fillLevel":"36.12","flow":"12.93","humidity":"48.77","co2":"473.61"}
{"timestamp":"2025-07-12T17:59:42.115Z","pH":"6.04","conductivity":"129.39","pressure":"2.82","temperature":"20.06","fillLevel":"82.45","flow":"10.21","humidity":"46.69","co2":"417.20"}
{"timestamp":"2025-07-12T17:59:52.125Z","pH":"7.22","conductivity":"141.51","pressure":"5.20","temperature":"26.53","fillLevel":"26.46","flow":"12.45","humidity":"32.96","co2":"466.95"}
