{"timestamp":"2025-07-12T17:58:02.030Z","pH":"6.31","conductivity":"111.93","pressure":"5.76","temperature":"23.53","fillLevel":"57.78","flow":"10.21","humidity":"31.91","co2":"416.79"}
{"timestamp":"2025-07-12T17:58:12.035Z","pH":"7.84","conductivity":"137.48","pressure":"2.42","temperature":"31.55","fillLevel":"63.98","flow":"10.72","humidity":"44.46","co2":"480.00"}
{"timestamp":"2025-07-12T17:58:22.038Z","pH":"6.00","conductivity":"122.98","pressure":"4.32","temperature":"21.74","fillLevel":"7.54","flow":"10.87","humidity":"37.84","co2":"478.70"}
{"timestamp":"2025-07-12T17:58:32.050Z","pH":"7.14","conductivity":"106.56","pressure":"4.19","temperature":"20.01","fillLevel":"18.37","flow":"10.36","humidity":"46.64","co2":"494.60"}
{"timestamp":"2025-07-12T17:58:42.061Z","pH":"7.68","conductivity":"119.69","pressure":"3.11","temperature":"31.19","fillLevel":"33.88","flow":"13.01","humidity":"40.45","co2":"419.80"}
{"timestamp":"2025-07-12T17:58:52.074Z","pH":"7.26","conductivity":"107.16","pressure":"3.32","temperature":"32.53","fillLevel":"85.66","flow":"12.49","humidity":"31.18","co2":"468.04"}
