{"timestamp":"2025-07-12T17:51:08.967Z","pH":"7.65","conductivity":"129.21","pressure":"2.34","temperature":"20.48","fillLevel":"90.63","flow":"11.24","humidity":"47.10","co2":"445.15"}
{"timestamp":"2025-07-12T17:51:21.722Z","pH":"7.83","conductivity":"109.86","pressure":"2.04","temperature":"32.39","fillLevel":"61.51","flow":"13.52","humidity":"49.94","co2":"417.62"}
{"timestamp":"2025-07-12T17:51:31.727Z","pH":"6.82","conductivity":"119.65","pressure":"1.78","temperature":"26.69","fillLevel":"47.49","flow":"10.44","humidity":"48.46","co2":"482.34"}
{"timestamp":"2025-07-12T17:51:41.740Z","pH":"6.52","conductivity":"137.91","pressure":"4.22","temperature":"33.30","fillLevel":"36.42","flow":"14.41","humidity":"40.11","co2":"427.90"}
{"timestamp":"2025-07-12T17:51:51.751Z","pH":"7.93","conductivity":"103.63","pressure":"1.30","temperature":"29.19","fillLevel":"20.32","flow":"14.24","humidity":"49.93","co2":"476.21"}
