{"timestamp":"2025-07-12T17:55:01.891Z","pH":"7.40","conductivity":"147.05","pressure":"1.17","temperature":"21.20","fillLevel":"99.22","flow":"10.41","humidity":"31.45","co2":"495.67"}
{"timestamp":"2025-07-12T17:55:11.898Z","pH":"7.66","conductivity":"108.89","pressure":"1.70","temperature":"27.48","fillLevel":"26.11","flow":"11.61","humidity":"35.99","co2":"489.98"}
{"timestamp":"2025-07-12T17:55:21.907Z","pH":"7.62","conductivity":"135.14","pressure":"2.60","temperature":"33.37","fillLevel":"42.93","flow":"14.18","humidity":"31.95","co2":"412.83"}
{"timestamp":"2025-07-12T17:55:31.923Z","pH":"6.51","conductivity":"135.87","pressure":"1.63","temperature":"32.57","fillLevel":"21.72","flow":"11.12","humidity":"46.40","co2":"453.87"}
{"timestamp":"2025-07-12T17:55:41.926Z","pH":"7.46","conductivity":"128.31","pressure":"1.37","temperature":"21.82","fillLevel":"72.40","flow":"11.88","humidity":"41.88","co2":"457.85"}
{"timestamp":"2025-07-12T17:55:51.933Z","pH":"6.87","conductivity":"149.13","pressure":"1.95","temperature":"33.20","fillLevel":"66.12","flow":"13.15","humidity":"40.12","co2":"460.55"}
