{"timestamp":"2025-07-12T12:09:04.379Z","pH":"7.59","conductivity":"123.73","pressure":"2.80","temperature":"27.98","fillLevel":"19.53","flow":"10.59","humidity":"30.27","co2":"401.81"}
{"timestamp":"2025-07-12T12:09:14.379Z","pH":"7.78","conductivity":"111.52","pressure":"2.09","temperature":"22.07","fillLevel":"91.84","flow":"14.29","humidity":"35.64","co2":"494.80"}
{"timestamp":"2025-07-12T12:09:24.383Z","pH":"7.89","conductivity":"106.61","pressure":"1.09","temperature":"20.44","fillLevel":"70.51","flow":"14.93","humidity":"33.83","co2":"467.24"}
{"timestamp":"2025-07-12T12:09:34.395Z","pH":"6.29","conductivity":"112.95","pressure":"3.49","temperature":"34.89","fillLevel":"98.02","flow":"13.60","humidity":"41.60","co2":"493.40"}
{"timestamp":"2025-07-12T12:09:44.405Z","pH":"7.88","conductivity":"147.90","pressure":"1.58","temperature":"29.24","fillLevel":"94.29","flow":"12.28","humidity":"44.77","co2":"491.80"}
{"timestamp":"2025-07-12T12:09:54.412Z","pH":"7.46","conductivity":"111.98","pressure":"1.47","temperature":"32.75","fillLevel":"39.35","flow":"13.57","humidity":"35.84","co2":"496.43"}
