{"timestamp":"2025-07-12T12:30:02.155Z","pH":"7.33","conductivity":"115.80","pressure":"4.78","temperature":"31.61","fillLevel":"35.66","flow":"13.24","humidity":"30.99","co2":"487.17"}
{"timestamp":"2025-07-12T12:30:12.165Z","pH":"7.49","conductivity":"122.94","pressure":"4.60","temperature":"27.52","fillLevel":"28.31","flow":"12.93","humidity":"35.99","co2":"496.33"}
{"timestamp":"2025-07-12T12:30:22.174Z","pH":"7.04","conductivity":"111.56","pressure":"4.11","temperature":"29.76","fillLevel":"52.58","flow":"11.30","humidity":"47.52","co2":"449.74"}
{"timestamp":"2025-07-12T12:30:32.180Z","pH":"6.73","conductivity":"108.59","pressure":"3.50","temperature":"24.53","fillLevel":"50.25","flow":"13.70","humidity":"39.04","co2":"477.30"}
{"timestamp":"2025-07-12T12:30:42.179Z","pH":"6.18","conductivity":"104.82","pressure":"2.84","temperature":"30.17","fillLevel":"12.04","flow":"12.22","humidity":"35.99","co2":"452.48"}
{"timestamp":"2025-07-12T12:30:52.191Z","pH":"7.12","conductivity":"149.73","pressure":"5.18","temperature":"24.06","fillLevel":"86.08","flow":"11.58","humidity":"42.75","co2":"467.09"}
