{"timestamp":"2025-07-12T12:28:02.056Z","pH":"6.56","conductivity":"124.26","pressure":"1.42","temperature":"23.27","fillLevel":"2.07","flow":"11.69","humidity":"47.60","co2":"469.97"}
{"timestamp":"2025-07-12T12:28:12.056Z","pH":"7.62","conductivity":"137.36","pressure":"1.95","temperature":"29.67","fillLevel":"38.20","flow":"10.43","humidity":"37.89","co2":"442.66"}
{"timestamp":"2025-07-12T12:28:22.068Z","pH":"7.01","conductivity":"143.55","pressure":"2.26","temperature":"34.13","fillLevel":"91.47","flow":"12.67","humidity":"31.65","co2":"440.41"}
{"timestamp":"2025-07-12T12:28:32.079Z","pH":"7.33","conductivity":"103.29","pressure":"2.77","temperature":"24.21","fillLevel":"86.64","flow":"10.42","humidity":"30.19","co2":"452.97"}
{"timestamp":"2025-07-12T12:28:42.094Z","pH":"7.26","conductivity":"107.54","pressure":"5.34","temperature":"33.43","fillLevel":"45.05","flow":"14.21","humidity":"40.07","co2":"405.66"}
{"timestamp":"2025-07-12T12:28:52.108Z","pH":"7.37","conductivity":"142.75","pressure":"4.36","temperature":"34.07","fillLevel":"68.62","flow":"11.49","humidity":"38.12","co2":"429.40"}
