{"timestamp":"2025-07-12T12:18:04.772Z","pH":"6.66","conductivity":"111.46","pressure":"2.01","temperature":"34.83","fillLevel":"64.08","flow":"13.17","humidity":"46.30","co2":"470.72"}
{"timestamp":"2025-07-12T12:18:14.783Z","pH":"7.58","conductivity":"116.55","pressure":"4.17","temperature":"32.16","fillLevel":"42.47","flow":"11.85","humidity":"40.36","co2":"411.38"}
{"timestamp":"2025-07-12T12:18:24.789Z","pH":"7.08","conductivity":"108.83","pressure":"2.97","temperature":"30.36","fillLevel":"49.99","flow":"14.54","humidity":"48.83","co2":"454.09"}
{"timestamp":"2025-07-12T12:18:34.800Z","pH":"7.25","conductivity":"105.16","pressure":"4.70","temperature":"23.24","fillLevel":"79.86","flow":"11.82","humidity":"36.60","co2":"454.55"}
{"timestamp":"2025-07-12T12:18:44.814Z","pH":"6.77","conductivity":"107.73","pressure":"4.51","temperature":"23.27","fillLevel":"26.08","flow":"11.82","humidity":"48.58","co2":"416.46"}
{"timestamp":"2025-07-12T12:18:54.826Z","pH":"7.71","conductivity":"105.26","pressure":"4.83","temperature":"29.43","fillLevel":"89.56","flow":"11.84","humidity":"31.39","co2":"469.11"}
