{"timestamp":"2025-07-12T12:02:05.850Z","pH":"7.73","conductivity":"120.57","pressure":"5.82","temperature":"20.65","fillLevel":"3.71","flow":"13.81","humidity":"49.67","co2":"431.64"}
{"timestamp":"2025-07-12T12:02:15.858Z","pH":"7.12","conductivity":"123.62","pressure":"2.72","temperature":"29.83","fillLevel":"49.97","flow":"14.80","humidity":"33.87","co2":"461.98"}
{"timestamp":"2025-07-12T12:02:25.871Z","pH":"7.47","conductivity":"146.88","pressure":"4.06","temperature":"23.51","fillLevel":"93.92","flow":"10.03","humidity":"30.71","co2":"430.66"}
{"timestamp":"2025-07-12T12:02:35.876Z","pH":"6.08","conductivity":"104.69","pressure":"4.33","temperature":"32.45","fillLevel":"44.07","flow":"13.68","humidity":"39.42","co2":"461.25"}
{"timestamp":"2025-07-12T12:02:45.884Z","pH":"7.62","conductivity":"124.59","pressure":"2.40","temperature":"29.26","fillLevel":"37.22","flow":"13.32","humidity":"40.73","co2":"443.96"}
{"timestamp":"2025-07-12T12:02:55.896Z","pH":"6.75","conductivity":"112.21","pressure":"3.83","temperature":"34.16","fillLevel":"5.05","flow":"12.91","humidity":"38.97","co2":"415.67"}
