{"timestamp":"2025-07-12T12:20:04.895Z","pH":"6.33","conductivity":"109.03","pressure":"2.33","temperature":"32.07","fillLevel":"93.38","flow":"14.86","humidity":"37.18","co2":"454.73"}
{"timestamp":"2025-07-12T12:20:14.895Z","pH":"6.35","conductivity":"143.84","pressure":"3.98","temperature":"29.89","fillLevel":"80.82","flow":"10.48","humidity":"39.98","co2":"443.00"}
{"timestamp":"2025-07-12T12:20:24.900Z","pH":"6.71","conductivity":"103.99","pressure":"2.72","temperature":"31.37","fillLevel":"49.91","flow":"11.44","humidity":"41.62","co2":"406.71"}
{"timestamp":"2025-07-12T12:20:34.903Z","pH":"7.13","conductivity":"111.45","pressure":"3.32","temperature":"30.31","fillLevel":"24.36","flow":"11.01","humidity":"39.00","co2":"487.20"}
{"timestamp":"2025-07-12T12:20:44.906Z","pH":"6.45","conductivity":"100.28","pressure":"3.01","temperature":"25.77","fillLevel":"31.88","flow":"10.41","humidity":"45.72","co2":"465.43"}
{"timestamp":"2025-07-12T12:20:54.907Z","pH":"7.96","conductivity":"126.97","pressure":"1.58","temperature":"20.63","fillLevel":"4.99","flow":"13.86","humidity":"37.11","co2":"400.55"}
