{"timestamp":"2025-07-12T12:50:05.309Z","pH":"6.42","conductivity":"139.39","pressure":"5.86","temperature":"31.09","fillLevel":"57.32","flow":"13.33","humidity":"31.67","co2":"462.13"}
{"timestamp":"2025-07-12T12:50:15.309Z","pH":"7.65","conductivity":"115.93","pressure":"3.60","temperature":"33.15","fillLevel":"54.38","flow":"10.41","humidity":"44.87","co2":"400.24"}
{"timestamp":"2025-07-12T12:50:25.315Z","pH":"7.83","conductivity":"130.88","pressure":"2.50","temperature":"31.41","fillLevel":"97.03","flow":"11.18","humidity":"34.97","co2":"404.35"}
{"timestamp":"2025-07-12T12:50:35.317Z","pH":"7.48","conductivity":"123.69","pressure":"1.63","temperature":"30.49","fillLevel":"54.22","flow":"14.82","humidity":"44.07","co2":"442.39"}
{"timestamp":"2025-07-12T12:50:45.324Z","pH":"6.80","conductivity":"137.88","pressure":"1.03","temperature":"34.48","fillLevel":"96.45","flow":"11.13","humidity":"46.69","co2":"448.97"}
{"timestamp":"2025-07-12T12:50:55.327Z","pH":"7.77","conductivity":"128.17","pressure":"4.50","temperature":"30.59","fillLevel":"28.96","flow":"13.29","humidity":"32.08","co2":"484.67"}
