{"timestamp":"2025-07-12T12:44:04.890Z","pH":"6.50","conductivity":"129.37","pressure":"2.52","temperature":"23.45","fillLevel":"42.26","flow":"11.04","humidity":"39.05","co2":"457.25"}
{"timestamp":"2025-07-12T12:44:22.394Z","pH":"6.18","conductivity":"138.46","pressure":"5.02","temperature":"22.14","fillLevel":"9.12","flow":"13.48","humidity":"32.80","co2":"471.35"}
{"timestamp":"2025-07-12T12:44:32.397Z","pH":"6.89","conductivity":"126.44","pressure":"3.30","temperature":"31.94","fillLevel":"92.21","flow":"14.64","humidity":"46.56","co2":"481.53"}
{"timestamp":"2025-07-12T12:44:42.412Z","pH":"7.79","conductivity":"132.48","pressure":"4.72","temperature":"31.36","fillLevel":"99.15","flow":"12.44","humidity":"39.60","co2":"473.14"}
{"timestamp":"2025-07-12T12:44:52.425Z","pH":"7.38","conductivity":"117.49","pressure":"4.98","temperature":"28.72","fillLevel":"88.63","flow":"13.27","humidity":"49.59","co2":"446.02"}
