{"timestamp":"2025-07-12T12:24:05.052Z","pH":"7.97","conductivity":"139.24","pressure":"5.79","temperature":"31.00","fillLevel":"59.19","flow":"11.53","humidity":"37.05","co2":"473.57"}
{"timestamp":"2025-07-12T12:24:15.054Z","pH":"6.93","conductivity":"125.52","pressure":"2.18","temperature":"34.13","fillLevel":"79.50","flow":"13.65","humidity":"46.08","co2":"479.06"}
{"timestamp":"2025-07-12T12:24:25.059Z","pH":"7.89","conductivity":"145.98","pressure":"1.86","temperature":"20.93","fillLevel":"69.69","flow":"10.67","humidity":"36.22","co2":"497.22"}
{"timestamp":"2025-07-12T12:24:35.063Z","pH":"7.61","conductivity":"147.72","pressure":"3.22","temperature":"24.47","fillLevel":"80.52","flow":"14.46","humidity":"33.39","co2":"423.90"}
{"timestamp":"2025-07-12T12:24:46.630Z","pH":"6.60","conductivity":"146.41","pressure":"2.16","temperature":"25.22","fillLevel":"97.92","flow":"11.41","humidity":"33.35","co2":"432.41"}
{"timestamp":"2025-07-12T12:24:56.632Z","pH":"7.44","conductivity":"122.70","pressure":"2.57","temperature":"23.11","fillLevel":"37.02","flow":"13.65","humidity":"43.21","co2":"459.68"}
