{"timestamp":"2025-07-12T12:23:04.999Z","pH":"7.61","conductivity":"120.64","pressure":"2.93","temperature":"33.12","fillLevel":"71.32","flow":"12.83","humidity":"33.89","co2":"462.51"}
{"timestamp":"2025-07-12T12:23:15.006Z","pH":"7.12","conductivity":"120.52","pressure":"2.38","temperature":"24.35","fillLevel":"19.79","flow":"13.78","humidity":"49.82","co2":"418.12"}
{"timestamp":"2025-07-12T12:23:25.015Z","pH":"7.81","conductivity":"138.50","pressure":"3.58","temperature":"28.95","fillLevel":"94.35","flow":"11.59","humidity":"49.63","co2":"463.96"}
{"timestamp":"2025-07-12T12:23:35.017Z","pH":"7.69","conductivity":"147.34","pressure":"3.85","temperature":"29.86","fillLevel":"31.10","flow":"14.82","humidity":"43.16","co2":"483.62"}
{"timestamp":"2025-07-12T12:23:45.027Z","pH":"7.96","conductivity":"102.48","pressure":"3.00","temperature":"34.94","fillLevel":"61.45","flow":"10.02","humidity":"47.69","co2":"456.19"}
{"timestamp":"2025-07-12T12:23:55.040Z","pH":"6.09","conductivity":"112.75","pressure":"1.73","temperature":"20.62","fillLevel":"44.04","flow":"11.41","humidity":"46.36","co2":"473.38"}
