{"timestamp":"2025-07-12T12:39:04.606Z","pH":"7.17","conductivity":"138.35","pressure":"4.45","temperature":"23.64","fillLevel":"5.60","flow":"14.82","humidity":"35.10","co2":"442.05"}
{"timestamp":"2025-07-12T12:39:14.622Z","pH":"7.72","conductivity":"122.33","pressure":"5.16","temperature":"27.14","fillLevel":"72.63","flow":"12.57","humidity":"36.42","co2":"487.02"}
{"timestamp":"2025-07-12T12:39:24.636Z","pH":"6.19","conductivity":"141.95","pressure":"3.76","temperature":"28.74","fillLevel":"3.92","flow":"10.21","humidity":"47.44","co2":"446.87"}
{"timestamp":"2025-07-12T12:39:34.637Z","pH":"7.99","conductivity":"115.17","pressure":"2.28","temperature":"28.86","fillLevel":"0.12","flow":"10.14","humidity":"49.45","co2":"498.14"}
{"timestamp":"2025-07-12T12:39:44.645Z","pH":"6.55","conductivity":"100.90","pressure":"2.85","temperature":"22.50","fillLevel":"34.18","flow":"14.21","humidity":"48.66","co2":"477.40"}
{"timestamp":"2025-07-12T12:39:54.654Z","pH":"6.35","conductivity":"123.30","pressure":"4.53","temperature":"29.33","fillLevel":"60.73","flow":"12.20","humidity":"39.60","co2":"448.80"}
