{"timestamp":"2025-07-12T12:48:00.969Z","pH":"7.35","conductivity":"135.87","pressure":"1.32","temperature":"29.50","fillLevel":"48.33","flow":"12.71","humidity":"47.21","co2":"415.97"}
{"timestamp":"2025-07-12T12:48:10.970Z","pH":"7.44","conductivity":"149.56","pressure":"1.62","temperature":"25.93","fillLevel":"31.36","flow":"10.33","humidity":"30.66","co2":"418.21"}
{"timestamp":"2025-07-12T12:48:20.976Z","pH":"7.61","conductivity":"135.92","pressure":"1.85","temperature":"29.72","fillLevel":"93.88","flow":"11.19","humidity":"42.48","co2":"436.96"}
{"timestamp":"2025-07-12T12:48:30.978Z","pH":"7.67","conductivity":"102.40","pressure":"3.64","temperature":"23.76","fillLevel":"82.68","flow":"10.61","humidity":"45.73","co2":"464.00"}
{"timestamp":"2025-07-12T12:48:40.977Z","pH":"7.83","conductivity":"114.56","pressure":"2.11","temperature":"32.52","fillLevel":"28.29","flow":"14.39","humidity":"46.67","co2":"497.79"}
{"timestamp":"2025-07-12T12:48:50.979Z","pH":"7.31","conductivity":"134.87","pressure":"2.86","temperature":"20.17","fillLevel":"2.05","flow":"11.74","humidity":"41.40","co2":"427.01"}
