{"timestamp":"2025-07-12T12:47:00.933Z","pH":"6.71","conductivity":"131.13","pressure":"2.84","temperature":"27.30","fillLevel":"41.92","flow":"12.64","humidity":"47.32","co2":"419.75"}
{"timestamp":"2025-07-12T12:47:10.933Z","pH":"7.26","conductivity":"100.31","pressure":"2.78","temperature":"32.83","fillLevel":"86.30","flow":"12.84","humidity":"32.78","co2":"421.59"}
{"timestamp":"2025-07-12T12:47:20.941Z","pH":"7.23","conductivity":"120.17","pressure":"5.41","temperature":"26.00","fillLevel":"54.44","flow":"10.47","humidity":"38.20","co2":"464.88"}
{"timestamp":"2025-07-12T12:47:30.950Z","pH":"6.13","conductivity":"139.15","pressure":"4.47","temperature":"31.59","fillLevel":"47.12","flow":"12.75","humidity":"38.33","co2":"434.61"}
{"timestamp":"2025-07-12T12:47:40.965Z","pH":"6.88","conductivity":"123.07","pressure":"1.68","temperature":"31.24","fillLevel":"15.24","flow":"11.56","humidity":"40.06","co2":"456.80"}
{"timestamp":"2025-07-12T12:47:50.969Z","pH":"6.61","conductivity":"121.24","pressure":"2.20","temperature":"31.82","fillLevel":"80.75","flow":"13.15","humidity":"34.85","co2":"435.46"}
