{"timestamp":"2025-07-12T12:08:14.336Z","pH":"7.86","conductivity":"113.31","pressure":"5.59","temperature":"20.25","fillLevel":"63.58","flow":"12.64","humidity":"34.68","co2":"481.65"}
{"timestamp":"2025-07-12T12:08:15.488Z","pH":"6.90","conductivity":"135.88","pressure":"3.66","temperature":"24.70","fillLevel":"45.99","flow":"14.25","humidity":"32.74","co2":"498.59"}
{"timestamp":"2025-07-12T12:08:24.351Z","pH":"7.78","conductivity":"120.85","pressure":"5.72","temperature":"31.03","fillLevel":"22.36","flow":"14.41","humidity":"31.45","co2":"452.43"}
{"timestamp":"2025-07-12T12:08:34.351Z","pH":"7.47","conductivity":"100.04","pressure":"3.92","temperature":"25.83","fillLevel":"22.00","flow":"12.46","humidity":"34.03","co2":"481.40"}
{"timestamp":"2025-07-12T12:08:44.365Z","pH":"6.57","conductivity":"125.39","pressure":"2.10","temperature":"22.28","fillLevel":"13.66","flow":"11.03","humidity":"37.33","co2":"462.18"}
{"timestamp":"2025-07-12T12:08:54.378Z","pH":"6.49","conductivity":"105.36","pressure":"2.35","temperature":"21.79","fillLevel":"65.62","flow":"13.88","humidity":"39.34","co2":"463.79"}
