{"timestamp":"2025-07-12T12:41:04.720Z","pH":"7.70","conductivity":"140.35","pressure":"4.69","temperature":"26.65","fillLevel":"73.28","flow":"11.55","humidity":"40.27","co2":"496.91"}
{"timestamp":"2025-07-12T12:41:14.722Z","pH":"7.37","conductivity":"102.96","pressure":"1.66","temperature":"23.45","fillLevel":"74.57","flow":"12.80","humidity":"44.55","co2":"458.46"}
{"timestamp":"2025-07-12T12:41:24.736Z","pH":"7.15","conductivity":"102.89","pressure":"2.77","temperature":"23.60","fillLevel":"3.72","flow":"11.75","humidity":"45.05","co2":"482.40"}
{"timestamp":"2025-07-12T12:41:34.751Z","pH":"6.20","conductivity":"146.92","pressure":"4.33","temperature":"23.58","fillLevel":"29.77","flow":"12.48","humidity":"38.81","co2":"495.15"}
{"timestamp":"2025-07-12T12:41:44.751Z","pH":"7.22","conductivity":"105.23","pressure":"1.62","temperature":"33.64","fillLevel":"56.33","flow":"13.09","humidity":"40.98","co2":"433.40"}
{"timestamp":"2025-07-12T12:41:54.758Z","pH":"7.38","conductivity":"107.01","pressure":"1.08","temperature":"21.93","fillLevel":"95.38","flow":"11.05","humidity":"43.78","co2":"478.07"}
