{"timestamp":"2025-07-12T12:54:05.444Z","pH":"7.48","conductivity":"109.66","pressure":"1.56","temperature":"33.42","fillLevel":"79.92","flow":"14.77","humidity":"36.47","co2":"403.40"}
{"timestamp":"2025-07-12T12:54:15.452Z","pH":"7.92","conductivity":"118.79","pressure":"4.19","temperature":"31.33","fillLevel":"43.45","flow":"13.82","humidity":"46.23","co2":"479.82"}
{"timestamp":"2025-07-12T12:54:25.458Z","pH":"6.02","conductivity":"117.65","pressure":"5.96","temperature":"26.02","fillLevel":"46.91","flow":"12.60","humidity":"41.97","co2":"491.30"}
{"timestamp":"2025-07-12T12:54:35.467Z","pH":"6.49","conductivity":"147.32","pressure":"2.20","temperature":"23.55","fillLevel":"88.16","flow":"14.43","humidity":"45.11","co2":"429.59"}
{"timestamp":"2025-07-12T12:54:45.476Z","pH":"6.11","conductivity":"106.83","pressure":"1.31","temperature":"22.13","fillLevel":"81.05","flow":"14.93","humidity":"43.12","co2":"459.09"}
{"timestamp":"2025-07-12T12:54:55.480Z","pH":"6.88","conductivity":"123.14","pressure":"3.66","temperature":"21.77","fillLevel":"16.27","flow":"14.11","humidity":"43.53","co2":"429.13"}
