{"timestamp":"2025-07-12T12:32:02.243Z","pH":"6.58","conductivity":"114.26","pressure":"2.12","temperature":"31.84","fillLevel":"31.48","flow":"11.61","humidity":"49.73","co2":"438.97"}
{"timestamp":"2025-07-12T12:32:12.253Z","pH":"6.50","conductivity":"143.88","pressure":"1.18","temperature":"34.27","fillLevel":"98.08","flow":"14.11","humidity":"39.97","co2":"454.62"}
{"timestamp":"2025-07-12T12:32:22.259Z","pH":"6.06","conductivity":"100.93","pressure":"3.62","temperature":"20.98","fillLevel":"13.33","flow":"11.28","humidity":"35.79","co2":"469.07"}
{"timestamp":"2025-07-12T12:32:32.268Z","pH":"7.21","conductivity":"147.02","pressure":"1.60","temperature":"29.44","fillLevel":"6.60","flow":"14.49","humidity":"33.84","co2":"497.09"}
{"timestamp":"2025-07-12T12:32:42.279Z","pH":"6.86","conductivity":"139.61","pressure":"3.54","temperature":"25.58","fillLevel":"96.09","flow":"14.34","humidity":"34.04","co2":"400.92"}
{"timestamp":"2025-07-12T12:32:52.285Z","pH":"7.15","conductivity":"141.15","pressure":"3.03","temperature":"23.62","fillLevel":"99.73","flow":"12.66","humidity":"30.84","co2":"472.48"}
