{"timestamp":"2025-07-12T12:14:04.623Z","pH":"7.54","conductivity":"135.63","pressure":"3.17","temperature":"31.74","fillLevel":"51.75","flow":"13.16","humidity":"38.46","co2":"406.80"}
{"timestamp":"2025-07-12T12:14:14.625Z","pH":"7.84","conductivity":"135.49","pressure":"4.01","temperature":"22.45","fillLevel":"58.78","flow":"11.27","humidity":"46.84","co2":"418.28"}
{"timestamp":"2025-07-12T12:14:24.626Z","pH":"7.70","conductivity":"116.71","pressure":"5.48","temperature":"23.55","fillLevel":"25.31","flow":"11.99","humidity":"43.47","co2":"400.01"}
{"timestamp":"2025-07-12T12:14:34.641Z","pH":"7.24","conductivity":"145.92","pressure":"3.79","temperature":"30.53","fillLevel":"78.30","flow":"12.30","humidity":"41.65","co2":"487.48"}
{"timestamp":"2025-07-12T12:14:44.647Z","pH":"6.70","conductivity":"101.84","pressure":"3.08","temperature":"32.58","fillLevel":"6.50","flow":"12.07","humidity":"39.09","co2":"494.82"}
{"timestamp":"2025-07-12T12:14:54.653Z","pH":"7.21","conductivity":"111.31","pressure":"4.58","temperature":"25.15","fillLevel":"3.93","flow":"13.77","humidity":"40.27","co2":"422.72"}
