{"timestamp":"2025-07-12T12:53:05.422Z","pH":"7.33","conductivity":"129.53","pressure":"2.56","temperature":"23.39","fillLevel":"97.71","flow":"11.08","humidity":"45.77","co2":"459.42"}
{"timestamp":"2025-07-12T12:53:15.425Z","pH":"6.91","conductivity":"143.58","pressure":"1.86","temperature":"32.05","fillLevel":"28.96","flow":"10.90","humidity":"31.35","co2":"412.74"}
{"timestamp":"2025-07-12T12:53:25.428Z","pH":"6.05","conductivity":"138.61","pressure":"5.32","temperature":"22.76","fillLevel":"67.03","flow":"10.76","humidity":"44.31","co2":"480.26"}
{"timestamp":"2025-07-12T12:53:35.434Z","pH":"6.60","conductivity":"107.45","pressure":"1.96","temperature":"29.29","fillLevel":"97.43","flow":"10.15","humidity":"45.40","co2":"427.94"}
{"timestamp":"2025-07-12T12:53:45.441Z","pH":"6.52","conductivity":"139.53","pressure":"4.80","temperature":"20.19","fillLevel":"89.22","flow":"13.34","humidity":"35.96","co2":"492.95"}
{"timestamp":"2025-07-12T12:53:55.444Z","pH":"7.53","conductivity":"112.19","pressure":"5.29","temperature":"27.42","fillLevel":"21.24","flow":"10.20","humidity":"42.09","co2":"498.56"}
