{"timestamp":"2025-07-12T12:59:05.980Z","pH":"6.30","conductivity":"130.93","pressure":"2.53","temperature":"32.63","fillLevel":"88.12","flow":"12.23","humidity":"30.02","co2":"434.27"}
{"timestamp":"2025-07-12T12:59:15.984Z","pH":"6.16","conductivity":"100.70","pressure":"4.60","temperature":"27.84","fillLevel":"26.22","flow":"11.58","humidity":"41.25","co2":"416.86"}
{"timestamp":"2025-07-12T12:59:25.984Z","pH":"7.27","conductivity":"109.56","pressure":"4.09","temperature":"23.26","fillLevel":"22.34","flow":"10.33","humidity":"41.98","co2":"428.77"}
{"timestamp":"2025-07-12T12:59:35.987Z","pH":"7.23","conductivity":"142.30","pressure":"1.49","temperature":"34.38","fillLevel":"12.71","flow":"12.85","humidity":"49.40","co2":"459.54"}
{"timestamp":"2025-07-12T12:59:45.999Z","pH":"6.10","conductivity":"114.25","pressure":"5.01","temperature":"22.10","fillLevel":"63.56","flow":"11.40","humidity":"42.75","co2":"434.94"}
{"timestamp":"2025-07-12T12:59:56.014Z","pH":"7.81","conductivity":"103.49","pressure":"5.13","temperature":"26.82","fillLevel":"56.15","flow":"13.40","humidity":"40.18","co2":"454.44"}
