{"timestamp":"2025-07-12T12:25:06.637Z","pH":"7.82","conductivity":"147.91","pressure":"1.49","temperature":"23.36","fillLevel":"33.65","flow":"12.72","humidity":"30.20","co2":"440.10"}
{"timestamp":"2025-07-12T12:25:16.640Z","pH":"7.85","conductivity":"109.73","pressure":"1.94","temperature":"29.14","fillLevel":"39.27","flow":"11.42","humidity":"45.02","co2":"498.62"}
{"timestamp":"2025-07-12T12:25:26.654Z","pH":"7.95","conductivity":"125.09","pressure":"2.18","temperature":"31.19","fillLevel":"18.55","flow":"10.70","humidity":"35.49","co2":"459.99"}
{"timestamp":"2025-07-12T12:25:36.666Z","pH":"7.34","conductivity":"129.63","pressure":"4.87","temperature":"26.85","fillLevel":"15.71","flow":"12.15","humidity":"36.82","co2":"442.39"}
{"timestamp":"2025-07-12T12:25:46.677Z","pH":"7.20","conductivity":"134.50","pressure":"4.65","temperature":"24.73","fillLevel":"4.98","flow":"13.96","humidity":"46.87","co2":"448.11"}
{"timestamp":"2025-07-12T12:25:56.686Z","pH":"6.63","conductivity":"142.06","pressure":"1.91","temperature":"31.49","fillLevel":"60.67","flow":"14.97","humidity":"38.49","co2":"445.92"}
