{"timestamp":"2025-07-12T12:42:04.774Z","pH":"6.20","conductivity":"113.55","pressure":"3.70","temperature":"27.54","fillLevel":"60.26","flow":"10.32","humidity":"35.86","co2":"484.27"}
{"timestamp":"2025-07-12T12:42:14.776Z","pH":"7.05","conductivity":"101.14","pressure":"3.84","temperature":"24.12","fillLevel":"82.98","flow":"11.45","humidity":"42.95","co2":"438.70"}
{"timestamp":"2025-07-12T12:42:24.787Z","pH":"6.98","conductivity":"124.78","pressure":"3.77","temperature":"30.56","fillLevel":"25.42","flow":"12.25","humidity":"46.52","co2":"418.96"}
{"timestamp":"2025-07-12T12:42:34.799Z","pH":"6.17","conductivity":"148.08","pressure":"3.42","temperature":"30.30","fillLevel":"49.57","flow":"13.21","humidity":"46.94","co2":"451.96"}
{"timestamp":"2025-07-12T12:42:44.807Z","pH":"7.50","conductivity":"107.36","pressure":"3.54","temperature":"32.10","fillLevel":"64.90","flow":"14.38","humidity":"33.10","co2":"455.89"}
{"timestamp":"2025-07-12T12:42:54.811Z","pH":"6.94","conductivity":"139.10","pressure":"4.21","temperature":"32.45","fillLevel":"64.68","flow":"12.27","humidity":"48.96","co2":"496.85"}
