{"timestamp":"2025-07-12T12:31:02.201Z","pH":"6.72","conductivity":"147.68","pressure":"4.61","temperature":"28.19","fillLevel":"91.11","flow":"12.50","humidity":"38.86","co2":"413.87"}
{"timestamp":"2025-07-12T12:31:12.203Z","pH":"7.77","conductivity":"125.32","pressure":"2.93","temperature":"27.26","fillLevel":"25.68","flow":"11.71","humidity":"36.26","co2":"462.47"}
{"timestamp":"2025-07-12T12:31:22.207Z","pH":"6.78","conductivity":"104.31","pressure":"3.81","temperature":"26.47","fillLevel":"75.43","flow":"11.04","humidity":"36.54","co2":"458.54"}
{"timestamp":"2025-07-12T12:31:32.207Z","pH":"7.15","conductivity":"109.59","pressure":"1.77","temperature":"30.08","fillLevel":"10.73","flow":"13.99","humidity":"44.66","co2":"448.57"}
{"timestamp":"2025-07-12T12:31:42.221Z","pH":"7.05","conductivity":"111.47","pressure":"2.34","temperature":"30.53","fillLevel":"78.78","flow":"13.45","humidity":"38.59","co2":"424.12"}
{"timestamp":"2025-07-12T12:31:52.235Z","pH":"6.25","conductivity":"142.50","pressure":"2.02","temperature":"23.89","fillLevel":"4.06","flow":"12.29","humidity":"42.26","co2":"402.14"}
