{"timestamp":"2025-07-12T12:29:02.117Z","pH":"6.66","conductivity":"107.10","pressure":"4.90","temperature":"26.25","fillLevel":"83.89","flow":"14.53","humidity":"49.39","co2":"449.31"}
{"timestamp":"2025-07-12T12:29:12.119Z","pH":"7.82","conductivity":"140.99","pressure":"4.42","temperature":"23.39","fillLevel":"3.17","flow":"12.94","humidity":"45.59","co2":"438.03"}
{"timestamp":"2025-07-12T12:29:22.123Z","pH":"6.92","conductivity":"114.18","pressure":"1.01","temperature":"31.10","fillLevel":"13.52","flow":"11.97","humidity":"32.90","co2":"411.80"}
{"timestamp":"2025-07-12T12:29:32.135Z","pH":"6.19","conductivity":"147.08","pressure":"5.71","temperature":"33.38","fillLevel":"86.10","flow":"12.01","humidity":"45.79","co2":"405.49"}
{"timestamp":"2025-07-12T12:29:42.142Z","pH":"7.16","conductivity":"115.83","pressure":"2.26","temperature":"20.88","fillLevel":"27.77","flow":"11.28","humidity":"43.53","co2":"435.98"}
{"timestamp":"2025-07-12T12:29:52.145Z","pH":"6.97","conductivity":"139.70","pressure":"4.13","temperature":"23.09","fillLevel":"32.46","flow":"14.19","humidity":"38.55","co2":"440.59"}
