{"timestamp":"2025-07-12T12:37:04.515Z","pH":"7.99","conductivity":"128.23","pressure":"5.72","temperature":"25.75","fillLevel":"53.32","flow":"12.29","humidity":"42.06","co2":"469.76"}
{"timestamp":"2025-07-12T12:37:14.525Z","pH":"7.05","conductivity":"145.34","pressure":"2.03","temperature":"28.85","fillLevel":"99.81","flow":"14.17","humidity":"40.56","co2":"439.45"}
{"timestamp":"2025-07-12T12:37:24.539Z","pH":"6.59","conductivity":"110.25","pressure":"1.30","temperature":"24.93","fillLevel":"30.86","flow":"12.69","humidity":"36.47","co2":"478.18"}
{"timestamp":"2025-07-12T12:37:34.543Z","pH":"7.83","conductivity":"121.92","pressure":"1.97","temperature":"23.52","fillLevel":"99.07","flow":"14.10","humidity":"36.30","co2":"415.89"}
{"timestamp":"2025-07-12T12:37:44.550Z","pH":"6.35","conductivity":"131.14","pressure":"3.96","temperature":"20.91","fillLevel":"42.82","flow":"13.44","humidity":"39.72","co2":"433.88"}
{"timestamp":"2025-07-12T12:37:54.551Z","pH":"6.41","conductivity":"146.66","pressure":"1.56","temperature":"30.69","fillLevel":"92.70","flow":"11.89","humidity":"34.39","co2":"491.20"}
