{"timestamp":"2025-07-12T12:15:04.660Z","pH":"6.09","conductivity":"147.74","pressure":"2.76","temperature":"20.26","fillLevel":"12.96","flow":"14.85","humidity":"31.36","co2":"460.05"}
{"timestamp":"2025-07-12T12:15:14.666Z","pH":"7.89","conductivity":"149.56","pressure":"3.97","temperature":"31.48","fillLevel":"8.35","flow":"10.53","humidity":"48.41","co2":"421.38"}
{"timestamp":"2025-07-12T12:15:24.669Z","pH":"7.70","conductivity":"133.78","pressure":"2.42","temperature":"27.13","fillLevel":"2.40","flow":"14.49","humidity":"32.25","co2":"445.10"}
{"timestamp":"2025-07-12T12:15:34.670Z","pH":"6.03","conductivity":"114.06","pressure":"2.92","temperature":"22.91","fillLevel":"36.75","flow":"14.18","humidity":"43.18","co2":"486.26"}
{"timestamp":"2025-07-12T12:15:44.681Z","pH":"7.68","conductivity":"115.98","pressure":"3.84","temperature":"29.47","fillLevel":"39.83","flow":"11.92","humidity":"45.13","co2":"431.67"}
{"timestamp":"2025-07-12T12:15:54.696Z","pH":"6.48","conductivity":"127.16","pressure":"1.48","temperature":"21.85","fillLevel":"13.69","flow":"12.56","humidity":"39.28","co2":"426.15"}
