{"timestamp":"2025-07-12T12:01:05.797Z","pH":"6.65","conductivity":"108.92","pressure":"4.92","temperature":"21.40","fillLevel":"83.75","flow":"11.12","humidity":"45.87","co2":"411.44"}
{"timestamp":"2025-07-12T12:01:15.811Z","pH":"6.74","conductivity":"105.74","pressure":"4.07","temperature":"32.31","fillLevel":"13.89","flow":"11.13","humidity":"42.71","co2":"400.44"}
{"timestamp":"2025-07-12T12:01:25.825Z","pH":"6.45","conductivity":"115.41","pressure":"3.58","temperature":"24.56","fillLevel":"69.98","flow":"12.58","humidity":"35.34","co2":"448.87"}
{"timestamp":"2025-07-12T12:01:35.831Z","pH":"6.17","conductivity":"119.31","pressure":"4.19","temperature":"22.80","fillLevel":"72.31","flow":"13.70","humidity":"40.64","co2":"489.00"}
{"timestamp":"2025-07-12T12:01:45.839Z","pH":"6.13","conductivity":"110.93","pressure":"4.95","temperature":"34.08","fillLevel":"8.69","flow":"13.98","humidity":"46.55","co2":"486.60"}
{"timestamp":"2025-07-12T12:01:55.849Z","pH":"6.87","conductivity":"137.93","pressure":"3.78","temperature":"33.16","fillLevel":"73.00","flow":"14.36","humidity":"49.98","co2":"491.44"}
