{"timestamp":"2025-07-12T12:13:04.580Z","pH":"7.60","conductivity":"147.17","pressure":"4.61","temperature":"24.19","fillLevel":"4.38","flow":"11.44","humidity":"44.18","co2":"487.39"}
{"timestamp":"2025-07-12T12:13:14.592Z","pH":"6.19","conductivity":"145.35","pressure":"3.51","temperature":"20.61","fillLevel":"10.92","flow":"11.54","humidity":"37.80","co2":"445.75"}
{"timestamp":"2025-07-12T12:13:24.597Z","pH":"6.67","conductivity":"144.33","pressure":"2.96","temperature":"28.18","fillLevel":"60.86","flow":"14.94","humidity":"31.87","co2":"488.91"}
{"timestamp":"2025-07-12T12:13:34.598Z","pH":"7.19","conductivity":"123.68","pressure":"4.19","temperature":"25.19","fillLevel":"6.98","flow":"12.75","humidity":"44.94","co2":"441.18"}
{"timestamp":"2025-07-12T12:13:44.597Z","pH":"7.56","conductivity":"148.64","pressure":"1.18","temperature":"29.50","fillLevel":"87.20","flow":"14.67","humidity":"35.37","co2":"476.59"}
{"timestamp":"2025-07-12T12:13:54.609Z","pH":"6.93","conductivity":"139.55","pressure":"2.62","temperature":"20.63","fillLevel":"52.45","flow":"14.06","humidity":"40.50","co2":"464.84"}
