{"timestamp":"2025-07-12T12:27:02.008Z","pH":"6.49","conductivity":"137.69","pressure":"2.81","temperature":"34.99","fillLevel":"96.60","flow":"12.43","humidity":"31.05","co2":"428.20"}
{"timestamp":"2025-07-12T12:27:12.023Z","pH":"7.62","conductivity":"111.00","pressure":"1.76","temperature":"30.01","fillLevel":"89.23","flow":"13.07","humidity":"40.49","co2":"454.98"}
{"timestamp":"2025-07-12T12:27:22.024Z","pH":"7.13","conductivity":"148.03","pressure":"2.05","temperature":"23.59","fillLevel":"84.75","flow":"13.64","humidity":"37.25","co2":"404.12"}
{"timestamp":"2025-07-12T12:27:32.036Z","pH":"7.91","conductivity":"109.09","pressure":"5.22","temperature":"21.44","fillLevel":"10.33","flow":"10.73","humidity":"30.61","co2":"452.12"}
{"timestamp":"2025-07-12T12:27:42.042Z","pH":"7.28","conductivity":"114.98","pressure":"2.47","temperature":"26.05","fillLevel":"24.15","flow":"13.04","humidity":"44.35","co2":"413.95"}
{"timestamp":"2025-07-12T12:27:52.050Z","pH":"6.17","conductivity":"140.49","pressure":"2.86","temperature":"33.71","fillLevel":"77.66","flow":"11.99","humidity":"34.33","co2":"445.38"}
