{"timestamp":"2025-07-12T12:05:00.798Z","pH":"7.61","conductivity":"128.01","pressure":"3.28","temperature":"22.72","fillLevel":"12.89","flow":"11.15","humidity":"37.35","co2":"497.08"}
{"timestamp":"2025-07-12T12:05:10.802Z","pH":"7.39","conductivity":"103.45","pressure":"3.44","temperature":"21.96","fillLevel":"93.18","flow":"13.28","humidity":"37.35","co2":"405.04"}
{"timestamp":"2025-07-12T12:05:20.808Z","pH":"6.88","conductivity":"117.10","pressure":"4.86","temperature":"27.83","fillLevel":"69.38","flow":"11.87","humidity":"31.78","co2":"409.15"}
{"timestamp":"2025-07-12T12:05:30.824Z","pH":"7.58","conductivity":"141.39","pressure":"4.24","temperature":"21.04","fillLevel":"84.64","flow":"13.14","humidity":"37.35","co2":"467.66"}
{"timestamp":"2025-07-12T12:05:40.838Z","pH":"7.69","conductivity":"144.63","pressure":"2.78","temperature":"26.43","fillLevel":"34.97","flow":"13.24","humidity":"48.33","co2":"483.09"}
{"timestamp":"2025-07-12T12:05:50.850Z","pH":"7.07","conductivity":"107.74","pressure":"5.98","temperature":"24.55","fillLevel":"77.50","flow":"10.72","humidity":"40.23","co2":"427.83"}
