{"timestamp":"2025-07-12T12:35:04.425Z","pH":"7.82","conductivity":"105.52","pressure":"4.23","temperature":"29.03","fillLevel":"84.67","flow":"13.45","humidity":"44.72","co2":"435.66"}
{"timestamp":"2025-07-12T12:35:14.430Z","pH":"7.42","conductivity":"131.89","pressure":"5.82","temperature":"26.72","fillLevel":"87.36","flow":"12.71","humidity":"43.26","co2":"413.55"}
{"timestamp":"2025-07-12T12:35:24.437Z","pH":"7.69","conductivity":"139.47","pressure":"3.64","temperature":"21.79","fillLevel":"40.10","flow":"10.92","humidity":"35.36","co2":"404.65"}
{"timestamp":"2025-07-12T12:35:34.449Z","pH":"7.34","conductivity":"142.79","pressure":"1.84","temperature":"34.42","fillLevel":"80.45","flow":"11.46","humidity":"38.10","co2":"451.41"}
{"timestamp":"2025-07-12T12:35:44.457Z","pH":"7.48","conductivity":"144.52","pressure":"2.48","temperature":"32.20","fillLevel":"95.04","flow":"14.23","humidity":"37.72","co2":"467.61"}
{"timestamp":"2025-07-12T12:35:54.466Z","pH":"6.40","conductivity":"102.26","pressure":"3.59","temperature":"31.12","fillLevel":"62.31","flow":"11.75","humidity":"48.63","co2":"467.60"}
