{"timestamp":"2025-07-12T12:58:05.944Z","pH":"7.61","conductivity":"149.78","pressure":"3.39","temperature":"31.52","fillLevel":"51.72","flow":"11.89","humidity":"41.55","co2":"418.40"}
{"timestamp":"2025-07-12T12:58:15.946Z","pH":"6.85","conductivity":"106.84","pressure":"5.82","temperature":"29.74","fillLevel":"11.68","flow":"13.97","humidity":"36.37","co2":"411.93"}
{"timestamp":"2025-07-12T12:58:25.953Z","pH":"7.04","conductivity":"126.63","pressure":"3.21","temperature":"23.07","fillLevel":"17.25","flow":"13.84","humidity":"30.37","co2":"462.55"}
{"timestamp":"2025-07-12T12:58:35.954Z","pH":"6.03","conductivity":"118.33","pressure":"5.70","temperature":"27.87","fillLevel":"1.92","flow":"13.49","humidity":"33.03","co2":"445.92"}
{"timestamp":"2025-07-12T12:58:45.966Z","pH":"6.74","conductivity":"118.51","pressure":"5.95","temperature":"33.81","fillLevel":"27.57","flow":"10.57","humidity":"45.03","co2":"426.59"}
{"timestamp":"2025-07-12T12:58:55.974Z","pH":"6.20","conductivity":"111.21","pressure":"4.67","temperature":"26.99","fillLevel":"57.72","flow":"11.80","humidity":"40.44","co2":"424.01"}
