{"timestamp":"2025-07-12T12:43:04.824Z","pH":"7.73","conductivity":"125.37","pressure":"5.55","temperature":"31.78","fillLevel":"46.43","flow":"14.48","humidity":"44.78","co2":"437.13"}
{"timestamp":"2025-07-12T12:43:14.837Z","pH":"6.83","conductivity":"117.61","pressure":"1.39","temperature":"30.29","fillLevel":"71.51","flow":"11.08","humidity":"34.94","co2":"474.44"}
{"timestamp":"2025-07-12T12:43:24.839Z","pH":"6.57","conductivity":"100.69","pressure":"5.68","temperature":"24.68","fillLevel":"68.32","flow":"13.29","humidity":"42.95","co2":"438.43"}
{"timestamp":"2025-07-12T12:43:34.853Z","pH":"6.84","conductivity":"148.91","pressure":"1.56","temperature":"20.09","fillLevel":"18.32","flow":"10.66","humidity":"45.24","co2":"459.41"}
{"timestamp":"2025-07-12T12:43:44.861Z","pH":"6.35","conductivity":"131.22","pressure":"2.15","temperature":"29.25","fillLevel":"70.29","flow":"13.38","humidity":"41.65","co2":"461.77"}
{"timestamp":"2025-07-12T12:43:54.875Z","pH":"7.69","conductivity":"148.17","pressure":"2.35","temperature":"31.96","fillLevel":"33.87","flow":"11.88","humidity":"33.70","co2":"479.76"}
