{"timestamp":"2025-07-12T12:34:04.395Z","pH":"6.38","conductivity":"121.37","pressure":"4.69","temperature":"32.11","fillLevel":"11.87","flow":"11.95","humidity":"47.41","co2":"413.49"}
{"timestamp":"2025-07-12T12:34:14.399Z","pH":"6.74","conductivity":"116.65","pressure":"4.10","temperature":"22.07","fillLevel":"98.54","flow":"10.46","humidity":"37.01","co2":"420.90"}
{"timestamp":"2025-07-12T12:34:24.407Z","pH":"7.69","conductivity":"137.03","pressure":"5.35","temperature":"32.14","fillLevel":"9.70","flow":"11.45","humidity":"48.68","co2":"469.65"}
{"timestamp":"2025-07-12T12:34:34.407Z","pH":"6.68","conductivity":"133.89","pressure":"3.07","temperature":"24.54","fillLevel":"92.16","flow":"14.73","humidity":"46.70","co2":"459.62"}
{"timestamp":"2025-07-12T12:34:44.410Z","pH":"6.91","conductivity":"109.92","pressure":"3.79","temperature":"22.91","fillLevel":"81.55","flow":"11.57","humidity":"39.41","co2":"456.37"}
{"timestamp":"2025-07-12T12:34:54.425Z","pH":"6.71","conductivity":"120.81","pressure":"3.73","temperature":"25.11","fillLevel":"34.47","flow":"11.98","humidity":"37.03","co2":"408.52"}
