{"timestamp":"2025-07-12T12:52:05.378Z","pH":"7.79","conductivity":"106.89","pressure":"3.23","temperature":"28.48","fillLevel":"51.90","flow":"14.91","humidity":"42.21","co2":"459.64"}
{"timestamp":"2025-07-12T12:52:15.391Z","pH":"7.35","conductivity":"104.27","pressure":"5.97","temperature":"27.99","fillLevel":"60.13","flow":"11.45","humidity":"44.28","co2":"444.83"}
{"timestamp":"2025-07-12T12:52:25.395Z","pH":"6.44","conductivity":"132.21","pressure":"4.10","temperature":"30.99","fillLevel":"84.07","flow":"14.50","humidity":"44.79","co2":"458.63"}
{"timestamp":"2025-07-12T12:52:35.409Z","pH":"7.51","conductivity":"138.73","pressure":"1.22","temperature":"30.64","fillLevel":"6.81","flow":"10.24","humidity":"45.70","co2":"436.37"}
{"timestamp":"2025-07-12T12:52:45.422Z","pH":"7.19","conductivity":"136.91","pressure":"2.44","temperature":"24.40","fillLevel":"74.72","flow":"11.33","humidity":"46.38","co2":"477.75"}
{"timestamp":"2025-07-12T12:52:55.422Z","pH":"6.61","conductivity":"137.24","pressure":"2.65","temperature":"25.32","fillLevel":"25.37","flow":"10.23","humidity":"46.03","co2":"446.38"}
