{"timestamp":"2025-07-12T12:07:08.855Z","pH":"7.15","conductivity":"143.14","pressure":"5.60","temperature":"33.98","fillLevel":"76.43","flow":"10.92","humidity":"40.00","co2":"412.61"}
{"timestamp":"2025-07-12T12:07:18.858Z","pH":"7.96","conductivity":"112.39","pressure":"5.55","temperature":"20.78","fillLevel":"71.10","flow":"10.92","humidity":"47.89","co2":"457.38"}
{"timestamp":"2025-07-12T12:07:28.861Z","pH":"7.15","conductivity":"110.25","pressure":"2.48","temperature":"22.17","fillLevel":"89.69","flow":"14.39","humidity":"37.35","co2":"473.48"}
{"timestamp":"2025-07-12T12:07:38.867Z","pH":"6.76","conductivity":"110.65","pressure":"3.54","temperature":"23.40","fillLevel":"32.93","flow":"11.38","humidity":"45.64","co2":"430.98"}
{"timestamp":"2025-07-12T12:07:48.879Z","pH":"7.56","conductivity":"142.90","pressure":"5.51","temperature":"25.46","fillLevel":"54.89","flow":"10.79","humidity":"36.19","co2":"460.03"}
{"timestamp":"2025-07-12T12:07:58.880Z","pH":"6.71","conductivity":"105.94","pressure":"3.72","temperature":"32.38","fillLevel":"52.43","flow":"12.08","humidity":"44.66","co2":"477.35"}
