{"timestamp":"2025-07-12T12:00:05.754Z","pH":"6.26","conductivity":"136.48","pressure":"4.91","temperature":"24.73","fillLevel":"25.82","flow":"10.32","humidity":"42.30","co2":"402.17"}
{"timestamp":"2025-07-12T12:00:15.755Z","pH":"6.61","conductivity":"106.87","pressure":"1.80","temperature":"32.27","fillLevel":"26.55","flow":"12.50","humidity":"49.89","co2":"452.42"}
{"timestamp":"2025-07-12T12:00:25.762Z","pH":"6.28","conductivity":"120.75","pressure":"2.14","temperature":"25.06","fillLevel":"37.40","flow":"10.45","humidity":"32.73","co2":"427.27"}
{"timestamp":"2025-07-12T12:00:35.767Z","pH":"6.49","conductivity":"109.04","pressure":"5.05","temperature":"23.05","fillLevel":"38.77","flow":"14.87","humidity":"44.93","co2":"425.61"}
{"timestamp":"2025-07-12T12:00:45.777Z","pH":"6.82","conductivity":"128.17","pressure":"5.30","temperature":"20.28","fillLevel":"46.90","flow":"12.96","humidity":"49.73","co2":"440.88"}
{"timestamp":"2025-07-12T12:00:55.781Z","pH":"7.83","conductivity":"119.47","pressure":"2.05","temperature":"25.64","fillLevel":"52.11","flow":"13.73","humidity":"39.31","co2":"496.82"}
