{"timestamp":"2025-07-12T12:40:04.665Z","pH":"6.89","conductivity":"137.36","pressure":"4.52","temperature":"34.25","fillLevel":"3.41","flow":"13.04","humidity":"46.22","co2":"444.97"}
{"timestamp":"2025-07-12T12:40:14.675Z","pH":"6.91","conductivity":"131.02","pressure":"5.34","temperature":"30.37","fillLevel":"87.55","flow":"14.43","humidity":"30.18","co2":"499.31"}
{"timestamp":"2025-07-12T12:40:24.681Z","pH":"6.78","conductivity":"142.24","pressure":"2.82","temperature":"32.12","fillLevel":"48.34","flow":"14.09","humidity":"44.11","co2":"469.44"}
{"timestamp":"2025-07-12T12:40:34.694Z","pH":"6.04","conductivity":"117.69","pressure":"2.51","temperature":"32.01","fillLevel":"90.76","flow":"10.67","humidity":"41.62","co2":"421.99"}
{"timestamp":"2025-07-12T12:40:44.694Z","pH":"7.91","conductivity":"121.51","pressure":"1.41","temperature":"32.10","fillLevel":"9.91","flow":"14.31","humidity":"31.57","co2":"409.88"}
{"timestamp":"2025-07-12T12:40:54.704Z","pH":"6.17","conductivity":"139.01","pressure":"4.63","temperature":"28.76","fillLevel":"9.37","flow":"10.49","humidity":"39.10","co2":"469.53"}
