{"timestamp":"2025-07-12T12:51:05.335Z","pH":"6.99","conductivity":"142.29","pressure":"3.69","temperature":"26.70","fillLevel":"95.82","flow":"11.76","humidity":"48.57","co2":"480.38"}
{"timestamp":"2025-07-12T12:51:15.345Z","pH":"6.08","conductivity":"113.07","pressure":"5.61","temperature":"25.06","fillLevel":"19.94","flow":"12.09","humidity":"39.72","co2":"474.77"}
{"timestamp":"2025-07-12T12:51:25.344Z","pH":"7.14","conductivity":"127.91","pressure":"2.88","temperature":"29.82","fillLevel":"87.19","flow":"14.06","humidity":"31.40","co2":"481.00"}
{"timestamp":"2025-07-12T12:51:35.355Z","pH":"7.21","conductivity":"135.98","pressure":"1.42","temperature":"22.41","fillLevel":"48.50","flow":"14.35","humidity":"33.96","co2":"422.42"}
{"timestamp":"2025-07-12T12:51:45.357Z","pH":"6.74","conductivity":"107.69","pressure":"2.67","temperature":"27.02","fillLevel":"34.69","flow":"12.59","humidity":"32.70","co2":"458.60"}
{"timestamp":"2025-07-12T12:51:55.370Z","pH":"6.12","conductivity":"128.03","pressure":"4.76","temperature":"28.16","fillLevel":"71.12","flow":"11.53","humidity":"46.07","co2":"418.81"}
