{"timestamp":"2025-07-12T12:45:02.434Z","pH":"7.54","conductivity":"143.81","pressure":"4.65","temperature":"31.28","fillLevel":"62.50","flow":"10.90","humidity":"41.43","co2":"460.32"}
{"timestamp":"2025-07-12T12:45:12.445Z","pH":"6.58","conductivity":"130.25","pressure":"5.54","temperature":"34.44","fillLevel":"46.56","flow":"10.69","humidity":"35.92","co2":"442.44"}
{"timestamp":"2025-07-12T12:45:22.458Z","pH":"6.42","conductivity":"115.62","pressure":"5.09","temperature":"32.91","fillLevel":"42.17","flow":"14.22","humidity":"38.20","co2":"445.35"}
{"timestamp":"2025-07-12T12:45:32.470Z","pH":"6.69","conductivity":"138.25","pressure":"1.60","temperature":"31.50","fillLevel":"11.13","flow":"11.24","humidity":"40.26","co2":"483.37"}
{"timestamp":"2025-07-12T12:45:42.479Z","pH":"7.16","conductivity":"121.01","pressure":"3.96","temperature":"27.94","fillLevel":"55.82","flow":"14.16","humidity":"45.49","co2":"425.84"}
{"timestamp":"2025-07-12T12:45:52.484Z","pH":"7.96","conductivity":"104.09","pressure":"2.35","temperature":"29.94","fillLevel":"70.40","flow":"13.88","humidity":"34.77","co2":"471.93"}
