{"timestamp":"2025-07-12T12:22:04.960Z","pH":"7.22","conductivity":"133.41","pressure":"3.26","temperature":"34.92","fillLevel":"21.41","flow":"13.53","humidity":"33.76","co2":"485.37"}
{"timestamp":"2025-07-12T12:22:14.963Z","pH":"6.33","conductivity":"103.46","pressure":"4.23","temperature":"27.52","fillLevel":"92.75","flow":"14.52","humidity":"46.35","co2":"420.48"}
{"timestamp":"2025-07-12T12:22:24.971Z","pH":"7.11","conductivity":"119.65","pressure":"1.33","temperature":"22.75","fillLevel":"95.64","flow":"10.09","humidity":"42.05","co2":"459.99"}
{"timestamp":"2025-07-12T12:22:34.984Z","pH":"6.65","conductivity":"122.33","pressure":"1.49","temperature":"32.86","fillLevel":"71.56","flow":"12.73","humidity":"48.02","co2":"482.51"}
{"timestamp":"2025-07-12T12:22:44.992Z","pH":"7.52","conductivity":"100.20","pressure":"1.28","temperature":"21.29","fillLevel":"24.56","flow":"10.60","humidity":"41.19","co2":"486.93"}
{"timestamp":"2025-07-12T12:22:54.996Z","pH":"7.24","conductivity":"133.91","pressure":"4.86","temperature":"34.10","fillLevel":"81.76","flow":"10.36","humidity":"47.72","co2":"430.13"}
