{"timestamp":"2025-07-12T12:49:00.993Z","pH":"6.26","conductivity":"101.28","pressure":"1.47","temperature":"30.76","fillLevel":"23.40","flow":"11.62","humidity":"36.71","co2":"495.04"}
{"timestamp":"2025-07-12T12:49:10.995Z","pH":"7.20","conductivity":"110.85","pressure":"2.83","temperature":"32.88","fillLevel":"12.26","flow":"12.53","humidity":"35.78","co2":"429.57"}
{"timestamp":"2025-07-12T12:49:25.262Z","pH":"7.28","conductivity":"144.78","pressure":"4.35","temperature":"27.19","fillLevel":"77.43","flow":"13.34","humidity":"33.62","co2":"453.91"}
{"timestamp":"2025-07-12T12:49:35.271Z","pH":"7.11","conductivity":"109.98","pressure":"4.89","temperature":"25.79","fillLevel":"37.24","flow":"10.13","humidity":"39.65","co2":"492.46"}
{"timestamp":"2025-07-12T12:49:45.284Z","pH":"7.31","conductivity":"112.11","pressure":"1.05","temperature":"33.72","fillLevel":"7.46","flow":"13.66","humidity":"38.57","co2":"432.15"}
{"timestamp":"2025-07-12T12:49:55.296Z","pH":"7.38","conductivity":"128.68","pressure":"2.75","temperature":"30.17","fillLevel":"14.50","flow":"12.17","humidity":"44.11","co2":"499.51"}
