{"timestamp":"2025-07-12T12:19:04.838Z","pH":"6.68","conductivity":"117.44","pressure":"5.12","temperature":"27.83","fillLevel":"42.43","flow":"14.14","humidity":"45.00","co2":"408.01"}
{"timestamp":"2025-07-12T12:19:14.852Z","pH":"7.51","conductivity":"141.57","pressure":"3.68","temperature":"21.59","fillLevel":"14.77","flow":"11.60","humidity":"49.81","co2":"465.69"}
{"timestamp":"2025-07-12T12:19:24.862Z","pH":"6.64","conductivity":"142.75","pressure":"5.28","temperature":"21.87","fillLevel":"59.43","flow":"12.95","humidity":"32.44","co2":"410.23"}
{"timestamp":"2025-07-12T12:19:34.870Z","pH":"6.08","conductivity":"134.31","pressure":"4.81","temperature":"32.79","fillLevel":"44.92","flow":"12.85","humidity":"46.12","co2":"472.20"}
{"timestamp":"2025-07-12T12:19:44.873Z","pH":"7.46","conductivity":"128.31","pressure":"3.82","temperature":"26.53","fillLevel":"26.23","flow":"12.40","humidity":"41.04","co2":"421.75"}
{"timestamp":"2025-07-12T12:19:54.880Z","pH":"7.86","conductivity":"129.13","pressure":"4.64","temperature":"25.89","fillLevel":"67.20","flow":"11.93","humidity":"37.38","co2":"401.08"}
