{"timestamp":"2025-07-12T12:16:04.698Z","pH":"7.03","conductivity":"117.80","pressure":"1.32","temperature":"21.82","fillLevel":"77.70","flow":"13.37","humidity":"31.92","co2":"445.56"}
{"timestamp":"2025-07-12T12:16:14.707Z","pH":"7.62","conductivity":"108.34","pressure":"5.81","temperature":"24.52","fillLevel":"20.47","flow":"11.77","humidity":"48.23","co2":"409.88"}
{"timestamp":"2025-07-12T12:16:24.708Z","pH":"6.04","conductivity":"117.57","pressure":"4.60","temperature":"31.58","fillLevel":"4.35","flow":"11.68","humidity":"34.75","co2":"427.02"}
{"timestamp":"2025-07-12T12:16:34.712Z","pH":"7.06","conductivity":"101.22","pressure":"3.33","temperature":"29.64","fillLevel":"74.05","flow":"14.52","humidity":"48.67","co2":"410.25"}
{"timestamp":"2025-07-12T12:16:44.720Z","pH":"6.92","conductivity":"119.46","pressure":"5.65","temperature":"28.12","fillLevel":"84.03","flow":"13.69","humidity":"38.56","co2":"469.41"}
{"timestamp":"2025-07-12T12:16:54.730Z","pH":"6.52","conductivity":"107.78","pressure":"4.89","temperature":"20.03","fillLevel":"38.24","flow":"12.29","humidity":"40.44","co2":"476.70"}
