{"timestamp":"2025-07-12T12:06:00.851Z","pH":"6.74","conductivity":"129.66","pressure":"1.09","temperature":"29.37","fillLevel":"55.87","flow":"12.13","humidity":"32.32","co2":"441.17"}
{"timestamp":"2025-07-12T12:06:10.860Z","pH":"7.25","conductivity":"117.40","pressure":"5.42","temperature":"32.58","fillLevel":"18.50","flow":"13.59","humidity":"45.92","co2":"477.69"}
{"timestamp":"2025-07-12T12:06:20.870Z","pH":"6.31","conductivity":"120.61","pressure":"3.13","temperature":"26.73","fillLevel":"42.49","flow":"11.07","humidity":"39.96","co2":"452.60"}
{"timestamp":"2025-07-12T12:06:28.807Z","pH":"7.62","conductivity":"127.95","pressure":"3.95","temperature":"22.38","fillLevel":"95.29","flow":"13.98","humidity":"36.73","co2":"413.96"}
{"timestamp":"2025-07-12T12:06:38.823Z","pH":"6.03","conductivity":"106.96","pressure":"5.68","temperature":"22.02","fillLevel":"12.34","flow":"12.08","humidity":"38.89","co2":"438.31"}
{"timestamp":"2025-07-12T12:06:48.835Z","pH":"7.90","conductivity":"145.24","pressure":"5.08","temperature":"29.22","fillLevel":"73.71","flow":"12.84","humidity":"31.87","co2":"412.94"}
{"timestamp":"2025-07-12T12:06:56.486Z","pH":"7.68","conductivity":"148.89","pressure":"5.48","temperature":"23.76","fillLevel":"32.26","flow":"12.96","humidity":"40.20","co2":"495.95"}
{"timestamp":"2025-07-12T12:06:58.842Z","pH":"6.53","conductivity":"135.49","pressure":"5.87","temperature":"32.99","fillLevel":"97.08","flow":"12.57","humidity":"48.24","co2":"480.68"}
