{"timestamp":"2025-07-12T12:04:05.929Z","pH":"6.21","conductivity":"139.44","pressure":"2.93","temperature":"29.89","fillLevel":"62.15","flow":"14.43","humidity":"40.69","co2":"476.05"}
{"timestamp":"2025-07-12T12:04:10.751Z","pH":"7.62","conductivity":"112.27","pressure":"1.66","temperature":"31.14","fillLevel":"35.40","flow":"13.00","humidity":"37.36","co2":"490.27"}
{"timestamp":"2025-07-12T12:04:20.761Z","pH":"7.13","conductivity":"119.32","pressure":"3.84","temperature":"34.71","fillLevel":"19.77","flow":"10.03","humidity":"40.84","co2":"470.32"}
{"timestamp":"2025-07-12T12:04:30.765Z","pH":"6.39","conductivity":"113.41","pressure":"4.58","temperature":"25.85","fillLevel":"1.34","flow":"13.95","humidity":"39.12","co2":"413.47"}
{"timestamp":"2025-07-12T12:04:40.778Z","pH":"6.76","conductivity":"111.33","pressure":"2.08","temperature":"25.76","fillLevel":"90.13","flow":"10.11","humidity":"36.45","co2":"430.31"}
{"timestamp":"2025-07-12T12:04:50.784Z","pH":"6.83","conductivity":"147.71","pressure":"1.98","temperature":"32.61","fillLevel":"27.53","flow":"10.43","humidity":"49.69","co2":"475.91"}
