{"timestamp":"2025-07-12T12:21:04.915Z","pH":"6.05","conductivity":"133.10","pressure":"3.77","temperature":"25.85","fillLevel":"26.48","flow":"10.23","humidity":"38.17","co2":"457.34"}
{"timestamp":"2025-07-12T12:21:14.921Z","pH":"6.93","conductivity":"138.29","pressure":"4.63","temperature":"30.09","fillLevel":"27.75","flow":"14.55","humidity":"43.29","co2":"431.96"}
{"timestamp":"2025-07-12T12:21:24.936Z","pH":"7.18","conductivity":"107.18","pressure":"5.35","temperature":"32.41","fillLevel":"82.68","flow":"11.29","humidity":"49.57","co2":"429.74"}
{"timestamp":"2025-07-12T12:21:34.946Z","pH":"7.61","conductivity":"121.11","pressure":"2.89","temperature":"25.17","fillLevel":"98.48","flow":"10.77","humidity":"37.17","co2":"403.81"}
{"timestamp":"2025-07-12T12:21:44.949Z","pH":"6.85","conductivity":"148.54","pressure":"5.80","temperature":"30.41","fillLevel":"5.76","flow":"14.66","humidity":"39.44","co2":"461.51"}
{"timestamp":"2025-07-12T12:21:54.949Z","pH":"7.77","conductivity":"125.85","pressure":"5.23","temperature":"22.76","fillLevel":"34.97","flow":"14.24","humidity":"30.99","co2":"431.56"}
