{"timestamp":"2025-07-12T12:26:06.687Z","pH":"7.26","conductivity":"115.09","pressure":"3.84","temperature":"26.07","fillLevel":"51.87","flow":"12.20","humidity":"38.41","co2":"444.35"}
{"timestamp":"2025-07-12T12:26:16.688Z","pH":"6.42","conductivity":"145.11","pressure":"3.35","temperature":"28.02","fillLevel":"12.95","flow":"11.79","humidity":"30.05","co2":"472.53"}
{"timestamp":"2025-07-12T12:26:26.693Z","pH":"7.60","conductivity":"135.81","pressure":"5.71","temperature":"30.18","fillLevel":"1.26","flow":"10.11","humidity":"39.11","co2":"473.36"}
{"timestamp":"2025-07-12T12:26:36.703Z","pH":"7.88","conductivity":"119.25","pressure":"4.33","temperature":"28.46","fillLevel":"34.44","flow":"13.22","humidity":"43.02","co2":"494.03"}
{"timestamp":"2025-07-12T12:26:52.003Z","pH":"6.08","conductivity":"138.02","pressure":"3.25","temperature":"33.59","fillLevel":"45.35","flow":"11.65","humidity":"44.47","co2":"400.83"}
