{"timestamp":"2025-07-12T12:33:02.297Z","pH":"6.86","conductivity":"142.78","pressure":"1.41","temperature":"31.85","fillLevel":"69.61","flow":"12.40","humidity":"37.81","co2":"466.48"}
{"timestamp":"2025-07-12T12:33:12.311Z","pH":"7.91","conductivity":"144.41","pressure":"5.29","temperature":"31.73","fillLevel":"96.82","flow":"13.84","humidity":"33.30","co2":"427.90"}
{"timestamp":"2025-07-12T12:33:22.321Z","pH":"6.48","conductivity":"134.82","pressure":"5.43","temperature":"26.77","fillLevel":"60.66","flow":"10.16","humidity":"30.68","co2":"437.76"}
{"timestamp":"2025-07-12T12:33:32.367Z","pH":"7.18","conductivity":"144.06","pressure":"5.88","temperature":"28.25","fillLevel":"72.40","flow":"13.40","humidity":"40.42","co2":"498.10"}
{"timestamp":"2025-07-12T12:33:44.384Z","pH":"7.71","conductivity":"135.11","pressure":"4.87","temperature":"25.94","fillLevel":"87.11","flow":"12.74","humidity":"35.76","co2":"433.16"}
{"timestamp":"2025-07-12T12:33:54.384Z","pH":"6.90","conductivity":"103.66","pressure":"3.23","temperature":"27.92","fillLevel":"52.22","flow":"13.70","humidity":"38.54","co2":"429.30"}
