{"timestamp":"2025-07-12T12:55:05.484Z","pH":"7.14","conductivity":"140.69","pressure":"5.39","temperature":"31.02","fillLevel":"67.45","flow":"10.13","humidity":"43.25","co2":"442.17"}
{"timestamp":"2025-07-12T12:55:15.814Z","pH":"7.22","conductivity":"129.01","pressure":"1.19","temperature":"22.53","fillLevel":"86.52","flow":"13.17","humidity":"33.89","co2":"439.42"}
{"timestamp":"2025-07-12T12:55:25.820Z","pH":"7.34","conductivity":"107.44","pressure":"3.93","temperature":"21.79","fillLevel":"3.15","flow":"13.52","humidity":"43.71","co2":"473.81"}
{"timestamp":"2025-07-12T12:55:35.825Z","pH":"6.65","conductivity":"114.97","pressure":"4.81","temperature":"24.86","fillLevel":"29.03","flow":"14.93","humidity":"39.57","co2":"467.54"}
{"timestamp":"2025-07-12T12:55:45.828Z","pH":"7.20","conductivity":"100.30","pressure":"2.31","temperature":"21.52","fillLevel":"57.82","flow":"13.37","humidity":"38.97","co2":"435.09"}
{"timestamp":"2025-07-12T12:55:55.834Z","pH":"6.75","conductivity":"115.38","pressure":"4.39","temperature":"20.36","fillLevel":"4.68","flow":"11.26","humidity":"41.76","co2":"472.26"}
