{"timestamp":"2025-07-12T12:03:05.895Z","pH":"6.59","conductivity":"103.65","pressure":"3.54","temperature":"23.15","fillLevel":"20.24","flow":"12.96","humidity":"34.11","co2":"492.81"}
{"timestamp":"2025-07-12T12:03:15.904Z","pH":"7.80","conductivity":"131.04","pressure":"2.82","temperature":"31.98","fillLevel":"29.22","flow":"10.83","humidity":"45.64","co2":"445.73"}
{"timestamp":"2025-07-12T12:03:25.904Z","pH":"7.44","conductivity":"149.93","pressure":"1.70","temperature":"26.53","fillLevel":"71.00","flow":"14.74","humidity":"36.86","co2":"454.78"}
{"timestamp":"2025-07-12T12:03:35.907Z","pH":"7.38","conductivity":"138.56","pressure":"5.85","temperature":"26.60","fillLevel":"38.56","flow":"13.86","humidity":"30.63","co2":"427.89"}
{"timestamp":"2025-07-12T12:03:45.914Z","pH":"7.42","conductivity":"107.12","pressure":"5.97","temperature":"24.02","fillLevel":"3.61","flow":"14.46","humidity":"33.52","co2":"480.57"}
{"timestamp":"2025-07-12T12:03:55.928Z","pH":"6.75","conductivity":"126.91","pressure":"1.27","temperature":"21.25","fillLevel":"38.76","flow":"10.11","humidity":"42.28","co2":"408.50"}
