{"timestamp":"2025-07-12T12:38:04.562Z","pH":"6.01","conductivity":"144.84","pressure":"1.23","temperature":"28.19","fillLevel":"88.39","flow":"11.42","humidity":"45.31","co2":"496.71"}
{"timestamp":"2025-07-12T12:38:14.578Z","pH":"6.53","conductivity":"101.10","pressure":"3.74","temperature":"32.54","fillLevel":"23.28","flow":"11.20","humidity":"49.72","co2":"440.78"}
{"timestamp":"2025-07-12T12:38:24.586Z","pH":"7.05","conductivity":"115.59","pressure":"5.85","temperature":"30.59","fillLevel":"5.37","flow":"14.48","humidity":"33.70","co2":"445.36"}
{"timestamp":"2025-07-12T12:38:34.597Z","pH":"6.57","conductivity":"124.17","pressure":"3.55","temperature":"21.22","fillLevel":"9.25","flow":"12.26","humidity":"39.77","co2":"473.18"}
{"timestamp":"2025-07-12T12:38:44.606Z","pH":"7.53","conductivity":"133.81","pressure":"4.61","temperature":"27.63","fillLevel":"89.24","flow":"13.25","humidity":"47.58","co2":"458.39"}
{"timestamp":"2025-07-12T12:38:54.607Z","pH":"7.70","conductivity":"120.14","pressure":"5.09","temperature":"28.54","fillLevel":"85.47","flow":"11.92","humidity":"43.06","co2":"458.63"}
