{"timestamp":"2025-07-12T12:36:04.481Z","pH":"6.84","conductivity":"149.60","pressure":"3.25","temperature":"20.90","fillLevel":"23.75","flow":"11.49","humidity":"39.37","co2":"427.62"}
{"timestamp":"2025-07-12T12:36:14.486Z","pH":"6.80","conductivity":"147.75","pressure":"5.07","temperature":"22.32","fillLevel":"21.10","flow":"12.23","humidity":"31.94","co2":"440.98"}
{"timestamp":"2025-07-12T12:36:24.492Z","pH":"6.45","conductivity":"130.94","pressure":"1.13","temperature":"25.39","fillLevel":"85.13","flow":"13.97","humidity":"47.98","co2":"439.57"}
{"timestamp":"2025-07-12T12:36:34.500Z","pH":"6.09","conductivity":"141.33","pressure":"5.06","temperature":"25.37","fillLevel":"80.87","flow":"14.07","humidity":"49.75","co2":"419.03"}
{"timestamp":"2025-07-12T12:36:44.500Z","pH":"7.81","conductivity":"123.08","pressure":"5.94","temperature":"21.62","fillLevel":"47.45","flow":"10.15","humidity":"41.97","co2":"488.83"}
{"timestamp":"2025-07-12T12:36:54.502Z","pH":"7.04","conductivity":"135.39","pressure":"5.98","temperature":"26.29","fillLevel":"32.70","flow":"10.33","humidity":"45.29","co2":"498.24"}
