{"timestamp":"2025-07-12T12:56:05.845Z","pH":"6.22","conductivity":"116.30","pressure":"1.52","temperature":"24.12","fillLevel":"98.03","flow":"12.43","humidity":"42.10","co2":"498.27"}
{"timestamp":"2025-07-12T12:56:15.854Z","pH":"7.53","conductivity":"102.61","pressure":"4.00","temperature":"27.11","fillLevel":"46.42","flow":"12.26","humidity":"43.07","co2":"405.92"}
{"timestamp":"2025-07-12T12:56:25.854Z","pH":"6.82","conductivity":"126.68","pressure":"4.96","temperature":"21.25","fillLevel":"54.01","flow":"12.38","humidity":"30.64","co2":"457.71"}
{"timestamp":"2025-07-12T12:56:35.855Z","pH":"6.92","conductivity":"117.10","pressure":"1.14","temperature":"30.94","fillLevel":"1.82","flow":"10.93","humidity":"49.16","co2":"423.92"}
{"timestamp":"2025-07-12T12:56:45.864Z","pH":"7.96","conductivity":"108.23","pressure":"1.57","temperature":"25.48","fillLevel":"52.88","flow":"13.61","humidity":"34.25","co2":"465.08"}
{"timestamp":"2025-07-12T12:56:55.878Z","pH":"6.81","conductivity":"148.56","pressure":"2.57","temperature":"24.25","fillLevel":"15.42","flow":"13.25","humidity":"34.47","co2":"435.42"}
