{"timestamp":"2025-07-12T12:10:04.421Z","pH":"6.88","conductivity":"105.50","pressure":"1.09","temperature":"31.13","fillLevel":"3.81","flow":"13.78","humidity":"46.32","co2":"409.55"}
{"timestamp":"2025-07-12T12:10:14.434Z","pH":"7.32","conductivity":"144.88","pressure":"3.40","temperature":"27.61","fillLevel":"37.12","flow":"14.39","humidity":"34.62","co2":"420.87"}
{"timestamp":"2025-07-12T12:10:24.437Z","pH":"7.20","conductivity":"140.59","pressure":"2.54","temperature":"30.49","fillLevel":"68.90","flow":"11.83","humidity":"43.93","co2":"407.34"}
{"timestamp":"2025-07-12T12:10:34.451Z","pH":"6.68","conductivity":"133.26","pressure":"2.15","temperature":"22.38","fillLevel":"34.37","flow":"12.69","humidity":"40.49","co2":"488.02"}
{"timestamp":"2025-07-12T12:10:44.466Z","pH":"7.18","conductivity":"125.67","pressure":"3.42","temperature":"33.53","fillLevel":"9.89","flow":"11.62","humidity":"36.80","co2":"409.39"}
{"timestamp":"2025-07-12T12:10:54.479Z","pH":"7.21","conductivity":"144.97","pressure":"3.34","temperature":"25.21","fillLevel":"54.55","flow":"12.39","humidity":"48.30","co2":"419.11"}
