{"timestamp":"2025-07-12T12:46:02.498Z","pH":"7.42","conductivity":"112.78","pressure":"4.13","temperature":"20.34","fillLevel":"62.97","flow":"13.57","humidity":"45.75","co2":"465.12"}
{"timestamp":"2025-07-12T12:46:12.502Z","pH":"6.98","conductivity":"120.75","pressure":"1.54","temperature":"21.97","fillLevel":"41.99","flow":"10.65","humidity":"31.16","co2":"472.51"}
{"timestamp":"2025-07-12T12:46:22.517Z","pH":"7.78","conductivity":"128.19","pressure":"4.17","temperature":"34.42","fillLevel":"83.16","flow":"11.76","humidity":"44.21","co2":"422.51"}
{"timestamp":"2025-07-12T12:46:40.910Z","pH":"7.48","conductivity":"123.56","pressure":"4.89","temperature":"27.96","fillLevel":"26.08","flow":"13.07","humidity":"36.39","co2":"488.00"}
{"timestamp":"2025-07-12T12:46:50.920Z","pH":"7.59","conductivity":"108.70","pressure":"2.67","temperature":"32.19","fillLevel":"39.03","flow":"14.18","humidity":"30.21","co2":"432.27"}
