{"timestamp":"2025-07-12T12:17:04.734Z","pH":"7.54","conductivity":"105.40","pressure":"4.81","temperature":"24.41","fillLevel":"91.03","flow":"10.95","humidity":"35.58","co2":"406.28"}
{"timestamp":"2025-07-12T12:17:14.735Z","pH":"7.56","conductivity":"127.55","pressure":"4.07","temperature":"23.05","fillLevel":"71.87","flow":"13.33","humidity":"40.52","co2":"444.37"}
{"timestamp":"2025-07-12T12:17:24.738Z","pH":"6.25","conductivity":"127.01","pressure":"3.71","temperature":"31.49","fillLevel":"23.51","flow":"14.24","humidity":"41.69","co2":"465.66"}
{"timestamp":"2025-07-12T12:17:34.750Z","pH":"7.36","conductivity":"141.85","pressure":"5.86","temperature":"30.12","fillLevel":"58.61","flow":"11.61","humidity":"44.69","co2":"407.66"}
{"timestamp":"2025-07-12T12:17:44.757Z","pH":"6.83","conductivity":"135.79","pressure":"2.84","temperature":"22.78","fillLevel":"33.95","flow":"12.53","humidity":"44.50","co2":"466.33"}
{"timestamp":"2025-07-12T12:17:54.760Z","pH":"7.20","conductivity":"101.38","pressure":"3.82","temperature":"30.41","fillLevel":"61.86","flow":"13.69","humidity":"43.74","co2":"429.66"}
