{"timestamp":"2025-07-12T12:11:04.492Z","pH":"6.82","conductivity":"114.76","pressure":"3.54","temperature":"27.89","fillLevel":"0.08","flow":"13.58","humidity":"49.48","co2":"422.84"}
{"timestamp":"2025-07-12T12:11:14.499Z","pH":"7.98","conductivity":"106.36","pressure":"3.62","temperature":"20.55","fillLevel":"0.68","flow":"12.25","humidity":"31.93","co2":"483.99"}
{"timestamp":"2025-07-12T12:11:24.504Z","pH":"6.25","conductivity":"114.65","pressure":"2.86","temperature":"20.21","fillLevel":"17.13","flow":"11.79","humidity":"46.90","co2":"433.93"}
{"timestamp":"2025-07-12T12:11:34.511Z","pH":"7.96","conductivity":"112.77","pressure":"2.21","temperature":"28.32","fillLevel":"96.56","flow":"12.24","humidity":"49.64","co2":"473.11"}
{"timestamp":"2025-07-12T12:11:44.523Z","pH":"7.09","conductivity":"139.97","pressure":"1.88","temperature":"30.51","fillLevel":"4.46","flow":"14.61","humidity":"33.79","co2":"465.79"}
{"timestamp":"2025-07-12T12:11:54.526Z","pH":"6.41","conductivity":"142.77","pressure":"2.94","temperature":"32.42","fillLevel":"99.93","flow":"14.81","humidity":"45.99","co2":"480.92"}
