{"timestamp":"2025-07-12T12:57:05.883Z","pH":"6.50","conductivity":"103.91","pressure":"4.35","temperature":"26.60","fillLevel":"62.99","flow":"12.15","humidity":"43.52","co2":"456.80"}
{"timestamp":"2025-07-12T12:57:15.891Z","pH":"7.63","conductivity":"100.85","pressure":"3.88","temperature":"22.41","fillLevel":"81.13","flow":"14.47","humidity":"41.75","co2":"493.12"}
{"timestamp":"2025-07-12T12:57:25.906Z","pH":"6.29","conductivity":"130.93","pressure":"1.54","temperature":"28.18","fillLevel":"62.79","flow":"11.26","humidity":"39.99","co2":"449.53"}
{"timestamp":"2025-07-12T12:57:35.919Z","pH":"7.58","conductivity":"116.01","pressure":"5.93","temperature":"30.63","fillLevel":"33.01","flow":"10.56","humidity":"48.18","co2":"477.33"}
{"timestamp":"2025-07-12T12:57:45.926Z","pH":"7.22","conductivity":"110.20","pressure":"4.41","temperature":"20.97","fillLevel":"36.05","flow":"14.60","humidity":"30.40","co2":"428.90"}
{"timestamp":"2025-07-12T12:57:55.928Z","pH":"6.45","conductivity":"112.45","pressure":"3.55","temperature":"28.71","fillLevel":"27.21","flow":"14.71","humidity":"44.82","co2":"433.15"}
