{"timestamp":"2025-07-12T12:12:04.527Z","pH":"6.86","conductivity":"107.26","pressure":"4.30","temperature":"30.97","fillLevel":"42.32","flow":"11.34","humidity":"39.04","co2":"469.29"}
{"timestamp":"2025-07-12T12:12:14.535Z","pH":"7.07","conductivity":"138.11","pressure":"2.69","temperature":"30.51","fillLevel":"83.01","flow":"11.50","humidity":"36.14","co2":"437.54"}
{"timestamp":"2025-07-12T12:12:24.540Z","pH":"6.56","conductivity":"141.86","pressure":"3.08","temperature":"30.62","fillLevel":"62.64","flow":"12.51","humidity":"33.76","co2":"426.01"}
{"timestamp":"2025-07-12T12:12:34.545Z","pH":"7.31","conductivity":"141.91","pressure":"1.93","temperature":"34.33","fillLevel":"90.93","flow":"10.37","humidity":"36.38","co2":"470.65"}
{"timestamp":"2025-07-12T12:12:44.552Z","pH":"6.23","conductivity":"107.43","pressure":"4.76","temperature":"21.68","fillLevel":"79.22","flow":"10.89","humidity":"49.90","co2":"491.87"}
{"timestamp":"2025-07-12T12:12:54.566Z","pH":"7.58","conductivity":"101.07","pressure":"2.26","temperature":"26.12","fillLevel":"46.40","flow":"12.08","humidity":"30.17","co2":"405.87"}
