{"timestamp":"2025-07-13T11:12:01.865Z","pH":"8.00","conductivity":"102.72","pressure":"5.45","temperature":"25.78","fillLevel":"46.15","flow":"13.47","humidity":"40.01","co2":"454.32"}
{"timestamp":"2025-07-13T11:12:11.866Z","pH":"7.39","conductivity":"130.66","pressure":"3.25","temperature":"29.59","fillLevel":"20.99","flow":"14.37","humidity":"37.10","co2":"444.05"}
{"timestamp":"2025-07-13T11:12:21.874Z","pH":"6.30","conductivity":"133.39","pressure":"3.41","temperature":"27.44","fillLevel":"65.22","flow":"13.87","humidity":"36.77","co2":"464.67"}
{"timestamp":"2025-07-13T11:12:31.877Z","pH":"7.27","conductivity":"126.40","pressure":"5.20","temperature":"29.84","fillLevel":"33.01","flow":"13.42","humidity":"33.31","co2":"472.75"}
{"timestamp":"2025-07-13T11:12:41.879Z","pH":"6.95","conductivity":"119.51","pressure":"5.08","temperature":"22.95","fillLevel":"83.94","flow":"13.40","humidity":"47.36","co2":"483.35"}
{"timestamp":"2025-07-13T11:12:51.883Z","pH":"6.76","conductivity":"132.46","pressure":"4.44","temperature":"27.06","fillLevel":"55.94","flow":"11.34","humidity":"40.44","co2":"414.63"}
