{"timestamp":"2025-07-13T11:53:03.674Z","pH":"7.36","conductivity":"119.43","pressure":"3.30","temperature":"32.08","fillLevel":"11.61","flow":"14.94","humidity":"39.40","co2":"423.96"}
{"timestamp":"2025-07-13T11:53:13.677Z","pH":"6.40","conductivity":"130.73","pressure":"4.87","temperature":"31.48","fillLevel":"72.96","flow":"11.58","humidity":"43.58","co2":"482.23"}
{"timestamp":"2025-07-13T11:53:23.685Z","pH":"6.78","conductivity":"111.28","pressure":"1.19","temperature":"29.47","fillLevel":"54.24","flow":"12.11","humidity":"35.21","co2":"493.71"}
{"timestamp":"2025-07-13T11:53:33.692Z","pH":"6.29","conductivity":"114.78","pressure":"5.72","temperature":"24.12","fillLevel":"60.71","flow":"13.54","humidity":"32.66","co2":"431.51"}
{"timestamp":"2025-07-13T11:53:43.704Z","pH":"7.50","conductivity":"105.32","pressure":"3.44","temperature":"26.99","fillLevel":"83.44","flow":"11.29","humidity":"30.76","co2":"453.89"}
{"timestamp":"2025-07-13T11:53:53.706Z","pH":"6.83","conductivity":"133.20","pressure":"5.25","temperature":"26.34","fillLevel":"11.82","flow":"12.03","humidity":"33.48","co2":"404.11"}
