{"timestamp":"2025-07-13T11:02:01.409Z","pH":"6.35","conductivity":"104.31","pressure":"5.87","temperature":"20.24","fillLevel":"8.77","flow":"13.57","humidity":"43.42","co2":"446.78"}
{"timestamp":"2025-07-13T11:02:11.422Z","pH":"6.26","conductivity":"116.83","pressure":"4.76","temperature":"30.37","fillLevel":"82.73","flow":"11.37","humidity":"31.75","co2":"487.00"}
{"timestamp":"2025-07-13T11:02:21.431Z","pH":"6.21","conductivity":"126.88","pressure":"2.56","temperature":"33.39","fillLevel":"11.39","flow":"14.59","humidity":"40.78","co2":"406.73"}
{"timestamp":"2025-07-13T11:02:31.432Z","pH":"7.32","conductivity":"144.30","pressure":"5.50","temperature":"33.48","fillLevel":"96.27","flow":"14.44","humidity":"47.49","co2":"438.84"}
{"timestamp":"2025-07-13T11:02:41.442Z","pH":"7.02","conductivity":"104.12","pressure":"3.54","temperature":"31.70","fillLevel":"38.09","flow":"12.46","humidity":"30.58","co2":"459.28"}
{"timestamp":"2025-07-13T11:02:51.450Z","pH":"6.33","conductivity":"130.11","pressure":"3.41","temperature":"21.19","fillLevel":"13.50","flow":"12.48","humidity":"45.47","co2":"428.89"}
