{"timestamp":"2025-07-13T11:35:02.883Z","pH":"6.00","conductivity":"132.51","pressure":"1.49","temperature":"32.12","fillLevel":"0.23","flow":"11.73","humidity":"36.70","co2":"433.55"}
{"timestamp":"2025-07-13T11:35:12.884Z","pH":"6.41","conductivity":"135.29","pressure":"5.94","temperature":"25.93","fillLevel":"22.22","flow":"11.53","humidity":"40.60","co2":"466.98"}
{"timestamp":"2025-07-13T11:35:22.892Z","pH":"7.79","conductivity":"137.39","pressure":"5.95","temperature":"29.76","fillLevel":"54.95","flow":"10.12","humidity":"37.69","co2":"494.84"}
{"timestamp":"2025-07-13T11:35:32.893Z","pH":"6.37","conductivity":"143.37","pressure":"4.79","temperature":"27.09","fillLevel":"80.50","flow":"13.51","humidity":"32.68","co2":"497.47"}
{"timestamp":"2025-07-13T11:35:42.906Z","pH":"7.67","conductivity":"138.37","pressure":"4.63","temperature":"22.06","fillLevel":"73.15","flow":"14.33","humidity":"43.30","co2":"406.77"}
{"timestamp":"2025-07-13T11:35:52.916Z","pH":"7.90","conductivity":"115.52","pressure":"3.33","temperature":"24.26","fillLevel":"12.77","flow":"14.48","humidity":"34.01","co2":"453.32"}
