{"timestamp":"2025-07-13T11:46:03.391Z","pH":"6.85","conductivity":"131.59","pressure":"3.33","temperature":"34.38","fillLevel":"44.20","flow":"12.61","humidity":"42.80","co2":"411.54"}
{"timestamp":"2025-07-13T11:46:13.404Z","pH":"6.37","conductivity":"131.33","pressure":"4.93","temperature":"20.16","fillLevel":"70.50","flow":"12.48","humidity":"42.04","co2":"481.25"}
{"timestamp":"2025-07-13T11:46:23.407Z","pH":"7.90","conductivity":"102.57","pressure":"5.10","temperature":"30.93","fillLevel":"45.92","flow":"11.98","humidity":"32.06","co2":"400.35"}
{"timestamp":"2025-07-13T11:46:33.416Z","pH":"6.59","conductivity":"126.13","pressure":"4.92","temperature":"20.49","fillLevel":"31.87","flow":"10.90","humidity":"38.20","co2":"432.28"}
{"timestamp":"2025-07-13T11:46:43.420Z","pH":"6.94","conductivity":"125.87","pressure":"3.87","temperature":"22.20","fillLevel":"79.35","flow":"12.44","humidity":"39.85","co2":"486.33"}
{"timestamp":"2025-07-13T11:46:53.424Z","pH":"6.04","conductivity":"144.37","pressure":"5.77","temperature":"26.63","fillLevel":"23.50","flow":"14.61","humidity":"46.65","co2":"405.48"}
