{"timestamp":"2025-07-13T11:57:03.826Z","pH":"6.77","conductivity":"131.07","pressure":"5.73","temperature":"23.46","fillLevel":"53.11","flow":"11.83","humidity":"43.75","co2":"458.76"}
{"timestamp":"2025-07-13T11:57:13.832Z","pH":"6.96","conductivity":"120.40","pressure":"4.27","temperature":"25.94","fillLevel":"5.98","flow":"14.82","humidity":"35.04","co2":"428.69"}
{"timestamp":"2025-07-13T11:57:23.845Z","pH":"6.48","conductivity":"118.94","pressure":"4.31","temperature":"26.91","fillLevel":"97.13","flow":"12.89","humidity":"33.49","co2":"416.79"}
{"timestamp":"2025-07-13T11:57:33.849Z","pH":"6.18","conductivity":"120.24","pressure":"2.78","temperature":"21.47","fillLevel":"43.50","flow":"12.25","humidity":"48.79","co2":"437.19"}
{"timestamp":"2025-07-13T11:57:43.865Z","pH":"6.61","conductivity":"121.23","pressure":"1.89","temperature":"28.67","fillLevel":"59.57","flow":"13.75","humidity":"39.62","co2":"408.94"}
{"timestamp":"2025-07-13T11:57:53.878Z","pH":"7.10","conductivity":"106.62","pressure":"2.77","temperature":"20.78","fillLevel":"7.97","flow":"11.52","humidity":"30.78","co2":"427.19"}
