{"timestamp":"2025-07-13T11:07:01.638Z","pH":"7.24","conductivity":"140.35","pressure":"3.81","temperature":"32.73","fillLevel":"72.11","flow":"12.40","humidity":"40.05","co2":"403.26"}
{"timestamp":"2025-07-13T11:07:11.644Z","pH":"7.26","conductivity":"144.68","pressure":"5.57","temperature":"24.89","fillLevel":"20.22","flow":"11.12","humidity":"39.39","co2":"412.40"}
{"timestamp":"2025-07-13T11:07:21.655Z","pH":"6.66","conductivity":"147.55","pressure":"2.36","temperature":"31.83","fillLevel":"11.69","flow":"12.38","humidity":"45.05","co2":"403.11"}
{"timestamp":"2025-07-13T11:07:31.665Z","pH":"7.05","conductivity":"105.95","pressure":"1.44","temperature":"20.32","fillLevel":"71.56","flow":"10.44","humidity":"48.81","co2":"426.04"}
{"timestamp":"2025-07-13T11:07:41.668Z","pH":"6.19","conductivity":"113.93","pressure":"2.78","temperature":"23.72","fillLevel":"47.48","flow":"14.44","humidity":"32.75","co2":"446.11"}
{"timestamp":"2025-07-13T11:07:51.669Z","pH":"6.38","conductivity":"122.50","pressure":"2.68","temperature":"28.39","fillLevel":"44.91","flow":"11.42","humidity":"37.35","co2":"470.21"}
