{"timestamp":"2025-07-13T11:44:03.308Z","pH":"7.20","conductivity":"111.75","pressure":"1.39","temperature":"27.50","fillLevel":"82.48","flow":"12.13","humidity":"31.37","co2":"459.89"}
{"timestamp":"2025-07-13T11:44:13.311Z","pH":"7.20","conductivity":"105.96","pressure":"4.57","temperature":"29.26","fillLevel":"83.13","flow":"14.33","humidity":"38.58","co2":"414.55"}
{"timestamp":"2025-07-13T11:44:23.311Z","pH":"6.90","conductivity":"142.07","pressure":"1.56","temperature":"30.35","fillLevel":"78.23","flow":"14.46","humidity":"38.37","co2":"436.19"}
{"timestamp":"2025-07-13T11:44:33.319Z","pH":"7.69","conductivity":"103.91","pressure":"4.80","temperature":"23.74","fillLevel":"32.34","flow":"10.30","humidity":"42.44","co2":"451.46"}
{"timestamp":"2025-07-13T11:44:43.333Z","pH":"7.53","conductivity":"117.90","pressure":"3.95","temperature":"27.23","fillLevel":"29.79","flow":"11.26","humidity":"42.25","co2":"443.87"}
{"timestamp":"2025-07-13T11:44:53.336Z","pH":"6.68","conductivity":"107.14","pressure":"4.62","temperature":"23.85","fillLevel":"27.82","flow":"13.67","humidity":"47.92","co2":"425.84"}
