{"timestamp":"2025-07-13T11:13:01.892Z","pH":"6.82","conductivity":"147.23","pressure":"1.29","temperature":"34.13","fillLevel":"82.64","flow":"12.01","humidity":"46.45","co2":"404.05"}
{"timestamp":"2025-07-13T11:13:11.905Z","pH":"6.53","conductivity":"106.89","pressure":"3.98","temperature":"31.62","fillLevel":"71.18","flow":"14.37","humidity":"32.96","co2":"428.30"}
{"timestamp":"2025-07-13T11:13:21.907Z","pH":"7.90","conductivity":"123.91","pressure":"3.40","temperature":"30.91","fillLevel":"17.47","flow":"13.91","humidity":"38.07","co2":"452.27"}
{"timestamp":"2025-07-13T11:13:31.917Z","pH":"6.79","conductivity":"112.56","pressure":"5.21","temperature":"32.28","fillLevel":"68.10","flow":"11.65","humidity":"34.38","co2":"477.34"}
{"timestamp":"2025-07-13T11:13:41.925Z","pH":"6.26","conductivity":"137.21","pressure":"1.98","temperature":"31.44","fillLevel":"7.57","flow":"14.84","humidity":"40.88","co2":"423.27"}
{"timestamp":"2025-07-13T11:13:51.934Z","pH":"7.02","conductivity":"137.48","pressure":"3.96","temperature":"25.33","fillLevel":"51.35","flow":"13.40","humidity":"43.48","co2":"446.94"}
