{"timestamp":"2025-07-13T11:56:03.787Z","pH":"6.87","conductivity":"104.72","pressure":"5.45","temperature":"32.22","fillLevel":"75.31","flow":"11.91","humidity":"44.21","co2":"423.98"}
{"timestamp":"2025-07-13T11:56:13.790Z","pH":"6.72","conductivity":"138.57","pressure":"3.52","temperature":"30.77","fillLevel":"48.12","flow":"12.95","humidity":"38.60","co2":"451.97"}
{"timestamp":"2025-07-13T11:56:23.804Z","pH":"7.61","conductivity":"128.83","pressure":"1.93","temperature":"32.54","fillLevel":"94.65","flow":"11.68","humidity":"41.19","co2":"473.94"}
{"timestamp":"2025-07-13T11:56:33.808Z","pH":"6.20","conductivity":"148.74","pressure":"1.66","temperature":"29.52","fillLevel":"80.96","flow":"14.43","humidity":"30.35","co2":"418.83"}
{"timestamp":"2025-07-13T11:56:43.808Z","pH":"7.61","conductivity":"122.74","pressure":"4.68","temperature":"31.08","fillLevel":"32.00","flow":"14.29","humidity":"49.47","co2":"421.03"}
{"timestamp":"2025-07-13T11:56:53.814Z","pH":"7.64","conductivity":"138.57","pressure":"5.98","temperature":"25.31","fillLevel":"80.07","flow":"11.61","humidity":"32.03","co2":"465.39"}
