{"timestamp":"2025-07-13T11:54:03.710Z","pH":"7.42","conductivity":"115.43","pressure":"5.96","temperature":"30.54","fillLevel":"13.44","flow":"14.01","humidity":"47.03","co2":"466.91"}
{"timestamp":"2025-07-13T11:54:13.718Z","pH":"7.02","conductivity":"134.79","pressure":"2.25","temperature":"29.24","fillLevel":"83.45","flow":"10.46","humidity":"44.92","co2":"410.67"}
{"timestamp":"2025-07-13T11:54:23.718Z","pH":"7.34","conductivity":"119.39","pressure":"4.63","temperature":"20.04","fillLevel":"94.77","flow":"12.78","humidity":"36.15","co2":"410.48"}
{"timestamp":"2025-07-13T11:54:33.724Z","pH":"6.26","conductivity":"147.94","pressure":"3.91","temperature":"30.84","fillLevel":"18.19","flow":"12.07","humidity":"39.22","co2":"482.09"}
{"timestamp":"2025-07-13T11:54:43.727Z","pH":"7.86","conductivity":"148.68","pressure":"3.81","temperature":"34.96","fillLevel":"9.65","flow":"10.31","humidity":"32.95","co2":"498.79"}
{"timestamp":"2025-07-13T11:54:53.731Z","pH":"6.54","conductivity":"107.92","pressure":"4.39","temperature":"20.22","fillLevel":"54.94","flow":"14.72","humidity":"45.02","co2":"496.04"}
