{"timestamp":"2025-07-13T11:21:02.259Z","pH":"7.44","conductivity":"100.38","pressure":"4.02","temperature":"27.32","fillLevel":"81.60","flow":"13.87","humidity":"47.01","co2":"472.75"}
{"timestamp":"2025-07-13T11:21:12.263Z","pH":"7.16","conductivity":"114.02","pressure":"5.90","temperature":"23.26","fillLevel":"5.58","flow":"12.19","humidity":"37.47","co2":"464.79"}
{"timestamp":"2025-07-13T11:21:22.269Z","pH":"7.59","conductivity":"141.92","pressure":"3.11","temperature":"24.04","fillLevel":"96.36","flow":"11.98","humidity":"41.69","co2":"473.64"}
{"timestamp":"2025-07-13T11:21:32.279Z","pH":"7.88","conductivity":"100.58","pressure":"3.08","temperature":"21.54","fillLevel":"13.60","flow":"11.37","humidity":"46.41","co2":"461.67"}
{"timestamp":"2025-07-13T11:21:42.291Z","pH":"6.53","conductivity":"135.37","pressure":"1.03","temperature":"28.33","fillLevel":"74.94","flow":"14.34","humidity":"31.52","co2":"450.02"}
{"timestamp":"2025-07-13T11:21:52.298Z","pH":"6.90","conductivity":"109.40","pressure":"3.84","temperature":"33.18","fillLevel":"33.40","flow":"11.45","humidity":"32.30","co2":"423.25"}
