{"timestamp":"2025-07-13T11:31:02.721Z","pH":"7.84","conductivity":"119.80","pressure":"4.91","temperature":"24.15","fillLevel":"62.16","flow":"11.65","humidity":"39.28","co2":"479.12"}
{"timestamp":"2025-07-13T11:31:12.730Z","pH":"6.95","conductivity":"116.76","pressure":"1.84","temperature":"22.07","fillLevel":"99.87","flow":"14.44","humidity":"36.76","co2":"444.04"}
{"timestamp":"2025-07-13T11:31:22.735Z","pH":"7.37","conductivity":"103.15","pressure":"1.43","temperature":"26.48","fillLevel":"19.94","flow":"13.47","humidity":"45.18","co2":"442.14"}
{"timestamp":"2025-07-13T11:31:32.738Z","pH":"7.99","conductivity":"122.25","pressure":"2.24","temperature":"25.07","fillLevel":"46.81","flow":"10.07","humidity":"46.56","co2":"404.75"}
{"timestamp":"2025-07-13T11:31:42.746Z","pH":"6.61","conductivity":"142.25","pressure":"4.70","temperature":"20.17","fillLevel":"37.04","flow":"10.72","humidity":"32.45","co2":"452.29"}
{"timestamp":"2025-07-13T11:31:52.756Z","pH":"7.68","conductivity":"104.57","pressure":"2.23","temperature":"27.01","fillLevel":"86.35","flow":"13.52","humidity":"39.34","co2":"420.55"}
