{"timestamp":"2025-07-13T11:50:03.564Z","pH":"7.80","conductivity":"114.93","pressure":"2.56","temperature":"20.77","fillLevel":"92.77","flow":"12.98","humidity":"45.55","co2":"483.21"}
{"timestamp":"2025-07-13T11:50:13.565Z","pH":"7.73","conductivity":"130.52","pressure":"1.16","temperature":"26.14","fillLevel":"12.23","flow":"14.97","humidity":"31.88","co2":"488.78"}
{"timestamp":"2025-07-13T11:50:23.568Z","pH":"7.17","conductivity":"113.82","pressure":"2.16","temperature":"20.22","fillLevel":"11.37","flow":"14.00","humidity":"42.39","co2":"469.15"}
{"timestamp":"2025-07-13T11:50:33.575Z","pH":"6.14","conductivity":"133.25","pressure":"3.31","temperature":"22.98","fillLevel":"33.51","flow":"10.95","humidity":"49.58","co2":"421.68"}
{"timestamp":"2025-07-13T11:50:43.576Z","pH":"7.43","conductivity":"136.50","pressure":"4.52","temperature":"31.95","fillLevel":"95.99","flow":"11.42","humidity":"38.79","co2":"495.09"}
{"timestamp":"2025-07-13T11:50:53.583Z","pH":"6.93","conductivity":"117.67","pressure":"3.97","temperature":"20.05","fillLevel":"14.07","flow":"14.26","humidity":"48.28","co2":"489.20"}
