{"timestamp":"2025-07-13T11:48:03.488Z","pH":"6.99","conductivity":"129.48","pressure":"3.51","temperature":"34.41","fillLevel":"76.19","flow":"11.97","humidity":"44.23","co2":"498.44"}
{"timestamp":"2025-07-13T11:48:13.489Z","pH":"7.47","conductivity":"131.14","pressure":"4.58","temperature":"27.94","fillLevel":"92.81","flow":"14.75","humidity":"42.99","co2":"422.97"}
{"timestamp":"2025-07-13T11:48:23.496Z","pH":"6.70","conductivity":"101.55","pressure":"3.32","temperature":"24.79","fillLevel":"31.25","flow":"11.82","humidity":"39.25","co2":"421.22"}
{"timestamp":"2025-07-13T11:48:33.509Z","pH":"7.91","conductivity":"108.28","pressure":"2.13","temperature":"27.49","fillLevel":"96.01","flow":"10.41","humidity":"34.32","co2":"469.08"}
{"timestamp":"2025-07-13T11:48:43.510Z","pH":"6.67","conductivity":"132.49","pressure":"2.75","temperature":"26.93","fillLevel":"51.33","flow":"12.41","humidity":"40.82","co2":"463.16"}
{"timestamp":"2025-07-13T11:48:53.511Z","pH":"7.58","conductivity":"101.62","pressure":"4.96","temperature":"28.48","fillLevel":"21.86","flow":"12.70","humidity":"36.72","co2":"413.37"}
