{"timestamp":"2025-07-13T11:19:02.153Z","pH":"6.45","conductivity":"121.22","pressure":"1.84","temperature":"27.82","fillLevel":"79.56","flow":"12.67","humidity":"41.72","co2":"445.32"}
{"timestamp":"2025-07-13T11:19:12.161Z","pH":"7.95","conductivity":"128.15","pressure":"1.73","temperature":"22.56","fillLevel":"31.36","flow":"12.16","humidity":"32.29","co2":"471.18"}
{"timestamp":"2025-07-13T11:19:22.170Z","pH":"7.63","conductivity":"115.60","pressure":"4.56","temperature":"34.56","fillLevel":"88.08","flow":"14.34","humidity":"30.27","co2":"416.00"}
{"timestamp":"2025-07-13T11:19:32.180Z","pH":"6.77","conductivity":"117.08","pressure":"4.23","temperature":"20.21","fillLevel":"29.74","flow":"12.39","humidity":"30.46","co2":"463.55"}
{"timestamp":"2025-07-13T11:19:42.184Z","pH":"6.59","conductivity":"141.99","pressure":"5.44","temperature":"22.78","fillLevel":"93.76","flow":"12.04","humidity":"40.27","co2":"441.21"}
{"timestamp":"2025-07-13T11:19:52.198Z","pH":"7.03","conductivity":"117.11","pressure":"4.55","temperature":"34.57","fillLevel":"43.76","flow":"12.59","humidity":"37.88","co2":"452.19"}
