{"timestamp":"2025-07-13T11:39:03.050Z","pH":"6.66","conductivity":"121.37","pressure":"1.96","temperature":"33.95","fillLevel":"44.25","flow":"13.22","humidity":"44.08","co2":"437.49"}
{"timestamp":"2025-07-13T11:39:13.055Z","pH":"7.96","conductivity":"138.58","pressure":"5.63","temperature":"31.33","fillLevel":"48.02","flow":"12.66","humidity":"49.32","co2":"420.57"}
{"timestamp":"2025-07-13T11:39:23.068Z","pH":"6.04","conductivity":"111.08","pressure":"5.43","temperature":"26.71","fillLevel":"26.98","flow":"12.15","humidity":"37.24","co2":"477.94"}
{"timestamp":"2025-07-13T11:39:33.073Z","pH":"7.99","conductivity":"138.22","pressure":"3.64","temperature":"20.70","fillLevel":"61.93","flow":"13.29","humidity":"31.42","co2":"433.70"}
{"timestamp":"2025-07-13T11:39:43.075Z","pH":"7.11","conductivity":"131.62","pressure":"3.64","temperature":"22.07","fillLevel":"15.51","flow":"13.36","humidity":"33.20","co2":"483.87"}
{"timestamp":"2025-07-13T11:39:53.084Z","pH":"6.37","conductivity":"117.15","pressure":"4.62","temperature":"34.89","fillLevel":"69.06","flow":"13.46","humidity":"40.13","co2":"466.13"}
