{"timestamp":"2025-07-13T11:16:02.028Z","pH":"7.56","conductivity":"133.44","pressure":"2.29","temperature":"34.21","fillLevel":"47.17","flow":"10.31","humidity":"30.46","co2":"473.55"}
{"timestamp":"2025-07-13T11:16:12.043Z","pH":"6.32","conductivity":"110.44","pressure":"5.87","temperature":"29.96","fillLevel":"91.17","flow":"12.05","humidity":"43.57","co2":"412.60"}
{"timestamp":"2025-07-13T11:16:22.054Z","pH":"7.78","conductivity":"139.86","pressure":"1.88","temperature":"33.48","fillLevel":"12.62","flow":"11.62","humidity":"34.34","co2":"422.37"}
{"timestamp":"2025-07-13T11:16:32.062Z","pH":"6.84","conductivity":"131.39","pressure":"4.76","temperature":"29.53","fillLevel":"26.02","flow":"13.22","humidity":"35.64","co2":"443.72"}
{"timestamp":"2025-07-13T11:16:42.068Z","pH":"7.84","conductivity":"104.62","pressure":"2.63","temperature":"30.44","fillLevel":"20.88","flow":"14.99","humidity":"37.81","co2":"441.38"}
{"timestamp":"2025-07-13T11:16:52.074Z","pH":"7.45","conductivity":"147.95","pressure":"2.01","temperature":"21.32","fillLevel":"26.07","flow":"10.82","humidity":"49.14","co2":"493.89"}
