{"timestamp":"2025-07-13T11:22:02.313Z","pH":"6.92","conductivity":"141.73","pressure":"4.10","temperature":"21.90","fillLevel":"56.56","flow":"10.48","humidity":"49.47","co2":"405.76"}
{"timestamp":"2025-07-13T11:22:12.319Z","pH":"7.92","conductivity":"149.88","pressure":"4.44","temperature":"26.32","fillLevel":"6.50","flow":"12.94","humidity":"34.31","co2":"491.63"}
{"timestamp":"2025-07-13T11:22:22.321Z","pH":"7.65","conductivity":"123.87","pressure":"2.24","temperature":"21.33","fillLevel":"37.45","flow":"13.19","humidity":"44.69","co2":"417.77"}
{"timestamp":"2025-07-13T11:22:32.329Z","pH":"6.75","conductivity":"149.88","pressure":"5.07","temperature":"21.02","fillLevel":"15.42","flow":"10.39","humidity":"32.49","co2":"434.51"}
{"timestamp":"2025-07-13T11:22:42.338Z","pH":"7.34","conductivity":"119.24","pressure":"1.91","temperature":"32.99","fillLevel":"31.06","flow":"11.27","humidity":"35.83","co2":"401.24"}
{"timestamp":"2025-07-13T11:22:52.343Z","pH":"6.76","conductivity":"127.50","pressure":"4.19","temperature":"25.31","fillLevel":"65.79","flow":"14.52","humidity":"39.59","co2":"463.46"}
