{"timestamp":"2025-07-13T11:04:01.500Z","pH":"6.53","conductivity":"134.55","pressure":"3.79","temperature":"27.64","fillLevel":"62.62","flow":"12.97","humidity":"47.82","co2":"499.59"}
{"timestamp":"2025-07-13T11:04:11.508Z","pH":"6.57","conductivity":"111.22","pressure":"1.09","temperature":"24.28","fillLevel":"45.16","flow":"13.47","humidity":"41.09","co2":"408.53"}
{"timestamp":"2025-07-13T11:04:21.513Z","pH":"7.15","conductivity":"142.32","pressure":"2.46","temperature":"23.65","fillLevel":"70.27","flow":"10.57","humidity":"30.66","co2":"490.97"}
{"timestamp":"2025-07-13T11:04:31.517Z","pH":"7.72","conductivity":"142.02","pressure":"3.65","temperature":"34.05","fillLevel":"88.23","flow":"11.43","humidity":"43.09","co2":"451.93"}
{"timestamp":"2025-07-13T11:04:41.522Z","pH":"7.19","conductivity":"145.61","pressure":"4.78","temperature":"25.53","fillLevel":"53.58","flow":"13.60","humidity":"33.50","co2":"496.45"}
{"timestamp":"2025-07-13T11:04:51.526Z","pH":"7.96","conductivity":"125.32","pressure":"3.18","temperature":"21.43","fillLevel":"21.42","flow":"13.62","humidity":"34.38","co2":"401.74"}
