{"timestamp":"2025-07-13T11:25:02.464Z","pH":"6.52","conductivity":"103.49","pressure":"4.71","temperature":"24.82","fillLevel":"40.93","flow":"14.75","humidity":"37.35","co2":"428.04"}
{"timestamp":"2025-07-13T11:25:12.475Z","pH":"6.07","conductivity":"100.05","pressure":"4.76","temperature":"25.75","fillLevel":"63.58","flow":"10.26","humidity":"42.00","co2":"447.20"}
{"timestamp":"2025-07-13T11:25:22.480Z","pH":"6.20","conductivity":"114.79","pressure":"3.30","temperature":"21.13","fillLevel":"72.49","flow":"14.16","humidity":"47.08","co2":"473.35"}
{"timestamp":"2025-07-13T11:25:32.489Z","pH":"6.03","conductivity":"124.01","pressure":"1.15","temperature":"25.85","fillLevel":"12.10","flow":"11.81","humidity":"36.10","co2":"407.81"}
{"timestamp":"2025-07-13T11:25:42.500Z","pH":"7.99","conductivity":"139.17","pressure":"2.58","temperature":"29.47","fillLevel":"77.67","flow":"12.69","humidity":"41.17","co2":"424.39"}
{"timestamp":"2025-07-13T11:25:52.500Z","pH":"7.19","conductivity":"118.22","pressure":"1.82","temperature":"25.84","fillLevel":"89.28","flow":"10.04","humidity":"37.32","co2":"497.60"}
