{"timestamp":"2025-07-13T11:18:02.120Z","pH":"7.99","conductivity":"130.50","pressure":"1.62","temperature":"23.21","fillLevel":"27.15","flow":"12.69","humidity":"34.44","co2":"418.65"}
{"timestamp":"2025-07-13T11:18:12.126Z","pH":"7.48","conductivity":"145.85","pressure":"3.13","temperature":"26.31","fillLevel":"71.69","flow":"13.55","humidity":"40.49","co2":"406.75"}
{"timestamp":"2025-07-13T11:18:22.133Z","pH":"7.87","conductivity":"112.29","pressure":"5.46","temperature":"21.61","fillLevel":"95.07","flow":"10.96","humidity":"37.59","co2":"426.28"}
{"timestamp":"2025-07-13T11:18:32.135Z","pH":"7.29","conductivity":"133.22","pressure":"5.72","temperature":"23.13","fillLevel":"54.81","flow":"12.10","humidity":"33.48","co2":"451.17"}
{"timestamp":"2025-07-13T11:18:42.145Z","pH":"7.82","conductivity":"115.20","pressure":"3.82","temperature":"20.41","fillLevel":"75.27","flow":"14.31","humidity":"49.50","co2":"493.00"}
{"timestamp":"2025-07-13T11:18:52.152Z","pH":"6.35","conductivity":"127.58","pressure":"1.33","temperature":"26.46","fillLevel":"18.87","flow":"11.58","humidity":"44.60","co2":"400.35"}
