{"timestamp":"2025-07-13T11:27:02.541Z","pH":"6.89","conductivity":"126.64","pressure":"1.54","temperature":"21.36","fillLevel":"97.92","flow":"12.96","humidity":"30.70","co2":"445.96"}
{"timestamp":"2025-07-13T11:27:12.542Z","pH":"6.80","conductivity":"146.65","pressure":"2.11","temperature":"31.76","fillLevel":"64.45","flow":"11.60","humidity":"45.40","co2":"447.55"}
{"timestamp":"2025-07-13T11:27:22.549Z","pH":"7.50","conductivity":"146.80","pressure":"4.78","temperature":"26.16","fillLevel":"8.03","flow":"11.54","humidity":"31.46","co2":"400.15"}
{"timestamp":"2025-07-13T11:27:32.562Z","pH":"6.84","conductivity":"142.54","pressure":"3.32","temperature":"30.12","fillLevel":"17.79","flow":"13.54","humidity":"47.61","co2":"483.43"}
{"timestamp":"2025-07-13T11:27:42.564Z","pH":"7.00","conductivity":"102.95","pressure":"5.39","temperature":"29.33","fillLevel":"34.08","flow":"12.57","humidity":"48.71","co2":"444.36"}
{"timestamp":"2025-07-13T11:27:52.577Z","pH":"7.35","conductivity":"114.44","pressure":"2.64","temperature":"21.79","fillLevel":"2.58","flow":"14.91","humidity":"42.97","co2":"487.54"}
