{"timestamp":"2025-07-13T11:34:02.864Z","pH":"6.81","conductivity":"128.89","pressure":"4.30","temperature":"21.54","fillLevel":"45.50","flow":"13.23","humidity":"35.65","co2":"449.85"}
{"timestamp":"2025-07-13T11:34:12.865Z","pH":"6.48","conductivity":"125.65","pressure":"4.92","temperature":"28.13","fillLevel":"96.96","flow":"14.21","humidity":"37.33","co2":"414.30"}
{"timestamp":"2025-07-13T11:34:22.866Z","pH":"6.92","conductivity":"138.88","pressure":"3.39","temperature":"25.50","fillLevel":"88.58","flow":"14.61","humidity":"49.87","co2":"491.87"}
{"timestamp":"2025-07-13T11:34:32.867Z","pH":"6.51","conductivity":"143.74","pressure":"5.05","temperature":"27.10","fillLevel":"8.97","flow":"13.66","humidity":"44.14","co2":"418.64"}
{"timestamp":"2025-07-13T11:34:42.872Z","pH":"6.61","conductivity":"105.43","pressure":"1.42","temperature":"24.18","fillLevel":"82.32","flow":"14.39","humidity":"45.87","co2":"411.81"}
{"timestamp":"2025-07-13T11:34:52.873Z","pH":"7.66","conductivity":"140.09","pressure":"5.81","temperature":"34.09","fillLevel":"74.38","flow":"10.18","humidity":"42.64","co2":"483.31"}
