{"timestamp":"2025-07-13T11:00:01.287Z","pH":"6.64","conductivity":"147.13","pressure":"4.28","temperature":"22.12","fillLevel":"10.72","flow":"14.72","humidity":"44.81","co2":"492.60"}
{"timestamp":"2025-07-13T11:00:11.300Z","pH":"7.16","conductivity":"128.23","pressure":"5.64","temperature":"25.12","fillLevel":"43.74","flow":"10.65","humidity":"42.56","co2":"420.46"}
{"timestamp":"2025-07-13T11:00:21.304Z","pH":"7.32","conductivity":"146.90","pressure":"3.27","temperature":"26.72","fillLevel":"48.71","flow":"13.37","humidity":"30.16","co2":"473.72"}
{"timestamp":"2025-07-13T11:00:31.317Z","pH":"7.59","conductivity":"145.56","pressure":"3.52","temperature":"27.29","fillLevel":"11.15","flow":"13.78","humidity":"48.52","co2":"423.62"}
{"timestamp":"2025-07-13T11:00:41.330Z","pH":"6.95","conductivity":"147.46","pressure":"3.43","temperature":"22.56","fillLevel":"45.53","flow":"14.98","humidity":"34.14","co2":"400.29"}
{"timestamp":"2025-07-13T11:00:51.338Z","pH":"6.87","conductivity":"130.93","pressure":"5.10","temperature":"31.63","fillLevel":"42.87","flow":"13.48","humidity":"37.41","co2":"424.93"}
