{"timestamp":"2025-07-13T11:03:01.463Z","pH":"6.92","conductivity":"137.99","pressure":"4.30","temperature":"28.60","fillLevel":"70.34","flow":"12.61","humidity":"45.44","co2":"417.92"}
{"timestamp":"2025-07-13T11:03:11.466Z","pH":"7.37","conductivity":"139.75","pressure":"4.67","temperature":"28.59","fillLevel":"9.37","flow":"10.14","humidity":"42.85","co2":"435.32"}
{"timestamp":"2025-07-13T11:03:21.470Z","pH":"7.25","conductivity":"137.00","pressure":"1.97","temperature":"29.02","fillLevel":"79.15","flow":"14.40","humidity":"33.70","co2":"499.57"}
{"timestamp":"2025-07-13T11:03:31.485Z","pH":"7.63","conductivity":"123.87","pressure":"5.58","temperature":"25.47","fillLevel":"37.89","flow":"11.56","humidity":"32.97","co2":"475.66"}
{"timestamp":"2025-07-13T11:03:41.488Z","pH":"7.08","conductivity":"114.91","pressure":"2.87","temperature":"22.43","fillLevel":"94.85","flow":"12.86","humidity":"34.72","co2":"439.70"}
{"timestamp":"2025-07-13T11:03:51.492Z","pH":"7.47","conductivity":"142.43","pressure":"2.40","temperature":"25.81","fillLevel":"38.56","flow":"14.79","humidity":"32.47","co2":"433.21"}
