{"timestamp":"2025-07-13T11:49:03.515Z","pH":"6.03","conductivity":"141.42","pressure":"2.87","temperature":"34.64","fillLevel":"76.03","flow":"12.26","humidity":"46.12","co2":"439.49"}
{"timestamp":"2025-07-13T11:49:13.530Z","pH":"7.13","conductivity":"144.14","pressure":"3.35","temperature":"21.70","fillLevel":"92.14","flow":"12.68","humidity":"42.20","co2":"467.12"}
{"timestamp":"2025-07-13T11:49:23.532Z","pH":"7.49","conductivity":"146.34","pressure":"5.15","temperature":"29.21","fillLevel":"79.36","flow":"12.60","humidity":"36.15","co2":"411.27"}
{"timestamp":"2025-07-13T11:49:33.539Z","pH":"6.35","conductivity":"106.87","pressure":"5.82","temperature":"27.64","fillLevel":"5.08","flow":"10.67","humidity":"35.70","co2":"481.92"}
{"timestamp":"2025-07-13T11:49:43.544Z","pH":"6.73","conductivity":"117.64","pressure":"1.39","temperature":"26.79","fillLevel":"45.07","flow":"11.29","humidity":"45.31","co2":"466.50"}
{"timestamp":"2025-07-13T11:49:53.551Z","pH":"6.53","conductivity":"120.99","pressure":"5.48","temperature":"23.61","fillLevel":"91.20","flow":"11.51","humidity":"48.79","co2":"448.05"}
