{"timestamp":"2025-07-13T11:28:02.584Z","pH":"7.55","conductivity":"137.57","pressure":"2.35","temperature":"28.54","fillLevel":"5.97","flow":"10.12","humidity":"41.49","co2":"410.29"}
{"timestamp":"2025-07-13T11:28:12.598Z","pH":"6.67","conductivity":"118.75","pressure":"1.88","temperature":"27.36","fillLevel":"45.39","flow":"13.89","humidity":"48.65","co2":"481.88"}
{"timestamp":"2025-07-13T11:28:22.606Z","pH":"6.58","conductivity":"147.91","pressure":"3.24","temperature":"24.75","fillLevel":"29.48","flow":"14.48","humidity":"49.42","co2":"423.47"}
{"timestamp":"2025-07-13T11:28:32.613Z","pH":"7.45","conductivity":"126.79","pressure":"2.91","temperature":"28.10","fillLevel":"60.86","flow":"10.06","humidity":"46.52","co2":"444.84"}
{"timestamp":"2025-07-13T11:28:42.628Z","pH":"6.02","conductivity":"126.50","pressure":"3.17","temperature":"32.18","fillLevel":"88.55","flow":"12.36","humidity":"38.10","co2":"469.79"}
{"timestamp":"2025-07-13T11:28:52.630Z","pH":"7.16","conductivity":"115.13","pressure":"2.31","temperature":"33.80","fillLevel":"49.82","flow":"10.99","humidity":"30.12","co2":"483.86"}
