{"timestamp":"2025-07-13T11:32:02.770Z","pH":"7.34","conductivity":"130.01","pressure":"5.82","temperature":"34.55","fillLevel":"68.59","flow":"13.91","humidity":"41.83","co2":"429.37"}
{"timestamp":"2025-07-13T11:32:12.782Z","pH":"7.74","conductivity":"100.95","pressure":"1.51","temperature":"20.32","fillLevel":"11.59","flow":"13.45","humidity":"33.00","co2":"475.13"}
{"timestamp":"2025-07-13T11:32:22.783Z","pH":"7.67","conductivity":"117.70","pressure":"5.78","temperature":"24.80","fillLevel":"4.15","flow":"10.85","humidity":"30.76","co2":"430.77"}
{"timestamp":"2025-07-13T11:32:32.785Z","pH":"7.93","conductivity":"138.61","pressure":"2.18","temperature":"21.74","fillLevel":"92.63","flow":"10.35","humidity":"46.11","co2":"489.28"}
{"timestamp":"2025-07-13T11:32:42.796Z","pH":"6.61","conductivity":"103.98","pressure":"2.62","temperature":"26.35","fillLevel":"63.62","flow":"14.81","humidity":"30.90","co2":"467.23"}
{"timestamp":"2025-07-13T11:32:52.811Z","pH":"7.94","conductivity":"104.80","pressure":"2.39","temperature":"22.66","fillLevel":"52.43","flow":"11.73","humidity":"36.35","co2":"468.59"}
