{"timestamp":"2025-07-13T11:47:03.435Z","pH":"6.50","conductivity":"124.10","pressure":"4.24","temperature":"28.00","fillLevel":"71.26","flow":"11.46","humidity":"30.77","co2":"431.68"}
{"timestamp":"2025-07-13T11:47:13.449Z","pH":"6.11","conductivity":"121.92","pressure":"5.61","temperature":"22.50","fillLevel":"41.26","flow":"13.39","humidity":"33.75","co2":"446.09"}
{"timestamp":"2025-07-13T11:47:23.463Z","pH":"6.89","conductivity":"119.34","pressure":"2.72","temperature":"31.48","fillLevel":"65.61","flow":"10.26","humidity":"35.42","co2":"410.19"}
{"timestamp":"2025-07-13T11:47:33.466Z","pH":"7.35","conductivity":"140.90","pressure":"2.00","temperature":"34.46","fillLevel":"24.32","flow":"14.45","humidity":"39.30","co2":"405.11"}
{"timestamp":"2025-07-13T11:47:43.477Z","pH":"7.18","conductivity":"122.32","pressure":"4.03","temperature":"32.30","fillLevel":"89.49","flow":"12.83","humidity":"43.09","co2":"472.07"}
{"timestamp":"2025-07-13T11:47:53.481Z","pH":"7.55","conductivity":"107.70","pressure":"2.34","temperature":"29.15","fillLevel":"23.65","flow":"14.96","humidity":"35.20","co2":"402.26"}
