{"timestamp":"2025-07-13T11:05:01.528Z","pH":"7.37","conductivity":"100.34","pressure":"2.90","temperature":"28.84","fillLevel":"67.74","flow":"12.48","humidity":"33.49","co2":"461.15"}
{"timestamp":"2025-07-13T11:05:11.534Z","pH":"6.26","conductivity":"108.82","pressure":"2.83","temperature":"24.90","fillLevel":"91.89","flow":"12.00","humidity":"38.77","co2":"439.87"}
{"timestamp":"2025-07-13T11:05:21.538Z","pH":"6.53","conductivity":"107.11","pressure":"4.47","temperature":"23.00","fillLevel":"59.70","flow":"12.54","humidity":"34.15","co2":"464.17"}
{"timestamp":"2025-07-13T11:05:31.538Z","pH":"6.54","conductivity":"127.02","pressure":"3.64","temperature":"26.48","fillLevel":"81.41","flow":"10.19","humidity":"35.17","co2":"462.70"}
{"timestamp":"2025-07-13T11:05:41.544Z","pH":"6.63","conductivity":"108.38","pressure":"2.23","temperature":"32.49","fillLevel":"69.73","flow":"14.11","humidity":"36.08","co2":"424.45"}
{"timestamp":"2025-07-13T11:05:51.559Z","pH":"6.34","conductivity":"124.77","pressure":"2.49","temperature":"28.34","fillLevel":"23.44","flow":"14.26","humidity":"33.25","co2":"402.91"}
