{"timestamp":"2025-07-13T11:43:03.251Z","pH":"6.61","conductivity":"108.49","pressure":"2.57","temperature":"27.48","fillLevel":"38.63","flow":"13.59","humidity":"44.87","co2":"450.95"}
{"timestamp":"2025-07-13T11:43:13.260Z","pH":"6.66","conductivity":"142.75","pressure":"2.68","temperature":"27.82","fillLevel":"57.08","flow":"12.38","humidity":"48.62","co2":"416.29"}
{"timestamp":"2025-07-13T11:43:23.264Z","pH":"7.01","conductivity":"149.41","pressure":"3.53","temperature":"21.53","fillLevel":"43.97","flow":"14.27","humidity":"35.72","co2":"405.01"}
{"timestamp":"2025-07-13T11:43:33.278Z","pH":"6.78","conductivity":"149.57","pressure":"2.70","temperature":"21.27","fillLevel":"70.05","flow":"10.28","humidity":"40.04","co2":"469.84"}
{"timestamp":"2025-07-13T11:43:43.292Z","pH":"7.24","conductivity":"111.20","pressure":"2.29","temperature":"27.32","fillLevel":"5.43","flow":"10.91","humidity":"34.06","co2":"495.35"}
{"timestamp":"2025-07-13T11:43:53.303Z","pH":"6.80","conductivity":"140.56","pressure":"4.40","temperature":"27.61","fillLevel":"48.40","flow":"13.62","humidity":"39.27","co2":"423.16"}
