{"timestamp":"2025-07-13T11:10:01.777Z","pH":"7.08","conductivity":"100.05","pressure":"1.91","temperature":"20.57","fillLevel":"42.80","flow":"13.26","humidity":"38.35","co2":"464.07"}
{"timestamp":"2025-07-13T11:10:11.779Z","pH":"6.56","conductivity":"118.93","pressure":"4.77","temperature":"30.10","fillLevel":"6.92","flow":"10.02","humidity":"45.71","co2":"433.75"}
{"timestamp":"2025-07-13T11:10:21.782Z","pH":"7.03","conductivity":"124.67","pressure":"2.44","temperature":"33.62","fillLevel":"40.83","flow":"13.50","humidity":"41.10","co2":"447.54"}
{"timestamp":"2025-07-13T11:10:31.795Z","pH":"7.92","conductivity":"102.60","pressure":"3.09","temperature":"23.52","fillLevel":"57.34","flow":"12.57","humidity":"35.13","co2":"475.41"}
{"timestamp":"2025-07-13T11:10:41.809Z","pH":"7.83","conductivity":"146.48","pressure":"4.47","temperature":"30.28","fillLevel":"29.92","flow":"10.42","humidity":"41.77","co2":"441.25"}
{"timestamp":"2025-07-13T11:10:51.812Z","pH":"6.12","conductivity":"119.66","pressure":"1.95","temperature":"31.65","fillLevel":"50.17","flow":"13.14","humidity":"49.32","co2":"442.28"}
