{"timestamp":"2025-07-13T11:20:02.210Z","pH":"7.12","conductivity":"114.57","pressure":"2.34","temperature":"20.24","fillLevel":"76.38","flow":"10.83","humidity":"42.25","co2":"495.82"}
{"timestamp":"2025-07-13T11:20:12.217Z","pH":"6.95","conductivity":"143.02","pressure":"5.18","temperature":"27.63","fillLevel":"33.73","flow":"13.39","humidity":"47.64","co2":"407.89"}
{"timestamp":"2025-07-13T11:20:22.227Z","pH":"7.41","conductivity":"124.51","pressure":"5.38","temperature":"30.25","fillLevel":"19.39","flow":"11.15","humidity":"37.69","co2":"494.34"}
{"timestamp":"2025-07-13T11:20:32.236Z","pH":"7.86","conductivity":"117.77","pressure":"2.87","temperature":"27.60","fillLevel":"94.16","flow":"10.32","humidity":"42.48","co2":"418.79"}
{"timestamp":"2025-07-13T11:20:42.244Z","pH":"6.72","conductivity":"147.27","pressure":"4.56","temperature":"24.28","fillLevel":"21.74","flow":"14.94","humidity":"31.35","co2":"404.54"}
{"timestamp":"2025-07-13T11:20:52.255Z","pH":"6.02","conductivity":"127.65","pressure":"1.11","temperature":"27.18","fillLevel":"61.55","flow":"11.95","humidity":"33.34","co2":"415.18"}
