{"timestamp":"2025-07-13T11:51:03.593Z","pH":"6.55","conductivity":"109.30","pressure":"5.81","temperature":"29.44","fillLevel":"69.13","flow":"11.94","humidity":"35.06","co2":"436.19"}
{"timestamp":"2025-07-13T11:51:13.597Z","pH":"6.96","conductivity":"141.30","pressure":"5.04","temperature":"24.67","fillLevel":"81.96","flow":"13.35","humidity":"37.03","co2":"490.46"}
{"timestamp":"2025-07-13T11:51:23.606Z","pH":"7.46","conductivity":"147.54","pressure":"2.92","temperature":"28.08","fillLevel":"79.97","flow":"10.48","humidity":"45.17","co2":"481.14"}
{"timestamp":"2025-07-13T11:51:33.615Z","pH":"7.67","conductivity":"148.58","pressure":"5.53","temperature":"31.12","fillLevel":"56.76","flow":"11.65","humidity":"49.74","co2":"477.55"}
{"timestamp":"2025-07-13T11:51:43.616Z","pH":"6.78","conductivity":"109.36","pressure":"4.54","temperature":"24.98","fillLevel":"54.33","flow":"13.50","humidity":"38.76","co2":"449.11"}
{"timestamp":"2025-07-13T11:51:53.624Z","pH":"7.08","conductivity":"146.47","pressure":"2.16","temperature":"33.64","fillLevel":"75.09","flow":"10.24","humidity":"30.33","co2":"489.96"}
