{"timestamp":"2025-07-13T11:33:02.818Z","pH":"6.69","conductivity":"135.54","pressure":"3.18","temperature":"20.47","fillLevel":"39.94","flow":"11.77","humidity":"34.15","co2":"411.62"}
{"timestamp":"2025-07-13T11:33:12.821Z","pH":"6.81","conductivity":"127.57","pressure":"2.73","temperature":"33.30","fillLevel":"21.00","flow":"12.74","humidity":"49.98","co2":"403.87"}
{"timestamp":"2025-07-13T11:33:22.826Z","pH":"6.79","conductivity":"120.53","pressure":"4.25","temperature":"34.23","fillLevel":"9.21","flow":"11.30","humidity":"40.32","co2":"474.80"}
{"timestamp":"2025-07-13T11:33:32.836Z","pH":"6.38","conductivity":"137.87","pressure":"5.54","temperature":"31.26","fillLevel":"35.62","flow":"13.02","humidity":"31.47","co2":"457.38"}
{"timestamp":"2025-07-13T11:33:42.848Z","pH":"7.29","conductivity":"103.27","pressure":"1.89","temperature":"33.38","fillLevel":"21.72","flow":"12.24","humidity":"49.79","co2":"489.84"}
{"timestamp":"2025-07-13T11:33:52.863Z","pH":"6.95","conductivity":"121.04","pressure":"4.13","temperature":"28.61","fillLevel":"71.68","flow":"14.33","humidity":"47.93","co2":"458.51"}
