{"timestamp":"2025-07-13T11:52:03.626Z","pH":"7.65","conductivity":"142.62","pressure":"4.45","temperature":"30.03","fillLevel":"41.09","flow":"14.86","humidity":"38.95","co2":"404.30"}
{"timestamp":"2025-07-13T11:52:13.637Z","pH":"7.65","conductivity":"147.59","pressure":"4.41","temperature":"26.75","fillLevel":"52.14","flow":"11.90","humidity":"46.47","co2":"477.77"}
{"timestamp":"2025-07-13T11:52:23.646Z","pH":"7.18","conductivity":"100.68","pressure":"3.61","temperature":"22.34","fillLevel":"95.17","flow":"11.38","humidity":"30.82","co2":"495.56"}
{"timestamp":"2025-07-13T11:52:33.652Z","pH":"7.26","conductivity":"137.95","pressure":"5.86","temperature":"26.94","fillLevel":"63.13","flow":"13.08","humidity":"47.87","co2":"494.64"}
{"timestamp":"2025-07-13T11:52:43.659Z","pH":"6.49","conductivity":"120.81","pressure":"3.06","temperature":"24.33","fillLevel":"83.32","flow":"12.09","humidity":"47.74","co2":"470.47"}
{"timestamp":"2025-07-13T11:52:53.669Z","pH":"6.66","conductivity":"101.10","pressure":"2.08","temperature":"33.89","fillLevel":"65.95","flow":"10.65","humidity":"41.02","co2":"465.29"}
