{"timestamp":"2025-07-13T11:40:03.099Z","pH":"7.78","conductivity":"123.87","pressure":"1.15","temperature":"28.28","fillLevel":"91.68","flow":"13.91","humidity":"43.43","co2":"436.19"}
{"timestamp":"2025-07-13T11:40:13.106Z","pH":"7.27","conductivity":"119.70","pressure":"2.30","temperature":"34.91","fillLevel":"24.30","flow":"10.13","humidity":"34.67","co2":"475.49"}
{"timestamp":"2025-07-13T11:40:23.109Z","pH":"6.31","conductivity":"111.51","pressure":"4.54","temperature":"20.74","fillLevel":"49.20","flow":"12.31","humidity":"37.86","co2":"445.47"}
{"timestamp":"2025-07-13T11:40:33.124Z","pH":"6.79","conductivity":"108.37","pressure":"2.26","temperature":"22.71","fillLevel":"20.39","flow":"13.77","humidity":"33.97","co2":"460.50"}
{"timestamp":"2025-07-13T11:40:43.128Z","pH":"6.44","conductivity":"112.11","pressure":"2.47","temperature":"32.34","fillLevel":"20.06","flow":"13.81","humidity":"32.24","co2":"403.32"}
{"timestamp":"2025-07-13T11:40:53.143Z","pH":"7.64","conductivity":"131.98","pressure":"4.22","temperature":"34.61","fillLevel":"47.13","flow":"12.84","humidity":"46.97","co2":"417.71"}
