{"timestamp":"2025-07-13T11:55:03.741Z","pH":"7.71","conductivity":"125.17","pressure":"3.40","temperature":"32.06","fillLevel":"9.31","flow":"14.13","humidity":"30.27","co2":"445.47"}
{"timestamp":"2025-07-13T11:55:13.744Z","pH":"6.14","conductivity":"110.28","pressure":"3.87","temperature":"20.13","fillLevel":"60.76","flow":"13.77","humidity":"30.91","co2":"496.83"}
{"timestamp":"2025-07-13T11:55:23.747Z","pH":"6.01","conductivity":"120.46","pressure":"1.05","temperature":"30.51","fillLevel":"42.06","flow":"14.06","humidity":"36.44","co2":"436.69"}
{"timestamp":"2025-07-13T11:55:33.758Z","pH":"7.10","conductivity":"114.90","pressure":"2.87","temperature":"24.18","fillLevel":"55.10","flow":"14.16","humidity":"42.04","co2":"406.74"}
{"timestamp":"2025-07-13T11:55:43.771Z","pH":"7.89","conductivity":"146.56","pressure":"3.81","temperature":"29.58","fillLevel":"44.64","flow":"12.67","humidity":"30.98","co2":"439.22"}
{"timestamp":"2025-07-13T11:55:53.784Z","pH":"7.49","conductivity":"114.97","pressure":"5.56","temperature":"26.54","fillLevel":"97.82","flow":"11.28","humidity":"45.96","co2":"438.27"}
