{"timestamp":"2025-07-13T11:58:03.878Z","pH":"7.21","conductivity":"147.53","pressure":"1.85","temperature":"22.78","fillLevel":"58.99","flow":"10.88","humidity":"41.65","co2":"450.78"}
{"timestamp":"2025-07-13T11:58:13.889Z","pH":"7.78","conductivity":"128.27","pressure":"4.89","temperature":"32.49","fillLevel":"8.89","flow":"11.13","humidity":"39.35","co2":"448.70"}
{"timestamp":"2025-07-13T11:58:23.897Z","pH":"6.17","conductivity":"115.66","pressure":"3.69","temperature":"34.86","fillLevel":"87.22","flow":"11.79","humidity":"30.57","co2":"491.76"}
{"timestamp":"2025-07-13T11:58:33.897Z","pH":"7.91","conductivity":"132.40","pressure":"1.93","temperature":"33.71","fillLevel":"11.67","flow":"10.98","humidity":"32.96","co2":"413.94"}
{"timestamp":"2025-07-13T11:58:43.903Z","pH":"6.37","conductivity":"130.72","pressure":"2.48","temperature":"30.54","fillLevel":"43.37","flow":"13.77","humidity":"46.14","co2":"492.25"}
