{"timestamp":"2025-07-13T11:38:02.999Z","pH":"7.96","conductivity":"131.04","pressure":"4.10","temperature":"27.68","fillLevel":"72.42","flow":"12.72","humidity":"39.72","co2":"460.33"}
{"timestamp":"2025-07-13T11:38:13.008Z","pH":"7.85","conductivity":"147.82","pressure":"1.69","temperature":"28.71","fillLevel":"2.03","flow":"10.81","humidity":"37.83","co2":"432.04"}
{"timestamp":"2025-07-13T11:38:23.014Z","pH":"6.22","conductivity":"122.02","pressure":"4.69","temperature":"29.82","fillLevel":"89.09","flow":"11.17","humidity":"36.64","co2":"442.40"}
{"timestamp":"2025-07-13T11:38:33.021Z","pH":"7.06","conductivity":"133.37","pressure":"3.12","temperature":"20.73","fillLevel":"52.08","flow":"13.86","humidity":"40.06","co2":"459.73"}
{"timestamp":"2025-07-13T11:38:43.036Z","pH":"7.79","conductivity":"101.13","pressure":"4.86","temperature":"22.95","fillLevel":"61.82","flow":"11.36","humidity":"30.68","co2":"428.78"}
{"timestamp":"2025-07-13T11:38:53.050Z","pH":"6.59","conductivity":"119.45","pressure":"3.95","temperature":"21.58","fillLevel":"10.13","flow":"13.99","humidity":"40.79","co2":"435.84"}
