{"timestamp":"2025-07-13T11:15:01.975Z","pH":"7.37","conductivity":"132.58","pressure":"3.50","temperature":"24.08","fillLevel":"44.14","flow":"10.22","humidity":"45.29","co2":"438.91"}
{"timestamp":"2025-07-13T11:15:11.984Z","pH":"7.49","conductivity":"112.46","pressure":"1.34","temperature":"33.94","fillLevel":"30.36","flow":"10.21","humidity":"42.10","co2":"452.83"}
{"timestamp":"2025-07-13T11:15:21.995Z","pH":"7.08","conductivity":"132.52","pressure":"2.30","temperature":"32.46","fillLevel":"53.96","flow":"13.34","humidity":"43.24","co2":"499.46"}
{"timestamp":"2025-07-13T11:15:32.000Z","pH":"6.28","conductivity":"127.59","pressure":"5.88","temperature":"27.68","fillLevel":"96.72","flow":"14.21","humidity":"42.96","co2":"452.42"}
{"timestamp":"2025-07-13T11:15:42.014Z","pH":"6.95","conductivity":"139.33","pressure":"3.06","temperature":"27.11","fillLevel":"8.28","flow":"13.41","humidity":"40.19","co2":"453.34"}
{"timestamp":"2025-07-13T11:15:52.024Z","pH":"7.39","conductivity":"142.93","pressure":"1.89","temperature":"25.86","fillLevel":"23.09","flow":"10.93","humidity":"40.43","co2":"413.64"}
