{"timestamp":"2025-07-13T11:23:02.358Z","pH":"6.16","conductivity":"120.93","pressure":"5.35","temperature":"22.70","fillLevel":"8.26","flow":"12.80","humidity":"48.19","co2":"437.65"}
{"timestamp":"2025-07-13T11:23:12.359Z","pH":"7.66","conductivity":"119.62","pressure":"4.06","temperature":"34.68","fillLevel":"77.37","flow":"13.75","humidity":"31.24","co2":"481.62"}
{"timestamp":"2025-07-13T11:23:22.371Z","pH":"7.14","conductivity":"102.94","pressure":"3.07","temperature":"22.69","fillLevel":"55.62","flow":"14.78","humidity":"44.86","co2":"462.56"}
{"timestamp":"2025-07-13T11:23:32.379Z","pH":"7.35","conductivity":"130.37","pressure":"3.54","temperature":"24.58","fillLevel":"29.90","flow":"11.82","humidity":"47.46","co2":"486.64"}
{"timestamp":"2025-07-13T11:23:42.395Z","pH":"7.18","conductivity":"133.10","pressure":"2.87","temperature":"30.81","fillLevel":"93.06","flow":"10.37","humidity":"31.09","co2":"477.28"}
{"timestamp":"2025-07-13T11:23:52.409Z","pH":"7.04","conductivity":"105.94","pressure":"1.04","temperature":"23.80","fillLevel":"71.70","flow":"10.86","humidity":"48.65","co2":"443.99"}
