{"timestamp":"2025-07-13T11:29:02.632Z","pH":"6.85","conductivity":"142.65","pressure":"1.27","temperature":"23.06","fillLevel":"57.25","flow":"10.59","humidity":"41.96","co2":"493.01"}
{"timestamp":"2025-07-13T11:29:12.637Z","pH":"7.80","conductivity":"106.94","pressure":"4.91","temperature":"22.21","fillLevel":"26.08","flow":"11.85","humidity":"47.41","co2":"469.44"}
{"timestamp":"2025-07-13T11:29:22.642Z","pH":"7.30","conductivity":"140.12","pressure":"2.55","temperature":"21.64","fillLevel":"17.40","flow":"10.55","humidity":"39.10","co2":"495.82"}
{"timestamp":"2025-07-13T11:29:32.652Z","pH":"7.67","conductivity":"129.59","pressure":"4.52","temperature":"24.47","fillLevel":"28.87","flow":"14.16","humidity":"32.12","co2":"462.81"}
{"timestamp":"2025-07-13T11:29:42.665Z","pH":"6.39","conductivity":"141.78","pressure":"5.52","temperature":"24.65","fillLevel":"80.79","flow":"13.32","humidity":"30.51","co2":"418.35"}
{"timestamp":"2025-07-13T11:29:52.675Z","pH":"6.25","conductivity":"119.36","pressure":"1.89","temperature":"24.64","fillLevel":"84.76","flow":"10.14","humidity":"45.12","co2":"467.87"}
