{"timestamp":"2025-07-13T11:37:02.955Z","pH":"7.07","conductivity":"105.79","pressure":"4.09","temperature":"27.07","fillLevel":"53.41","flow":"11.85","humidity":"47.01","co2":"458.60"}
{"timestamp":"2025-07-13T11:37:12.961Z","pH":"7.76","conductivity":"144.76","pressure":"3.22","temperature":"20.59","fillLevel":"90.83","flow":"11.49","humidity":"33.85","co2":"478.91"}
{"timestamp":"2025-07-13T11:37:22.976Z","pH":"7.74","conductivity":"132.08","pressure":"2.32","temperature":"21.68","fillLevel":"18.39","flow":"13.93","humidity":"47.46","co2":"471.30"}
{"timestamp":"2025-07-13T11:37:32.977Z","pH":"6.20","conductivity":"107.05","pressure":"5.59","temperature":"30.13","fillLevel":"17.03","flow":"10.97","humidity":"30.04","co2":"413.59"}
{"timestamp":"2025-07-13T11:37:42.984Z","pH":"7.19","conductivity":"142.99","pressure":"5.65","temperature":"30.07","fillLevel":"43.68","flow":"14.67","humidity":"38.81","co2":"468.23"}
{"timestamp":"2025-07-13T11:37:52.995Z","pH":"7.60","conductivity":"116.69","pressure":"4.30","temperature":"33.92","fillLevel":"76.25","flow":"13.59","humidity":"31.04","co2":"407.50"}
