{"timestamp":"2025-07-13T11:42:03.198Z","pH":"7.70","conductivity":"139.52","pressure":"1.21","temperature":"21.94","fillLevel":"21.70","flow":"12.25","humidity":"46.72","co2":"499.63"}
{"timestamp":"2025-07-13T11:42:13.210Z","pH":"6.30","conductivity":"137.68","pressure":"1.68","temperature":"20.65","fillLevel":"71.38","flow":"11.95","humidity":"44.09","co2":"467.25"}
{"timestamp":"2025-07-13T11:42:23.212Z","pH":"7.10","conductivity":"138.38","pressure":"4.42","temperature":"24.20","fillLevel":"27.70","flow":"13.34","humidity":"47.74","co2":"486.64"}
{"timestamp":"2025-07-13T11:42:33.227Z","pH":"6.40","conductivity":"123.59","pressure":"3.70","temperature":"20.40","fillLevel":"64.24","flow":"14.75","humidity":"41.74","co2":"482.99"}
{"timestamp":"2025-07-13T11:42:43.232Z","pH":"6.12","conductivity":"109.49","pressure":"1.56","temperature":"31.85","fillLevel":"37.54","flow":"14.29","humidity":"34.76","co2":"401.85"}
{"timestamp":"2025-07-13T11:42:53.243Z","pH":"7.51","conductivity":"118.16","pressure":"1.80","temperature":"25.86","fillLevel":"7.37","flow":"12.55","humidity":"49.00","co2":"404.94"}
