{"timestamp":"2025-07-13T11:09:01.734Z","pH":"6.32","conductivity":"145.37","pressure":"2.18","temperature":"32.23","fillLevel":"74.57","flow":"13.14","humidity":"32.14","co2":"482.80"}
{"timestamp":"2025-07-13T11:09:11.740Z","pH":"6.09","conductivity":"107.44","pressure":"5.20","temperature":"28.60","fillLevel":"54.58","flow":"12.32","humidity":"35.17","co2":"443.84"}
{"timestamp":"2025-07-13T11:09:21.741Z","pH":"6.38","conductivity":"130.48","pressure":"1.21","temperature":"29.57","fillLevel":"52.47","flow":"13.40","humidity":"32.19","co2":"448.29"}
{"timestamp":"2025-07-13T11:09:31.752Z","pH":"7.96","conductivity":"123.20","pressure":"2.00","temperature":"25.87","fillLevel":"71.92","flow":"14.91","humidity":"38.89","co2":"415.51"}
{"timestamp":"2025-07-13T11:09:41.754Z","pH":"6.24","conductivity":"140.42","pressure":"2.71","temperature":"26.71","fillLevel":"77.80","flow":"10.39","humidity":"44.38","co2":"405.22"}
{"timestamp":"2025-07-13T11:09:51.767Z","pH":"6.15","conductivity":"145.32","pressure":"1.01","temperature":"21.14","fillLevel":"97.64","flow":"10.68","humidity":"35.01","co2":"485.72"}
