{"timestamp":"2025-07-13T11:14:01.939Z","pH":"7.68","conductivity":"107.53","pressure":"3.25","temperature":"29.44","fillLevel":"67.08","flow":"14.21","humidity":"30.62","co2":"485.84"}
{"timestamp":"2025-07-13T11:14:11.950Z","pH":"6.38","conductivity":"116.86","pressure":"4.64","temperature":"25.35","fillLevel":"61.87","flow":"14.33","humidity":"33.03","co2":"455.14"}
{"timestamp":"2025-07-13T11:14:21.956Z","pH":"6.71","conductivity":"105.62","pressure":"1.87","temperature":"22.94","fillLevel":"65.71","flow":"10.81","humidity":"43.19","co2":"461.81"}
{"timestamp":"2025-07-13T11:14:31.958Z","pH":"6.57","conductivity":"118.00","pressure":"3.74","temperature":"28.39","fillLevel":"32.95","flow":"12.06","humidity":"39.69","co2":"490.96"}
{"timestamp":"2025-07-13T11:14:41.967Z","pH":"6.75","conductivity":"122.17","pressure":"4.09","temperature":"31.44","fillLevel":"45.46","flow":"14.02","humidity":"42.28","co2":"419.08"}
{"timestamp":"2025-07-13T11:14:51.971Z","pH":"6.26","conductivity":"132.90","pressure":"5.02","temperature":"33.46","fillLevel":"89.44","flow":"12.74","humidity":"43.45","co2":"491.68"}
