{"timestamp":"2025-07-13T11:11:01.814Z","pH":"7.77","conductivity":"138.54","pressure":"4.27","temperature":"23.31","fillLevel":"76.96","flow":"12.12","humidity":"31.96","co2":"441.04"}
{"timestamp":"2025-07-13T11:11:11.817Z","pH":"7.58","conductivity":"111.36","pressure":"1.13","temperature":"24.42","fillLevel":"58.20","flow":"12.71","humidity":"47.79","co2":"458.30"}
{"timestamp":"2025-07-13T11:11:21.830Z","pH":"7.12","conductivity":"129.43","pressure":"4.92","temperature":"31.92","fillLevel":"95.29","flow":"10.94","humidity":"39.25","co2":"465.09"}
{"timestamp":"2025-07-13T11:11:31.838Z","pH":"7.74","conductivity":"148.02","pressure":"1.08","temperature":"28.79","fillLevel":"92.93","flow":"11.06","humidity":"44.77","co2":"405.92"}
{"timestamp":"2025-07-13T11:11:41.847Z","pH":"7.18","conductivity":"145.42","pressure":"2.64","temperature":"32.84","fillLevel":"21.63","flow":"10.71","humidity":"36.25","co2":"493.30"}
{"timestamp":"2025-07-13T11:11:51.861Z","pH":"6.19","conductivity":"132.31","pressure":"5.50","temperature":"29.03","fillLevel":"31.46","flow":"10.56","humidity":"31.02","co2":"461.13"}
