{"timestamp":"2025-07-13T11:45:03.340Z","pH":"7.93","conductivity":"125.82","pressure":"2.22","temperature":"21.53","fillLevel":"1.40","flow":"10.63","humidity":"44.77","co2":"415.27"}
{"timestamp":"2025-07-13T11:45:13.348Z","pH":"6.85","conductivity":"134.34","pressure":"5.15","temperature":"31.24","fillLevel":"83.99","flow":"12.04","humidity":"38.76","co2":"422.53"}
{"timestamp":"2025-07-13T11:45:23.355Z","pH":"6.22","conductivity":"118.22","pressure":"4.96","temperature":"25.77","fillLevel":"95.60","flow":"12.03","humidity":"48.00","co2":"498.34"}
{"timestamp":"2025-07-13T11:45:33.368Z","pH":"6.14","conductivity":"135.61","pressure":"4.45","temperature":"24.39","fillLevel":"37.92","flow":"11.35","humidity":"45.01","co2":"491.05"}
{"timestamp":"2025-07-13T11:45:43.378Z","pH":"6.08","conductivity":"138.00","pressure":"2.06","temperature":"28.09","fillLevel":"79.68","flow":"11.03","humidity":"44.91","co2":"492.91"}
{"timestamp":"2025-07-13T11:45:53.382Z","pH":"7.71","conductivity":"145.99","pressure":"2.14","temperature":"23.78","fillLevel":"48.32","flow":"12.83","humidity":"33.00","co2":"464.39"}
