{"timestamp":"2025-07-13T11:30:02.685Z","pH":"7.02","conductivity":"115.15","pressure":"5.44","temperature":"29.79","fillLevel":"34.73","flow":"10.82","humidity":"36.19","co2":"440.40"}
{"timestamp":"2025-07-13T11:30:12.699Z","pH":"7.75","conductivity":"136.26","pressure":"5.48","temperature":"20.29","fillLevel":"29.96","flow":"14.81","humidity":"48.92","co2":"469.16"}
{"timestamp":"2025-07-13T11:30:22.710Z","pH":"6.44","conductivity":"105.91","pressure":"1.62","temperature":"34.81","fillLevel":"1.44","flow":"10.65","humidity":"35.25","co2":"470.73"}
{"timestamp":"2025-07-13T11:30:32.713Z","pH":"6.09","conductivity":"137.05","pressure":"3.06","temperature":"25.51","fillLevel":"33.93","flow":"12.75","humidity":"41.88","co2":"488.91"}
{"timestamp":"2025-07-13T11:30:42.718Z","pH":"6.81","conductivity":"136.36","pressure":"4.93","temperature":"22.58","fillLevel":"91.04","flow":"10.37","humidity":"45.78","co2":"413.53"}
{"timestamp":"2025-07-13T11:30:52.720Z","pH":"6.29","conductivity":"145.47","pressure":"3.51","temperature":"27.20","fillLevel":"26.79","flow":"13.09","humidity":"38.74","co2":"407.73"}
