{"timestamp":"2025-07-13T11:41:03.153Z","pH":"7.23","conductivity":"115.07","pressure":"2.06","temperature":"21.25","fillLevel":"84.43","flow":"14.22","humidity":"45.48","co2":"486.56"}
{"timestamp":"2025-07-13T11:41:13.158Z","pH":"6.46","conductivity":"111.69","pressure":"5.18","temperature":"27.54","fillLevel":"76.02","flow":"14.58","humidity":"40.96","co2":"484.28"}
{"timestamp":"2025-07-13T11:41:23.161Z","pH":"6.83","conductivity":"144.16","pressure":"3.76","temperature":"26.85","fillLevel":"28.57","flow":"10.98","humidity":"35.34","co2":"496.20"}
{"timestamp":"2025-07-13T11:41:33.176Z","pH":"7.15","conductivity":"105.42","pressure":"1.87","temperature":"25.88","fillLevel":"50.35","flow":"14.11","humidity":"41.99","co2":"420.92"}
{"timestamp":"2025-07-13T11:41:43.182Z","pH":"6.67","conductivity":"127.14","pressure":"2.62","temperature":"33.61","fillLevel":"59.50","flow":"10.62","humidity":"36.01","co2":"435.90"}
{"timestamp":"2025-07-13T11:41:53.186Z","pH":"6.63","conductivity":"118.90","pressure":"3.88","temperature":"26.65","fillLevel":"27.22","flow":"12.47","humidity":"47.90","co2":"413.92"}
