{"timestamp":"2025-07-13T11:26:02.501Z","pH":"7.89","conductivity":"111.69","pressure":"2.71","temperature":"31.60","fillLevel":"61.54","flow":"12.64","humidity":"38.92","co2":"497.96"}
{"timestamp":"2025-07-13T11:26:12.502Z","pH":"7.18","conductivity":"136.93","pressure":"2.74","temperature":"25.92","fillLevel":"39.03","flow":"14.81","humidity":"31.71","co2":"423.11"}
{"timestamp":"2025-07-13T11:26:22.509Z","pH":"6.83","conductivity":"106.18","pressure":"1.63","temperature":"27.87","fillLevel":"62.52","flow":"11.03","humidity":"35.48","co2":"420.33"}
{"timestamp":"2025-07-13T11:26:32.520Z","pH":"6.45","conductivity":"121.75","pressure":"2.66","temperature":"21.80","fillLevel":"55.47","flow":"14.51","humidity":"49.34","co2":"410.05"}
{"timestamp":"2025-07-13T11:26:42.535Z","pH":"6.19","conductivity":"136.72","pressure":"3.45","temperature":"33.05","fillLevel":"14.90","flow":"13.46","humidity":"40.52","co2":"427.78"}
{"timestamp":"2025-07-13T11:26:52.538Z","pH":"7.62","conductivity":"127.37","pressure":"4.78","temperature":"30.72","fillLevel":"3.14","flow":"10.67","humidity":"45.60","co2":"493.65"}
