{"timestamp":"2025-07-13T11:08:01.682Z","pH":"7.60","conductivity":"114.71","pressure":"4.83","temperature":"22.97","fillLevel":"36.13","flow":"13.77","humidity":"33.59","co2":"415.02"}
{"timestamp":"2025-07-13T11:08:11.695Z","pH":"7.84","conductivity":"103.59","pressure":"5.01","temperature":"24.23","fillLevel":"3.75","flow":"14.31","humidity":"30.36","co2":"403.11"}
{"timestamp":"2025-07-13T11:08:21.702Z","pH":"7.70","conductivity":"138.15","pressure":"1.07","temperature":"22.01","fillLevel":"26.05","flow":"13.49","humidity":"33.47","co2":"495.66"}
{"timestamp":"2025-07-13T11:08:31.715Z","pH":"6.72","conductivity":"106.02","pressure":"2.24","temperature":"31.93","fillLevel":"18.63","flow":"13.06","humidity":"31.32","co2":"408.93"}
{"timestamp":"2025-07-13T11:08:41.715Z","pH":"7.83","conductivity":"149.84","pressure":"1.07","temperature":"28.65","fillLevel":"63.39","flow":"13.67","humidity":"39.10","co2":"432.21"}
{"timestamp":"2025-07-13T11:08:51.726Z","pH":"7.72","conductivity":"128.01","pressure":"4.21","temperature":"22.43","fillLevel":"76.22","flow":"13.32","humidity":"32.66","co2":"431.18"}
