{"timestamp":"2025-07-13T11:06:01.571Z","pH":"7.94","conductivity":"127.29","pressure":"5.35","temperature":"27.62","fillLevel":"74.30","flow":"13.49","humidity":"42.58","co2":"435.18"}
{"timestamp":"2025-07-13T11:06:11.576Z","pH":"7.41","conductivity":"110.46","pressure":"2.20","temperature":"32.95","fillLevel":"85.67","flow":"11.42","humidity":"43.48","co2":"443.87"}
{"timestamp":"2025-07-13T11:06:21.590Z","pH":"7.59","conductivity":"139.84","pressure":"4.56","temperature":"28.76","fillLevel":"12.41","flow":"12.20","humidity":"30.77","co2":"405.60"}
{"timestamp":"2025-07-13T11:06:31.603Z","pH":"7.46","conductivity":"146.15","pressure":"2.94","temperature":"23.93","fillLevel":"53.78","flow":"12.61","humidity":"43.30","co2":"413.33"}
{"timestamp":"2025-07-13T11:06:41.614Z","pH":"7.30","conductivity":"135.31","pressure":"3.67","temperature":"27.76","fillLevel":"98.34","flow":"11.28","humidity":"46.69","co2":"403.27"}
{"timestamp":"2025-07-13T11:06:51.625Z","pH":"6.71","conductivity":"110.43","pressure":"2.84","temperature":"28.70","fillLevel":"67.25","flow":"14.36","humidity":"46.29","co2":"474.37"}
