{"timestamp":"2025-07-13T11:36:02.921Z","pH":"7.50","conductivity":"148.22","pressure":"1.92","temperature":"22.29","fillLevel":"85.22","flow":"13.15","humidity":"44.31","co2":"496.83"}
{"timestamp":"2025-07-13T11:36:12.921Z","pH":"7.86","conductivity":"132.95","pressure":"3.36","temperature":"25.80","fillLevel":"62.28","flow":"12.12","humidity":"30.32","co2":"477.80"}
{"timestamp":"2025-07-13T11:36:22.935Z","pH":"7.73","conductivity":"126.77","pressure":"1.58","temperature":"28.90","fillLevel":"9.00","flow":"14.33","humidity":"38.18","co2":"491.03"}
{"timestamp":"2025-07-13T11:36:32.942Z","pH":"6.48","conductivity":"100.85","pressure":"5.52","temperature":"22.59","fillLevel":"6.66","flow":"12.74","humidity":"48.40","co2":"446.17"}
{"timestamp":"2025-07-13T11:36:42.943Z","pH":"7.95","conductivity":"146.53","pressure":"1.97","temperature":"28.90","fillLevel":"90.91","flow":"11.60","humidity":"47.06","co2":"402.00"}
{"timestamp":"2025-07-13T11:36:52.953Z","pH":"6.84","conductivity":"136.66","pressure":"4.37","temperature":"34.76","fillLevel":"9.75","flow":"11.65","humidity":"49.57","co2":"495.02"}
