{"timestamp":"2025-07-13T11:01:01.346Z","pH":"6.67","conductivity":"104.71","pressure":"4.65","temperature":"33.76","fillLevel":"37.00","flow":"12.32","humidity":"35.65","co2":"454.43"}
{"timestamp":"2025-07-13T11:01:11.351Z","pH":"7.96","conductivity":"111.47","pressure":"5.36","temperature":"30.10","fillLevel":"15.05","flow":"11.78","humidity":"39.03","co2":"445.76"}
{"timestamp":"2025-07-13T11:01:21.363Z","pH":"6.62","conductivity":"147.23","pressure":"3.81","temperature":"21.57","fillLevel":"38.33","flow":"12.62","humidity":"44.07","co2":"453.74"}
{"timestamp":"2025-07-13T11:01:31.375Z","pH":"6.15","conductivity":"119.68","pressure":"5.95","temperature":"21.02","fillLevel":"39.59","flow":"12.07","humidity":"40.00","co2":"461.89"}
{"timestamp":"2025-07-13T11:01:41.388Z","pH":"7.65","conductivity":"135.18","pressure":"5.10","temperature":"26.76","fillLevel":"49.75","flow":"12.72","humidity":"36.61","co2":"475.98"}
{"timestamp":"2025-07-13T11:01:51.399Z","pH":"7.98","conductivity":"112.68","pressure":"5.93","temperature":"26.04","fillLevel":"10.84","flow":"12.87","humidity":"32.34","co2":"467.97"}
