{"timestamp":"2025-07-13T11:24:02.411Z","pH":"6.10","conductivity":"119.38","pressure":"4.78","temperature":"21.66","fillLevel":"10.30","flow":"10.08","humidity":"43.59","co2":"407.52"}
{"timestamp":"2025-07-13T11:24:12.425Z","pH":"7.81","conductivity":"144.78","pressure":"3.58","temperature":"33.58","fillLevel":"3.81","flow":"11.00","humidity":"38.22","co2":"489.70"}
{"timestamp":"2025-07-13T11:24:22.440Z","pH":"6.71","conductivity":"149.34","pressure":"1.81","temperature":"31.02","fillLevel":"26.97","flow":"12.51","humidity":"38.76","co2":"434.27"}
{"timestamp":"2025-07-13T11:24:32.441Z","pH":"6.40","conductivity":"130.08","pressure":"5.48","temperature":"32.34","fillLevel":"80.57","flow":"13.15","humidity":"37.23","co2":"411.22"}
{"timestamp":"2025-07-13T11:24:42.449Z","pH":"7.18","conductivity":"116.67","pressure":"5.85","temperature":"23.00","fillLevel":"43.89","flow":"13.11","humidity":"42.59","co2":"446.80"}
{"timestamp":"2025-07-13T11:24:52.464Z","pH":"7.01","conductivity":"111.59","pressure":"4.00","temperature":"30.28","fillLevel":"86.84","flow":"14.90","humidity":"46.61","co2":"431.69"}
