{"timestamp":"2025-07-13T11:17:02.082Z","pH":"7.91","conductivity":"143.28","pressure":"1.36","temperature":"25.17","fillLevel":"1.31","flow":"12.64","humidity":"32.82","co2":"465.77"}
{"timestamp":"2025-07-13T11:17:12.084Z","pH":"6.85","conductivity":"146.81","pressure":"5.67","temperature":"23.45","fillLevel":"83.24","flow":"10.04","humidity":"32.78","co2":"433.90"}
{"timestamp":"2025-07-13T11:17:22.084Z","pH":"6.49","conductivity":"142.51","pressure":"5.11","temperature":"26.58","fillLevel":"17.47","flow":"11.68","humidity":"38.32","co2":"400.52"}
{"timestamp":"2025-07-13T11:17:32.097Z","pH":"6.28","conductivity":"101.71","pressure":"3.66","temperature":"30.44","fillLevel":"20.01","flow":"10.61","humidity":"38.87","co2":"472.19"}
{"timestamp":"2025-07-13T11:17:42.110Z","pH":"6.15","conductivity":"119.43","pressure":"5.98","temperature":"20.40","fillLevel":"9.22","flow":"11.56","humidity":"36.02","co2":"477.63"}
{"timestamp":"2025-07-13T11:17:52.112Z","pH":"7.98","conductivity":"146.82","pressure":"5.12","temperature":"22.10","fillLevel":"57.02","flow":"14.68","humidity":"40.85","co2":"485.61"}
