{"timestamp":"2025-07-12T19:02:08.663Z","pH":"6.20","conductivity":"124.42","pressure":"3.02","temperature":"29.30","fillLevel":"28.78","flow":"14.37","humidity":"42.87","co2":"407.69"}
{"timestamp":"2025-07-12T19:02:18.670Z","pH":"6.72","conductivity":"117.36","pressure":"3.65","temperature":"22.11","fillLevel":"19.41","flow":"10.99","humidity":"41.27","co2":"400.77"}
{"timestamp":"2025-07-12T19:02:28.671Z","pH":"7.84","conductivity":"111.17","pressure":"4.15","temperature":"24.37","fillLevel":"88.18","flow":"11.59","humidity":"45.31","co2":"485.43"}
{"timestamp":"2025-07-12T19:02:38.673Z","pH":"6.06","conductivity":"137.44","pressure":"5.21","temperature":"28.62","fillLevel":"98.22","flow":"14.83","humidity":"46.77","co2":"469.31"}
{"timestamp":"2025-07-12T19:02:48.679Z","pH":"7.00","conductivity":"135.45","pressure":"1.28","temperature":"29.01","fillLevel":"32.88","flow":"12.80","humidity":"38.83","co2":"428.95"}
{"timestamp":"2025-07-12T19:02:58.682Z","pH":"7.13","conductivity":"117.43","pressure":"5.55","temperature":"23.79","fillLevel":"14.73","flow":"11.39","humidity":"47.41","co2":"406.82"}
