{"timestamp":"2025-07-12T19:15:09.281Z","pH":"7.62","conductivity":"116.64","pressure":"5.85","temperature":"20.94","fillLevel":"77.60","flow":"13.20","humidity":"40.74","co2":"402.94"}
{"timestamp":"2025-07-12T19:15:19.290Z","pH":"7.35","conductivity":"138.92","pressure":"4.18","temperature":"20.28","fillLevel":"40.75","flow":"14.11","humidity":"32.83","co2":"437.91"}
{"timestamp":"2025-07-12T19:15:29.304Z","pH":"6.59","conductivity":"119.76","pressure":"5.63","temperature":"21.26","fillLevel":"42.80","flow":"10.15","humidity":"30.09","co2":"434.21"}
{"timestamp":"2025-07-12T19:15:39.315Z","pH":"7.31","conductivity":"141.24","pressure":"5.88","temperature":"25.35","fillLevel":"46.43","flow":"12.45","humidity":"31.38","co2":"484.87"}
{"timestamp":"2025-07-12T19:15:49.320Z","pH":"6.72","conductivity":"124.73","pressure":"5.79","temperature":"31.98","fillLevel":"53.95","flow":"13.07","humidity":"34.75","co2":"462.09"}
{"timestamp":"2025-07-12T19:15:59.330Z","pH":"6.10","conductivity":"105.51","pressure":"1.01","temperature":"24.65","fillLevel":"65.84","flow":"13.53","humidity":"30.12","co2":"499.02"}
