{"timestamp":"2025-07-12T19:25:09.729Z","pH":"7.82","conductivity":"100.71","pressure":"4.94","temperature":"20.93","fillLevel":"67.13","flow":"10.34","humidity":"49.59","co2":"459.61"}
{"timestamp":"2025-07-12T19:25:19.730Z","pH":"7.87","conductivity":"118.86","pressure":"4.38","temperature":"27.22","fillLevel":"86.40","flow":"10.25","humidity":"46.56","co2":"415.42"}
{"timestamp":"2025-07-12T19:25:29.743Z","pH":"7.63","conductivity":"105.92","pressure":"5.54","temperature":"27.50","fillLevel":"52.31","flow":"12.76","humidity":"35.41","co2":"468.94"}
{"timestamp":"2025-07-12T19:25:39.755Z","pH":"7.49","conductivity":"119.77","pressure":"2.80","temperature":"28.63","fillLevel":"15.54","flow":"10.64","humidity":"40.25","co2":"403.70"}
{"timestamp":"2025-07-12T19:25:49.765Z","pH":"6.20","conductivity":"104.09","pressure":"1.61","temperature":"25.04","fillLevel":"5.38","flow":"12.16","humidity":"32.95","co2":"478.24"}
{"timestamp":"2025-07-12T19:25:59.778Z","pH":"6.48","conductivity":"149.78","pressure":"3.59","temperature":"28.02","fillLevel":"40.09","flow":"13.35","humidity":"38.31","co2":"454.67"}
