{"timestamp":"2025-07-12T19:00:08.578Z","pH":"7.82","conductivity":"115.79","pressure":"5.85","temperature":"24.04","fillLevel":"54.01","flow":"14.70","humidity":"49.64","co2":"425.49"}
{"timestamp":"2025-07-12T19:00:18.581Z","pH":"6.24","conductivity":"130.12","pressure":"2.46","temperature":"22.25","fillLevel":"52.24","flow":"10.25","humidity":"38.74","co2":"404.96"}
{"timestamp":"2025-07-12T19:00:28.586Z","pH":"7.97","conductivity":"139.93","pressure":"4.39","temperature":"33.45","fillLevel":"20.25","flow":"11.49","humidity":"45.37","co2":"425.45"}
{"timestamp":"2025-07-12T19:00:38.593Z","pH":"6.95","conductivity":"127.52","pressure":"1.52","temperature":"21.83","fillLevel":"13.82","flow":"10.19","humidity":"30.46","co2":"428.58"}
{"timestamp":"2025-07-12T19:00:48.605Z","pH":"6.13","conductivity":"129.48","pressure":"1.34","temperature":"24.52","fillLevel":"1.22","flow":"13.02","humidity":"45.26","co2":"446.12"}
{"timestamp":"2025-07-12T19:00:58.605Z","pH":"7.91","conductivity":"126.99","pressure":"4.14","temperature":"27.60","fillLevel":"98.82","flow":"13.87","humidity":"36.91","co2":"450.10"}
