{"timestamp":"2025-07-12T19:28:09.893Z","pH":"6.20","conductivity":"130.13","pressure":"4.43","temperature":"32.05","fillLevel":"86.23","flow":"13.75","humidity":"36.59","co2":"423.02"}
{"timestamp":"2025-07-12T19:28:19.900Z","pH":"7.58","conductivity":"125.27","pressure":"2.30","temperature":"33.08","fillLevel":"74.89","flow":"12.96","humidity":"49.17","co2":"435.52"}
{"timestamp":"2025-07-12T19:28:29.910Z","pH":"7.64","conductivity":"113.29","pressure":"2.39","temperature":"28.09","fillLevel":"48.91","flow":"12.89","humidity":"48.69","co2":"492.22"}
{"timestamp":"2025-07-12T19:28:39.910Z","pH":"6.11","conductivity":"137.00","pressure":"3.46","temperature":"20.06","fillLevel":"43.79","flow":"11.87","humidity":"44.10","co2":"492.85"}
{"timestamp":"2025-07-12T19:28:49.924Z","pH":"6.96","conductivity":"106.94","pressure":"1.13","temperature":"22.34","fillLevel":"41.48","flow":"13.53","humidity":"48.16","co2":"472.04"}
{"timestamp":"2025-07-12T19:28:59.934Z","pH":"6.04","conductivity":"108.04","pressure":"1.14","temperature":"31.32","fillLevel":"61.07","flow":"14.87","humidity":"42.01","co2":"410.71"}
