{"timestamp":"2025-07-12T19:10:09.039Z","pH":"6.58","conductivity":"111.66","pressure":"5.74","temperature":"31.56","fillLevel":"72.14","flow":"11.12","humidity":"41.27","co2":"462.96"}
{"timestamp":"2025-07-12T19:10:19.051Z","pH":"7.23","conductivity":"125.98","pressure":"2.87","temperature":"20.34","fillLevel":"95.14","flow":"10.65","humidity":"46.12","co2":"468.56"}
{"timestamp":"2025-07-12T19:10:29.063Z","pH":"7.35","conductivity":"104.70","pressure":"5.49","temperature":"20.71","fillLevel":"35.98","flow":"14.88","humidity":"36.45","co2":"409.75"}
{"timestamp":"2025-07-12T19:10:39.083Z","pH":"6.99","conductivity":"145.92","pressure":"4.76","temperature":"26.41","fillLevel":"25.64","flow":"14.29","humidity":"35.17","co2":"445.75"}
{"timestamp":"2025-07-12T19:10:49.083Z","pH":"6.20","conductivity":"120.45","pressure":"2.41","temperature":"20.98","fillLevel":"23.80","flow":"10.39","humidity":"33.04","co2":"449.41"}
{"timestamp":"2025-07-12T19:10:59.087Z","pH":"7.24","conductivity":"112.57","pressure":"3.93","temperature":"27.94","fillLevel":"48.67","flow":"14.50","humidity":"33.44","co2":"417.28"}
