{"timestamp":"2025-07-12T19:22:09.614Z","pH":"6.76","conductivity":"125.45","pressure":"1.69","temperature":"21.20","fillLevel":"34.77","flow":"12.63","humidity":"37.13","co2":"473.61"}
{"timestamp":"2025-07-12T19:22:19.614Z","pH":"6.85","conductivity":"107.36","pressure":"4.18","temperature":"27.29","fillLevel":"47.80","flow":"12.53","humidity":"49.05","co2":"449.81"}
{"timestamp":"2025-07-12T19:22:29.616Z","pH":"6.71","conductivity":"110.00","pressure":"1.44","temperature":"30.35","fillLevel":"2.34","flow":"12.14","humidity":"31.72","co2":"430.51"}
{"timestamp":"2025-07-12T19:22:39.618Z","pH":"7.28","conductivity":"140.88","pressure":"4.55","temperature":"26.30","fillLevel":"22.64","flow":"13.60","humidity":"39.54","co2":"418.46"}
{"timestamp":"2025-07-12T19:22:49.632Z","pH":"6.03","conductivity":"130.36","pressure":"4.02","temperature":"22.69","fillLevel":"9.81","flow":"11.87","humidity":"38.20","co2":"400.02"}
{"timestamp":"2025-07-12T19:22:59.644Z","pH":"6.14","conductivity":"102.54","pressure":"1.57","temperature":"33.71","fillLevel":"66.61","flow":"11.10","humidity":"43.67","co2":"421.36"}
