{"timestamp":"2025-07-12T19:14:09.249Z","pH":"7.95","conductivity":"123.40","pressure":"3.32","temperature":"21.71","fillLevel":"0.71","flow":"10.73","humidity":"35.17","co2":"437.70"}
{"timestamp":"2025-07-12T19:14:19.251Z","pH":"6.07","conductivity":"149.80","pressure":"5.50","temperature":"20.03","fillLevel":"28.37","flow":"14.23","humidity":"40.64","co2":"419.20"}
{"timestamp":"2025-07-12T19:14:29.254Z","pH":"7.12","conductivity":"100.75","pressure":"2.53","temperature":"23.97","fillLevel":"69.30","flow":"14.22","humidity":"35.68","co2":"431.81"}
{"timestamp":"2025-07-12T19:14:39.257Z","pH":"7.16","conductivity":"149.30","pressure":"3.75","temperature":"34.75","fillLevel":"34.67","flow":"10.10","humidity":"43.11","co2":"481.38"}
{"timestamp":"2025-07-12T19:14:49.261Z","pH":"7.38","conductivity":"133.49","pressure":"1.73","temperature":"31.91","fillLevel":"43.68","flow":"12.13","humidity":"46.75","co2":"494.10"}
{"timestamp":"2025-07-12T19:14:59.269Z","pH":"7.39","conductivity":"108.90","pressure":"1.97","temperature":"25.38","fillLevel":"38.66","flow":"10.10","humidity":"33.19","co2":"401.44"}
