{"timestamp":"2025-07-12T19:29:09.946Z","pH":"6.56","conductivity":"137.75","pressure":"4.30","temperature":"23.38","fillLevel":"13.97","flow":"11.56","humidity":"35.68","co2":"471.10"}
{"timestamp":"2025-07-12T19:29:19.949Z","pH":"7.76","conductivity":"142.61","pressure":"4.97","temperature":"26.63","fillLevel":"42.19","flow":"13.72","humidity":"42.96","co2":"489.53"}
{"timestamp":"2025-07-12T19:29:29.949Z","pH":"7.90","conductivity":"137.26","pressure":"1.09","temperature":"23.31","fillLevel":"64.12","flow":"14.39","humidity":"35.44","co2":"464.08"}
{"timestamp":"2025-07-12T19:29:39.949Z","pH":"7.63","conductivity":"149.66","pressure":"2.60","temperature":"22.82","fillLevel":"40.17","flow":"13.63","humidity":"33.32","co2":"408.79"}
{"timestamp":"2025-07-12T19:29:49.954Z","pH":"7.58","conductivity":"125.52","pressure":"3.93","temperature":"20.41","fillLevel":"3.47","flow":"12.45","humidity":"45.42","co2":"492.42"}
{"timestamp":"2025-07-12T19:29:59.956Z","pH":"7.07","conductivity":"117.69","pressure":"3.09","temperature":"22.51","fillLevel":"59.64","flow":"10.85","humidity":"41.16","co2":"420.69"}
