{"timestamp":"2025-07-12T19:05:08.786Z","pH":"6.16","conductivity":"122.76","pressure":"5.44","temperature":"27.14","fillLevel":"55.95","flow":"13.66","humidity":"42.20","co2":"405.38"}
{"timestamp":"2025-07-12T19:05:18.800Z","pH":"6.31","conductivity":"109.28","pressure":"3.35","temperature":"34.40","fillLevel":"98.92","flow":"10.26","humidity":"35.67","co2":"469.18"}
{"timestamp":"2025-07-12T19:05:28.804Z","pH":"6.03","conductivity":"131.78","pressure":"5.65","temperature":"25.51","fillLevel":"64.88","flow":"14.20","humidity":"40.77","co2":"439.54"}
{"timestamp":"2025-07-12T19:05:38.808Z","pH":"6.90","conductivity":"121.46","pressure":"5.61","temperature":"31.03","fillLevel":"70.18","flow":"11.71","humidity":"35.86","co2":"441.92"}
{"timestamp":"2025-07-12T19:05:48.809Z","pH":"7.15","conductivity":"120.75","pressure":"4.55","temperature":"33.67","fillLevel":"15.59","flow":"14.14","humidity":"40.09","co2":"494.56"}
{"timestamp":"2025-07-12T19:05:58.811Z","pH":"7.46","conductivity":"118.11","pressure":"1.04","temperature":"31.98","fillLevel":"92.12","flow":"10.01","humidity":"36.20","co2":"457.28"}
