{"timestamp":"2025-07-12T19:06:08.822Z","pH":"6.88","conductivity":"142.11","pressure":"3.77","temperature":"27.35","fillLevel":"5.77","flow":"13.81","humidity":"30.44","co2":"471.95"}
{"timestamp":"2025-07-12T19:06:18.831Z","pH":"6.60","conductivity":"125.29","pressure":"4.39","temperature":"29.39","fillLevel":"35.71","flow":"14.50","humidity":"39.59","co2":"411.69"}
{"timestamp":"2025-07-12T19:06:28.839Z","pH":"7.08","conductivity":"134.37","pressure":"5.95","temperature":"34.09","fillLevel":"64.89","flow":"10.50","humidity":"36.61","co2":"453.52"}
{"timestamp":"2025-07-12T19:06:38.849Z","pH":"6.28","conductivity":"113.16","pressure":"3.12","temperature":"21.32","fillLevel":"11.82","flow":"14.64","humidity":"39.76","co2":"461.16"}
{"timestamp":"2025-07-12T19:06:48.864Z","pH":"6.72","conductivity":"134.21","pressure":"4.40","temperature":"27.31","fillLevel":"13.55","flow":"11.74","humidity":"33.90","co2":"492.52"}
{"timestamp":"2025-07-12T19:06:58.873Z","pH":"6.70","conductivity":"109.67","pressure":"2.10","temperature":"20.53","fillLevel":"12.68","flow":"10.91","humidity":"41.54","co2":"479.59"}
