{"timestamp":"2025-07-12T19:24:09.682Z","pH":"7.34","conductivity":"134.58","pressure":"3.62","temperature":"31.49","fillLevel":"93.24","flow":"11.98","humidity":"47.69","co2":"475.98"}
{"timestamp":"2025-07-12T19:24:19.697Z","pH":"7.33","conductivity":"106.02","pressure":"5.96","temperature":"26.91","fillLevel":"10.23","flow":"11.20","humidity":"38.92","co2":"476.62"}
{"timestamp":"2025-07-12T19:24:29.703Z","pH":"7.38","conductivity":"100.19","pressure":"1.87","temperature":"22.08","fillLevel":"74.78","flow":"10.72","humidity":"33.64","co2":"485.97"}
{"timestamp":"2025-07-12T19:24:39.715Z","pH":"7.94","conductivity":"138.92","pressure":"4.38","temperature":"27.65","fillLevel":"67.71","flow":"10.71","humidity":"32.23","co2":"436.29"}
{"timestamp":"2025-07-12T19:24:49.721Z","pH":"7.02","conductivity":"136.22","pressure":"3.76","temperature":"30.60","fillLevel":"36.84","flow":"13.93","humidity":"32.51","co2":"495.45"}
{"timestamp":"2025-07-12T19:24:59.727Z","pH":"7.46","conductivity":"138.13","pressure":"3.20","temperature":"32.32","fillLevel":"97.96","flow":"11.17","humidity":"32.54","co2":"470.15"}
