{"timestamp":"2025-07-12T19:17:09.375Z","pH":"6.72","conductivity":"104.68","pressure":"2.24","temperature":"27.98","fillLevel":"19.05","flow":"11.75","humidity":"31.61","co2":"455.71"}
{"timestamp":"2025-07-12T19:17:19.380Z","pH":"6.33","conductivity":"136.88","pressure":"1.64","temperature":"28.52","fillLevel":"22.34","flow":"11.11","humidity":"49.79","co2":"400.06"}
{"timestamp":"2025-07-12T19:17:29.395Z","pH":"7.43","conductivity":"144.61","pressure":"5.77","temperature":"28.55","fillLevel":"4.85","flow":"10.80","humidity":"47.49","co2":"422.56"}
{"timestamp":"2025-07-12T19:17:39.409Z","pH":"7.78","conductivity":"146.16","pressure":"5.35","temperature":"24.87","fillLevel":"21.14","flow":"10.70","humidity":"32.68","co2":"456.18"}
{"timestamp":"2025-07-12T19:17:49.424Z","pH":"7.51","conductivity":"139.21","pressure":"4.30","temperature":"34.63","fillLevel":"2.24","flow":"11.15","humidity":"45.72","co2":"444.88"}
{"timestamp":"2025-07-12T19:17:59.430Z","pH":"7.35","conductivity":"114.66","pressure":"4.44","temperature":"26.88","fillLevel":"78.48","flow":"13.59","humidity":"48.86","co2":"496.91"}
