{"timestamp":"2025-07-12T19:30:09.960Z","pH":"6.26","conductivity":"102.87","pressure":"1.32","temperature":"23.32","fillLevel":"1.33","flow":"13.94","humidity":"30.44","co2":"459.24"}
{"timestamp":"2025-07-12T19:30:19.975Z","pH":"6.00","conductivity":"145.61","pressure":"4.36","temperature":"33.08","fillLevel":"75.84","flow":"11.62","humidity":"31.35","co2":"444.80"}
{"timestamp":"2025-07-12T19:30:29.985Z","pH":"6.16","conductivity":"128.60","pressure":"2.06","temperature":"33.22","fillLevel":"86.58","flow":"14.50","humidity":"33.91","co2":"463.20"}
{"timestamp":"2025-07-12T19:30:39.991Z","pH":"6.91","conductivity":"141.53","pressure":"4.06","temperature":"31.21","fillLevel":"67.35","flow":"10.24","humidity":"34.41","co2":"403.10"}
{"timestamp":"2025-07-12T19:30:49.992Z","pH":"7.24","conductivity":"140.53","pressure":"4.68","temperature":"32.37","fillLevel":"6.16","flow":"10.23","humidity":"43.97","co2":"465.72"}
{"timestamp":"2025-07-12T19:30:59.994Z","pH":"6.18","conductivity":"103.97","pressure":"3.29","temperature":"26.02","fillLevel":"75.69","flow":"10.98","humidity":"35.70","co2":"481.21"}
