{"timestamp":"2025-07-12T19:34:01.330Z","pH":"7.19","conductivity":"149.22","pressure":"3.19","temperature":"33.35","fillLevel":"66.60","flow":"13.53","humidity":"49.20","co2":"475.38"}
{"timestamp":"2025-07-12T19:34:11.334Z","pH":"7.32","conductivity":"117.47","pressure":"2.30","temperature":"30.93","fillLevel":"78.75","flow":"11.71","humidity":"40.36","co2":"465.39"}
{"timestamp":"2025-07-12T19:34:21.348Z","pH":"6.52","conductivity":"126.03","pressure":"4.21","temperature":"27.74","fillLevel":"67.39","flow":"13.89","humidity":"35.26","co2":"409.41"}
{"timestamp":"2025-07-12T19:34:31.353Z","pH":"6.29","conductivity":"101.29","pressure":"3.62","temperature":"26.42","fillLevel":"49.41","flow":"12.34","humidity":"34.16","co2":"490.11"}
{"timestamp":"2025-07-12T19:34:41.355Z","pH":"6.12","conductivity":"142.71","pressure":"4.06","temperature":"20.75","fillLevel":"24.81","flow":"11.21","humidity":"32.31","co2":"443.14"}
