{"timestamp":"2025-07-12T19:12:09.153Z","pH":"7.63","conductivity":"105.71","pressure":"4.11","temperature":"23.09","fillLevel":"41.58","flow":"13.13","humidity":"36.69","co2":"494.43"}
{"timestamp":"2025-07-12T19:12:19.157Z","pH":"7.45","conductivity":"127.19","pressure":"5.31","temperature":"29.02","fillLevel":"48.12","flow":"14.86","humidity":"37.43","co2":"430.45"}
{"timestamp":"2025-07-12T19:12:29.168Z","pH":"6.42","conductivity":"130.55","pressure":"3.95","temperature":"22.99","fillLevel":"95.14","flow":"14.25","humidity":"34.33","co2":"478.19"}
{"timestamp":"2025-07-12T19:12:39.172Z","pH":"7.48","conductivity":"132.99","pressure":"5.60","temperature":"28.23","fillLevel":"87.28","flow":"11.00","humidity":"40.62","co2":"421.14"}
{"timestamp":"2025-07-12T19:12:49.183Z","pH":"6.12","conductivity":"148.64","pressure":"1.04","temperature":"34.92","fillLevel":"64.54","flow":"12.38","humidity":"39.11","co2":"429.92"}
{"timestamp":"2025-07-12T19:12:59.190Z","pH":"6.49","conductivity":"131.05","pressure":"2.39","temperature":"33.80","fillLevel":"80.05","flow":"11.08","humidity":"32.92","co2":"482.37"}
