{"timestamp":"2025-07-12T19:31:14.537Z","pH":"7.96","conductivity":"137.37","pressure":"1.41","temperature":"29.20","fillLevel":"47.33","flow":"10.77","humidity":"38.84","co2":"462.25"}
{"timestamp":"2025-07-12T19:31:24.545Z","pH":"7.52","conductivity":"117.46","pressure":"1.47","temperature":"28.65","fillLevel":"0.91","flow":"10.11","humidity":"46.52","co2":"494.84"}
{"timestamp":"2025-07-12T19:31:34.559Z","pH":"7.50","conductivity":"124.08","pressure":"5.21","temperature":"30.45","fillLevel":"45.08","flow":"11.78","humidity":"43.75","co2":"446.16"}
{"timestamp":"2025-07-12T19:31:44.573Z","pH":"7.49","conductivity":"124.75","pressure":"1.33","temperature":"24.66","fillLevel":"94.13","flow":"13.86","humidity":"47.68","co2":"411.39"}
{"timestamp":"2025-07-12T19:31:54.575Z","pH":"6.26","conductivity":"133.35","pressure":"3.13","temperature":"28.52","fillLevel":"56.17","flow":"13.92","humidity":"41.48","co2":"457.49"}
