{"timestamp":"2025-07-12T19:23:09.652Z","pH":"7.34","conductivity":"112.60","pressure":"3.47","temperature":"21.00","fillLevel":"73.55","flow":"14.46","humidity":"47.88","co2":"442.47"}
{"timestamp":"2025-07-12T19:23:19.660Z","pH":"7.53","conductivity":"115.16","pressure":"3.24","temperature":"20.88","fillLevel":"28.21","flow":"11.97","humidity":"41.19","co2":"463.66"}
{"timestamp":"2025-07-12T19:23:29.663Z","pH":"7.37","conductivity":"111.31","pressure":"4.14","temperature":"29.84","fillLevel":"15.28","flow":"12.27","humidity":"47.75","co2":"440.20"}
{"timestamp":"2025-07-12T19:23:39.668Z","pH":"7.86","conductivity":"113.23","pressure":"4.00","temperature":"27.74","fillLevel":"76.87","flow":"12.87","humidity":"46.03","co2":"405.90"}
{"timestamp":"2025-07-12T19:23:49.674Z","pH":"7.12","conductivity":"111.53","pressure":"4.57","temperature":"34.58","fillLevel":"4.24","flow":"14.24","humidity":"44.28","co2":"444.83"}
{"timestamp":"2025-07-12T19:23:59.677Z","pH":"6.06","conductivity":"114.65","pressure":"4.05","temperature":"24.30","fillLevel":"4.77","flow":"12.15","humidity":"45.05","co2":"456.68"}
