{"timestamp":"2025-07-12T19:32:04.577Z","pH":"6.95","conductivity":"104.20","pressure":"5.64","temperature":"31.07","fillLevel":"31.66","flow":"12.68","humidity":"36.58","co2":"446.21"}
{"timestamp":"2025-07-12T19:32:14.577Z","pH":"6.02","conductivity":"132.33","pressure":"3.27","temperature":"32.78","fillLevel":"30.96","flow":"10.87","humidity":"42.18","co2":"425.52"}
{"timestamp":"2025-07-12T19:32:24.580Z","pH":"7.86","conductivity":"130.87","pressure":"2.49","temperature":"32.68","fillLevel":"28.86","flow":"13.19","humidity":"47.22","co2":"450.54"}
{"timestamp":"2025-07-12T19:32:34.586Z","pH":"6.81","conductivity":"108.39","pressure":"3.97","temperature":"29.77","fillLevel":"15.60","flow":"10.08","humidity":"42.88","co2":"434.64"}
{"timestamp":"2025-07-12T19:32:44.590Z","pH":"7.69","conductivity":"147.39","pressure":"2.06","temperature":"24.66","fillLevel":"7.50","flow":"10.67","humidity":"33.29","co2":"454.64"}
{"timestamp":"2025-07-12T19:32:54.593Z","pH":"7.84","conductivity":"148.50","pressure":"1.92","temperature":"28.76","fillLevel":"30.40","flow":"13.21","humidity":"32.22","co2":"438.83"}
