{"timestamp":"2025-07-12T19:18:09.433Z","pH":"6.79","conductivity":"138.17","pressure":"3.33","temperature":"27.39","fillLevel":"74.02","flow":"10.77","humidity":"31.15","co2":"460.85"}
{"timestamp":"2025-07-12T19:18:19.448Z","pH":"6.87","conductivity":"133.55","pressure":"2.52","temperature":"25.52","fillLevel":"40.29","flow":"10.04","humidity":"49.51","co2":"456.72"}
{"timestamp":"2025-07-12T19:18:29.453Z","pH":"6.10","conductivity":"113.95","pressure":"1.49","temperature":"20.25","fillLevel":"43.69","flow":"11.40","humidity":"46.32","co2":"461.53"}
{"timestamp":"2025-07-12T19:18:39.466Z","pH":"7.32","conductivity":"114.96","pressure":"5.01","temperature":"30.35","fillLevel":"9.09","flow":"11.31","humidity":"30.39","co2":"461.75"}
{"timestamp":"2025-07-12T19:18:49.479Z","pH":"7.28","conductivity":"119.15","pressure":"1.55","temperature":"26.24","fillLevel":"80.25","flow":"12.81","humidity":"34.92","co2":"449.92"}
{"timestamp":"2025-07-12T19:18:59.494Z","pH":"7.85","conductivity":"126.81","pressure":"3.43","temperature":"32.03","fillLevel":"70.85","flow":"14.48","humidity":"45.97","co2":"424.66"}
