{"timestamp":"2025-07-12T19:54:03.490Z","pH":"7.81","conductivity":"128.45","pressure":"2.16","temperature":"22.73","fillLevel":"48.05","flow":"10.46","humidity":"46.45","co2":"475.94"}
{"timestamp":"2025-07-12T19:54:13.503Z","pH":"6.66","conductivity":"115.30","pressure":"3.98","temperature":"32.64","fillLevel":"81.53","flow":"13.63","humidity":"36.27","co2":"470.70"}
{"timestamp":"2025-07-12T19:54:23.507Z","pH":"6.80","conductivity":"101.33","pressure":"5.51","temperature":"32.14","fillLevel":"77.42","flow":"14.83","humidity":"44.81","co2":"449.73"}
{"timestamp":"2025-07-12T19:54:33.508Z","pH":"7.21","conductivity":"123.15","pressure":"3.80","temperature":"22.14","fillLevel":"49.66","flow":"14.43","humidity":"35.73","co2":"406.76"}
{"timestamp":"2025-07-12T19:54:43.510Z","pH":"7.19","conductivity":"149.89","pressure":"4.54","temperature":"27.97","fillLevel":"18.01","flow":"14.86","humidity":"43.01","co2":"478.40"}
{"timestamp":"2025-07-12T19:54:53.522Z","pH":"6.56","conductivity":"112.06","pressure":"5.39","temperature":"26.87","fillLevel":"73.37","flow":"13.27","humidity":"46.52","co2":"480.46"}
