{"timestamp":"2025-07-12T19:26:09.781Z","pH":"7.47","conductivity":"125.62","pressure":"3.74","temperature":"26.64","fillLevel":"47.71","flow":"11.23","humidity":"43.29","co2":"402.23"}
{"timestamp":"2025-07-12T19:26:19.792Z","pH":"7.75","conductivity":"102.83","pressure":"3.56","temperature":"29.93","fillLevel":"16.17","flow":"13.37","humidity":"39.31","co2":"493.61"}
{"timestamp":"2025-07-12T19:26:29.805Z","pH":"6.14","conductivity":"112.50","pressure":"3.12","temperature":"21.67","fillLevel":"4.28","flow":"12.37","humidity":"44.40","co2":"409.47"}
{"timestamp":"2025-07-12T19:26:39.808Z","pH":"7.78","conductivity":"122.38","pressure":"5.65","temperature":"25.62","fillLevel":"86.35","flow":"13.20","humidity":"36.34","co2":"449.69"}
{"timestamp":"2025-07-12T19:26:49.821Z","pH":"7.44","conductivity":"129.87","pressure":"1.11","temperature":"25.75","fillLevel":"35.26","flow":"10.73","humidity":"40.16","co2":"480.52"}
{"timestamp":"2025-07-12T19:26:59.820Z","pH":"7.44","conductivity":"148.01","pressure":"4.44","temperature":"34.33","fillLevel":"57.09","flow":"13.16","humidity":"43.01","co2":"400.83"}
