{"timestamp":"2025-07-12T19:09:08.991Z","pH":"6.13","conductivity":"101.69","pressure":"5.72","temperature":"21.72","fillLevel":"47.92","flow":"12.88","humidity":"44.93","co2":"479.83"}
{"timestamp":"2025-07-12T19:09:19.000Z","pH":"7.02","conductivity":"143.10","pressure":"2.93","temperature":"33.95","fillLevel":"30.31","flow":"11.50","humidity":"31.92","co2":"443.07"}
{"timestamp":"2025-07-12T19:09:29.002Z","pH":"7.52","conductivity":"105.67","pressure":"4.65","temperature":"21.11","fillLevel":"84.28","flow":"11.20","humidity":"41.37","co2":"433.80"}
{"timestamp":"2025-07-12T19:09:39.016Z","pH":"7.45","conductivity":"106.59","pressure":"3.34","temperature":"31.20","fillLevel":"78.85","flow":"10.61","humidity":"34.21","co2":"438.38"}
{"timestamp":"2025-07-12T19:09:49.022Z","pH":"6.86","conductivity":"140.95","pressure":"2.89","temperature":"27.99","fillLevel":"17.31","flow":"12.84","humidity":"30.40","co2":"413.27"}
{"timestamp":"2025-07-12T19:09:59.035Z","pH":"7.10","conductivity":"124.91","pressure":"1.61","temperature":"22.84","fillLevel":"62.93","flow":"12.19","humidity":"31.73","co2":"488.95"}
