{"timestamp":"2025-07-12T19:59:03.717Z","pH":"6.10","conductivity":"107.89","pressure":"4.52","temperature":"30.59","fillLevel":"53.86","flow":"14.76","humidity":"46.61","co2":"442.29"}
{"timestamp":"2025-07-12T19:59:13.725Z","pH":"6.46","conductivity":"118.91","pressure":"1.72","temperature":"24.66","fillLevel":"83.77","flow":"12.83","humidity":"47.84","co2":"420.05"}
{"timestamp":"2025-07-12T19:59:23.731Z","pH":"7.53","conductivity":"146.20","pressure":"4.08","temperature":"25.16","fillLevel":"55.41","flow":"11.94","humidity":"42.04","co2":"455.76"}
{"timestamp":"2025-07-12T19:59:33.740Z","pH":"7.39","conductivity":"101.82","pressure":"1.29","temperature":"25.12","fillLevel":"32.89","flow":"13.76","humidity":"41.18","co2":"446.20"}
{"timestamp":"2025-07-12T19:59:43.748Z","pH":"6.84","conductivity":"111.00","pressure":"3.89","temperature":"31.41","fillLevel":"7.46","flow":"13.07","humidity":"36.00","co2":"471.62"}
{"timestamp":"2025-07-12T19:59:53.760Z","pH":"7.86","conductivity":"141.77","pressure":"5.85","temperature":"26.00","fillLevel":"92.14","flow":"13.23","humidity":"41.99","co2":"406.08"}
