{"timestamp":"2025-07-12T19:03:08.682Z","pH":"7.77","conductivity":"119.16","pressure":"2.05","temperature":"30.45","fillLevel":"0.73","flow":"11.02","humidity":"30.75","co2":"438.31"}
{"timestamp":"2025-07-12T19:03:18.694Z","pH":"6.53","conductivity":"117.38","pressure":"3.47","temperature":"22.73","fillLevel":"30.58","flow":"12.08","humidity":"37.48","co2":"462.61"}
{"timestamp":"2025-07-12T19:03:28.697Z","pH":"6.41","conductivity":"107.92","pressure":"2.51","temperature":"27.12","fillLevel":"97.27","flow":"12.69","humidity":"34.52","co2":"498.18"}
{"timestamp":"2025-07-12T19:03:38.713Z","pH":"6.87","conductivity":"133.54","pressure":"3.32","temperature":"34.01","fillLevel":"7.86","flow":"14.58","humidity":"41.41","co2":"422.72"}
{"timestamp":"2025-07-12T19:03:48.727Z","pH":"7.36","conductivity":"120.24","pressure":"2.35","temperature":"22.76","fillLevel":"86.97","flow":"10.23","humidity":"44.06","co2":"487.97"}
{"timestamp":"2025-07-12T19:03:58.729Z","pH":"6.22","conductivity":"127.57","pressure":"4.54","temperature":"21.31","fillLevel":"40.31","flow":"10.50","humidity":"39.94","co2":"466.49"}
