{"timestamp":"2025-07-12T19:19:09.501Z","pH":"6.79","conductivity":"123.40","pressure":"5.52","temperature":"27.72","fillLevel":"43.87","flow":"14.17","humidity":"36.96","co2":"487.30"}
{"timestamp":"2025-07-12T19:19:19.504Z","pH":"6.71","conductivity":"110.22","pressure":"3.42","temperature":"23.44","fillLevel":"59.20","flow":"10.37","humidity":"37.43","co2":"441.18"}
{"timestamp":"2025-07-12T19:19:29.509Z","pH":"7.86","conductivity":"137.11","pressure":"1.22","temperature":"33.55","fillLevel":"43.22","flow":"11.54","humidity":"38.60","co2":"469.61"}
{"timestamp":"2025-07-12T19:19:39.514Z","pH":"6.64","conductivity":"100.27","pressure":"5.30","temperature":"28.80","fillLevel":"61.66","flow":"13.20","humidity":"33.37","co2":"405.90"}
{"timestamp":"2025-07-12T19:19:49.523Z","pH":"7.94","conductivity":"117.95","pressure":"1.23","temperature":"29.41","fillLevel":"71.13","flow":"10.07","humidity":"32.11","co2":"488.87"}
{"timestamp":"2025-07-12T19:19:59.534Z","pH":"6.88","conductivity":"128.59","pressure":"4.29","temperature":"28.41","fillLevel":"28.13","flow":"12.54","humidity":"33.30","co2":"418.99"}
