{"timestamp":"2025-07-12T19:55:03.532Z","pH":"6.53","conductivity":"140.31","pressure":"4.55","temperature":"26.65","fillLevel":"30.39","flow":"10.71","humidity":"33.38","co2":"440.16"}
{"timestamp":"2025-07-12T19:55:13.546Z","pH":"6.95","conductivity":"128.04","pressure":"5.59","temperature":"28.27","fillLevel":"60.80","flow":"13.78","humidity":"42.73","co2":"490.30"}
{"timestamp":"2025-07-12T19:55:23.553Z","pH":"7.62","conductivity":"123.55","pressure":"4.52","temperature":"30.53","fillLevel":"13.80","flow":"12.08","humidity":"42.34","co2":"423.17"}
{"timestamp":"2025-07-12T19:55:33.555Z","pH":"7.56","conductivity":"100.70","pressure":"4.65","temperature":"33.63","fillLevel":"5.45","flow":"11.08","humidity":"46.13","co2":"433.67"}
{"timestamp":"2025-07-12T19:55:43.568Z","pH":"6.56","conductivity":"110.31","pressure":"1.57","temperature":"20.44","fillLevel":"78.11","flow":"12.81","humidity":"31.02","co2":"401.91"}
{"timestamp":"2025-07-12T19:55:53.569Z","pH":"7.25","conductivity":"127.25","pressure":"2.03","temperature":"30.93","fillLevel":"85.61","flow":"11.74","humidity":"43.31","co2":"448.94"}
