{"timestamp":"2025-07-12T19:20:09.539Z","pH":"7.79","conductivity":"104.49","pressure":"3.50","temperature":"32.27","fillLevel":"96.72","flow":"14.52","humidity":"31.32","co2":"413.88"}
{"timestamp":"2025-07-12T19:20:19.541Z","pH":"6.17","conductivity":"148.03","pressure":"4.99","temperature":"34.82","fillLevel":"1.59","flow":"14.77","humidity":"30.57","co2":"440.93"}
{"timestamp":"2025-07-12T19:20:29.549Z","pH":"6.98","conductivity":"102.41","pressure":"1.92","temperature":"21.57","fillLevel":"77.08","flow":"11.92","humidity":"47.85","co2":"406.77"}
{"timestamp":"2025-07-12T19:20:39.556Z","pH":"6.80","conductivity":"119.93","pressure":"4.36","temperature":"30.29","fillLevel":"18.72","flow":"12.93","humidity":"39.60","co2":"479.15"}
{"timestamp":"2025-07-12T19:20:49.563Z","pH":"7.89","conductivity":"102.71","pressure":"2.36","temperature":"24.31","fillLevel":"65.79","flow":"10.11","humidity":"37.13","co2":"482.52"}
{"timestamp":"2025-07-12T19:20:59.567Z","pH":"7.88","conductivity":"113.71","pressure":"4.38","temperature":"29.79","fillLevel":"98.92","flow":"11.19","humidity":"36.87","co2":"490.67"}
