{"timestamp":"2025-07-12T19:27:09.828Z","pH":"7.65","conductivity":"138.97","pressure":"3.46","temperature":"31.46","fillLevel":"62.15","flow":"14.64","humidity":"48.91","co2":"443.26"}
{"timestamp":"2025-07-12T19:27:19.837Z","pH":"7.61","conductivity":"127.50","pressure":"1.92","temperature":"22.99","fillLevel":"10.13","flow":"11.07","humidity":"35.09","co2":"486.26"}
{"timestamp":"2025-07-12T19:27:29.845Z","pH":"6.12","conductivity":"126.66","pressure":"4.33","temperature":"23.43","fillLevel":"54.11","flow":"14.34","humidity":"32.25","co2":"404.04"}
{"timestamp":"2025-07-12T19:27:39.863Z","pH":"7.59","conductivity":"141.95","pressure":"2.98","temperature":"23.97","fillLevel":"27.95","flow":"11.54","humidity":"35.09","co2":"446.26"}
{"timestamp":"2025-07-12T19:27:49.875Z","pH":"6.79","conductivity":"130.67","pressure":"2.95","temperature":"30.97","fillLevel":"6.71","flow":"13.75","humidity":"37.83","co2":"437.21"}
{"timestamp":"2025-07-12T19:27:59.890Z","pH":"6.84","conductivity":"136.76","pressure":"3.37","temperature":"31.53","fillLevel":"45.08","flow":"12.24","humidity":"34.31","co2":"434.28"}
