{"timestamp":"2025-07-12T19:07:08.875Z","pH":"6.03","conductivity":"110.71","pressure":"5.31","temperature":"28.08","fillLevel":"61.68","flow":"14.67","humidity":"43.10","co2":"479.41"}
{"timestamp":"2025-07-12T19:07:18.888Z","pH":"7.27","conductivity":"148.04","pressure":"4.51","temperature":"24.02","fillLevel":"42.64","flow":"14.14","humidity":"41.23","co2":"442.87"}
{"timestamp":"2025-07-12T19:07:28.892Z","pH":"7.22","conductivity":"132.63","pressure":"5.89","temperature":"27.03","fillLevel":"35.05","flow":"11.64","humidity":"36.30","co2":"478.22"}
{"timestamp":"2025-07-12T19:07:38.902Z","pH":"7.19","conductivity":"114.17","pressure":"1.32","temperature":"25.23","fillLevel":"43.21","flow":"14.20","humidity":"47.92","co2":"418.40"}
{"timestamp":"2025-07-12T19:07:48.907Z","pH":"6.88","conductivity":"121.84","pressure":"5.82","temperature":"32.58","fillLevel":"20.15","flow":"14.08","humidity":"38.34","co2":"407.83"}
{"timestamp":"2025-07-12T19:07:58.921Z","pH":"7.83","conductivity":"125.58","pressure":"4.16","temperature":"21.51","fillLevel":"19.02","flow":"14.46","humidity":"31.90","co2":"460.62"}
