{"timestamp":"2025-07-12T19:56:03.571Z","pH":"6.45","conductivity":"149.30","pressure":"4.25","temperature":"22.12","fillLevel":"90.97","flow":"10.59","humidity":"48.80","co2":"476.75"}
{"timestamp":"2025-07-12T19:56:13.582Z","pH":"7.46","conductivity":"127.64","pressure":"2.06","temperature":"31.40","fillLevel":"36.38","flow":"12.48","humidity":"32.77","co2":"459.07"}
{"timestamp":"2025-07-12T19:56:23.584Z","pH":"6.00","conductivity":"126.76","pressure":"1.15","temperature":"24.77","fillLevel":"41.00","flow":"14.28","humidity":"45.09","co2":"491.54"}
{"timestamp":"2025-07-12T19:56:33.599Z","pH":"7.44","conductivity":"133.94","pressure":"5.27","temperature":"31.41","fillLevel":"78.30","flow":"13.29","humidity":"48.19","co2":"482.51"}
{"timestamp":"2025-07-12T19:56:43.613Z","pH":"6.80","conductivity":"109.53","pressure":"3.23","temperature":"25.33","fillLevel":"31.59","flow":"12.18","humidity":"49.28","co2":"446.88"}
{"timestamp":"2025-07-12T19:56:53.621Z","pH":"7.57","conductivity":"118.42","pressure":"5.03","temperature":"34.16","fillLevel":"77.81","flow":"11.80","humidity":"39.70","co2":"439.90"}
