{"timestamp":"2025-07-12T19:04:08.743Z","pH":"6.92","conductivity":"110.03","pressure":"5.78","temperature":"22.92","fillLevel":"10.31","flow":"13.56","humidity":"45.36","co2":"425.62"}
{"timestamp":"2025-07-12T19:04:18.747Z","pH":"6.51","conductivity":"142.63","pressure":"1.65","temperature":"22.37","fillLevel":"32.68","flow":"14.16","humidity":"38.29","co2":"420.31"}
{"timestamp":"2025-07-12T19:04:28.755Z","pH":"6.15","conductivity":"127.48","pressure":"3.66","temperature":"25.13","fillLevel":"70.91","flow":"13.31","humidity":"39.06","co2":"496.58"}
{"timestamp":"2025-07-12T19:04:38.763Z","pH":"7.08","conductivity":"103.95","pressure":"5.19","temperature":"27.86","fillLevel":"42.62","flow":"12.27","humidity":"39.09","co2":"430.95"}
{"timestamp":"2025-07-12T19:04:48.771Z","pH":"7.89","conductivity":"128.47","pressure":"2.55","temperature":"34.13","fillLevel":"9.08","flow":"12.83","humidity":"40.24","co2":"402.75"}
{"timestamp":"2025-07-12T19:04:58.773Z","pH":"6.63","conductivity":"137.78","pressure":"3.74","temperature":"29.14","fillLevel":"20.28","flow":"14.75","humidity":"47.32","co2":"493.96"}
