{"timestamp":"2025-07-12T19:08:08.929Z","pH":"7.90","conductivity":"143.16","pressure":"4.11","temperature":"21.25","fillLevel":"19.36","flow":"14.47","humidity":"45.86","co2":"481.01"}
{"timestamp":"2025-07-12T19:08:18.943Z","pH":"7.37","conductivity":"135.66","pressure":"1.59","temperature":"28.49","fillLevel":"97.06","flow":"14.47","humidity":"31.18","co2":"427.09"}
{"timestamp":"2025-07-12T19:08:28.951Z","pH":"6.48","conductivity":"142.79","pressure":"5.89","temperature":"25.99","fillLevel":"81.81","flow":"13.19","humidity":"36.91","co2":"480.40"}
{"timestamp":"2025-07-12T19:08:38.960Z","pH":"6.22","conductivity":"143.73","pressure":"1.02","temperature":"24.78","fillLevel":"53.31","flow":"10.25","humidity":"40.49","co2":"454.27"}
{"timestamp":"2025-07-12T19:08:48.966Z","pH":"7.57","conductivity":"112.75","pressure":"4.03","temperature":"24.30","fillLevel":"93.42","flow":"13.66","humidity":"46.58","co2":"447.18"}
{"timestamp":"2025-07-12T19:08:58.981Z","pH":"6.70","conductivity":"107.57","pressure":"3.09","temperature":"23.08","fillLevel":"8.40","flow":"10.39","humidity":"33.55","co2":"422.73"}
