{"timestamp":"2025-07-12T19:13:09.197Z","pH":"6.41","conductivity":"100.35","pressure":"2.91","temperature":"21.04","fillLevel":"0.37","flow":"12.71","humidity":"38.99","co2":"402.52"}
{"timestamp":"2025-07-12T19:13:19.199Z","pH":"7.40","conductivity":"132.06","pressure":"1.01","temperature":"31.30","fillLevel":"18.75","flow":"12.34","humidity":"43.00","co2":"475.61"}
{"timestamp":"2025-07-12T19:13:29.205Z","pH":"6.44","conductivity":"137.32","pressure":"2.97","temperature":"29.95","fillLevel":"48.86","flow":"13.38","humidity":"34.97","co2":"428.11"}
{"timestamp":"2025-07-12T19:13:39.208Z","pH":"7.02","conductivity":"119.99","pressure":"1.57","temperature":"23.56","fillLevel":"96.88","flow":"12.11","humidity":"48.09","co2":"412.93"}
{"timestamp":"2025-07-12T19:13:49.215Z","pH":"7.96","conductivity":"134.17","pressure":"3.50","temperature":"27.62","fillLevel":"19.43","flow":"12.45","humidity":"38.85","co2":"495.88"}
{"timestamp":"2025-07-12T19:13:59.230Z","pH":"7.38","conductivity":"146.06","pressure":"4.25","temperature":"32.07","fillLevel":"79.73","flow":"13.78","humidity":"39.42","co2":"416.89"}
