{"timestamp":"2025-07-12T19:16:09.329Z","pH":"7.42","conductivity":"135.61","pressure":"5.05","temperature":"32.93","fillLevel":"87.21","flow":"12.25","humidity":"49.49","co2":"449.26"}
{"timestamp":"2025-07-12T19:16:19.342Z","pH":"7.22","conductivity":"101.12","pressure":"3.98","temperature":"27.26","fillLevel":"73.13","flow":"10.31","humidity":"35.84","co2":"470.20"}
{"timestamp":"2025-07-12T19:16:29.346Z","pH":"7.14","conductivity":"133.16","pressure":"4.29","temperature":"27.20","fillLevel":"81.47","flow":"12.14","humidity":"48.49","co2":"444.47"}
{"timestamp":"2025-07-12T19:16:39.357Z","pH":"7.47","conductivity":"110.12","pressure":"1.45","temperature":"25.63","fillLevel":"85.01","flow":"14.04","humidity":"49.50","co2":"427.14"}
{"timestamp":"2025-07-12T19:16:49.359Z","pH":"6.53","conductivity":"118.55","pressure":"4.10","temperature":"24.26","fillLevel":"62.81","flow":"12.01","humidity":"47.79","co2":"444.72"}
{"timestamp":"2025-07-12T19:16:59.367Z","pH":"7.52","conductivity":"123.78","pressure":"5.25","temperature":"22.80","fillLevel":"54.95","flow":"14.59","humidity":"32.35","co2":"474.10"}
