{"timestamp":"2025-07-12T19:58:03.681Z","pH":"7.07","conductivity":"114.40","pressure":"1.70","temperature":"24.24","fillLevel":"68.19","flow":"13.62","humidity":"30.74","co2":"422.61"}
{"timestamp":"2025-07-12T19:58:13.690Z","pH":"6.51","conductivity":"144.46","pressure":"2.20","temperature":"21.83","fillLevel":"79.25","flow":"11.46","humidity":"48.77","co2":"457.46"}
{"timestamp":"2025-07-12T19:58:23.697Z","pH":"7.83","conductivity":"134.57","pressure":"4.17","temperature":"33.72","fillLevel":"49.78","flow":"12.61","humidity":"45.17","co2":"442.75"}
{"timestamp":"2025-07-12T19:58:33.701Z","pH":"7.42","conductivity":"141.07","pressure":"2.59","temperature":"20.38","fillLevel":"92.68","flow":"10.63","humidity":"45.03","co2":"482.13"}
{"timestamp":"2025-07-12T19:58:43.701Z","pH":"6.39","conductivity":"124.71","pressure":"4.34","temperature":"23.76","fillLevel":"82.43","flow":"10.16","humidity":"30.85","co2":"490.50"}
{"timestamp":"2025-07-12T19:58:53.715Z","pH":"6.05","conductivity":"127.97","pressure":"3.30","temperature":"30.66","fillLevel":"61.90","flow":"10.67","humidity":"37.33","co2":"428.36"}
