{"timestamp":"2025-07-12T19:33:11.304Z","pH":"6.03","conductivity":"110.68","pressure":"5.32","temperature":"30.78","fillLevel":"83.13","flow":"10.53","humidity":"34.07","co2":"418.58"}
{"timestamp":"2025-07-12T19:33:21.309Z","pH":"6.64","conductivity":"132.07","pressure":"3.53","temperature":"22.40","fillLevel":"13.68","flow":"14.66","humidity":"36.27","co2":"438.91"}
{"timestamp":"2025-07-12T19:33:31.313Z","pH":"6.11","conductivity":"139.77","pressure":"3.67","temperature":"33.68","fillLevel":"87.00","flow":"13.70","humidity":"44.54","co2":"448.20"}
{"timestamp":"2025-07-12T19:33:41.313Z","pH":"6.18","conductivity":"135.18","pressure":"3.08","temperature":"22.56","fillLevel":"16.09","flow":"13.87","humidity":"34.44","co2":"491.12"}
{"timestamp":"2025-07-12T19:33:51.322Z","pH":"6.66","conductivity":"114.83","pressure":"1.00","temperature":"29.59","fillLevel":"22.25","flow":"12.98","humidity":"39.72","co2":"401.39"}
