{"timestamp":"2025-07-12T19:57:03.631Z","pH":"7.22","conductivity":"150.00","pressure":"5.02","temperature":"28.01","fillLevel":"82.49","flow":"11.85","humidity":"49.66","co2":"474.97"}
{"timestamp":"2025-07-12T19:57:13.642Z","pH":"7.23","conductivity":"118.53","pressure":"1.90","temperature":"32.66","fillLevel":"23.89","flow":"13.75","humidity":"44.53","co2":"485.59"}
{"timestamp":"2025-07-12T19:57:23.651Z","pH":"7.82","conductivity":"112.60","pressure":"2.49","temperature":"24.85","fillLevel":"59.24","flow":"14.12","humidity":"44.76","co2":"466.74"}
{"timestamp":"2025-07-12T19:57:33.658Z","pH":"7.07","conductivity":"149.30","pressure":"2.91","temperature":"27.47","fillLevel":"74.59","flow":"12.57","humidity":"43.88","co2":"499.19"}
{"timestamp":"2025-07-12T19:57:43.668Z","pH":"6.61","conductivity":"123.61","pressure":"2.28","temperature":"24.95","fillLevel":"69.26","flow":"10.75","humidity":"45.17","co2":"434.66"}
{"timestamp":"2025-07-12T19:57:53.678Z","pH":"7.80","conductivity":"132.14","pressure":"3.10","temperature":"20.80","fillLevel":"99.26","flow":"12.02","humidity":"45.63","co2":"495.44"}
