{"timestamp":"2025-07-12T19:11:09.092Z","pH":"7.23","conductivity":"103.42","pressure":"1.78","temperature":"25.81","fillLevel":"58.54","flow":"11.65","humidity":"41.54","co2":"430.75"}
{"timestamp":"2025-07-12T19:11:19.097Z","pH":"7.85","conductivity":"113.79","pressure":"1.98","temperature":"28.60","fillLevel":"30.30","flow":"11.65","humidity":"32.28","co2":"477.90"}
{"timestamp":"2025-07-12T19:11:29.114Z","pH":"7.29","conductivity":"119.45","pressure":"4.42","temperature":"34.30","fillLevel":"45.43","flow":"13.46","humidity":"37.80","co2":"488.19"}
{"timestamp":"2025-07-12T19:11:39.120Z","pH":"7.57","conductivity":"105.07","pressure":"2.77","temperature":"33.00","fillLevel":"79.24","flow":"14.17","humidity":"33.15","co2":"476.23"}
{"timestamp":"2025-07-12T19:11:49.127Z","pH":"6.72","conductivity":"145.14","pressure":"4.38","temperature":"27.22","fillLevel":"91.14","flow":"10.74","humidity":"34.35","co2":"428.58"}
{"timestamp":"2025-07-12T19:11:59.138Z","pH":"6.37","conductivity":"123.59","pressure":"5.67","temperature":"32.53","fillLevel":"42.39","flow":"13.69","humidity":"43.27","co2":"497.39"}
