{"timestamp":"2025-07-12T19:01:08.614Z","pH":"7.45","conductivity":"139.99","pressure":"4.17","temperature":"31.49","fillLevel":"51.60","flow":"14.60","humidity":"31.12","co2":"490.43"}
{"timestamp":"2025-07-12T19:01:18.618Z","pH":"6.33","conductivity":"123.11","pressure":"5.59","temperature":"31.01","fillLevel":"70.79","flow":"13.02","humidity":"37.63","co2":"448.39"}
{"timestamp":"2025-07-12T19:01:28.629Z","pH":"6.41","conductivity":"131.66","pressure":"5.17","temperature":"20.21","fillLevel":"52.13","flow":"14.67","humidity":"32.68","co2":"403.11"}
{"timestamp":"2025-07-12T19:01:38.637Z","pH":"7.46","conductivity":"119.53","pressure":"2.74","temperature":"32.09","fillLevel":"38.99","flow":"12.10","humidity":"36.60","co2":"488.50"}
{"timestamp":"2025-07-12T19:01:48.647Z","pH":"7.70","conductivity":"104.07","pressure":"1.35","temperature":"31.94","fillLevel":"73.67","flow":"14.39","humidity":"37.74","co2":"447.21"}
{"timestamp":"2025-07-12T19:01:58.656Z","pH":"6.87","conductivity":"123.32","pressure":"2.98","temperature":"26.30","fillLevel":"94.16","flow":"13.50","humidity":"38.34","co2":"449.92"}
