{"timestamp":"2025-07-12T19:21:09.582Z","pH":"6.49","conductivity":"141.46","pressure":"5.73","temperature":"23.28","fillLevel":"51.50","flow":"12.86","humidity":"37.22","co2":"444.30"}
{"timestamp":"2025-07-12T19:21:19.589Z","pH":"7.58","conductivity":"129.72","pressure":"2.08","temperature":"23.15","fillLevel":"95.68","flow":"10.84","humidity":"42.58","co2":"412.71"}
{"timestamp":"2025-07-12T19:21:29.588Z","pH":"7.52","conductivity":"108.52","pressure":"5.25","temperature":"26.90","fillLevel":"76.79","flow":"11.36","humidity":"41.24","co2":"494.90"}
{"timestamp":"2025-07-12T19:21:39.600Z","pH":"7.60","conductivity":"106.90","pressure":"4.33","temperature":"28.26","fillLevel":"25.11","flow":"13.19","humidity":"46.36","co2":"477.39"}
{"timestamp":"2025-07-12T19:21:49.600Z","pH":"7.30","conductivity":"124.42","pressure":"2.91","temperature":"29.38","fillLevel":"84.31","flow":"14.65","humidity":"44.83","co2":"445.69"}
{"timestamp":"2025-07-12T19:21:59.611Z","pH":"6.84","conductivity":"139.53","pressure":"3.16","temperature":"32.36","fillLevel":"53.32","flow":"11.57","humidity":"30.22","co2":"474.61"}
