{"timestamp":"2025-07-12T18:39:07.560Z","pH":"6.49","conductivity":"130.60","pressure":"3.22","temperature":"33.52","fillLevel":"58.35","flow":"14.28","humidity":"35.88","co2":"420.19"}
{"timestamp":"2025-07-12T18:39:17.567Z","pH":"6.42","conductivity":"102.55","pressure":"2.45","temperature":"20.50","fillLevel":"85.05","flow":"14.38","humidity":"44.96","co2":"459.48"}
{"timestamp":"2025-07-12T18:39:27.580Z","pH":"6.81","conductivity":"114.48","pressure":"2.62","temperature":"24.55","fillLevel":"74.74","flow":"13.89","humidity":"38.54","co2":"491.42"}
{"timestamp":"2025-07-12T18:39:37.583Z","pH":"7.81","conductivity":"125.43","pressure":"2.60","temperature":"22.67","fillLevel":"23.38","flow":"13.50","humidity":"45.62","co2":"437.16"}
{"timestamp":"2025-07-12T18:39:47.591Z","pH":"6.85","conductivity":"139.58","pressure":"2.94","temperature":"34.54","fillLevel":"27.85","flow":"14.80","humidity":"46.76","co2":"487.59"}
{"timestamp":"2025-07-12T18:39:57.604Z","pH":"7.98","conductivity":"140.61","pressure":"2.90","temperature":"31.39","fillLevel":"99.75","flow":"14.06","humidity":"45.55","co2":"458.34"}
