{"timestamp":"2025-07-12T18:22:03.101Z","pH":"6.79","conductivity":"145.09","pressure":"2.83","temperature":"22.97","fillLevel":"84.49","flow":"13.86","humidity":"43.60","co2":"456.68"}
{"timestamp":"2025-07-12T18:22:13.104Z","pH":"7.61","conductivity":"104.37","pressure":"5.28","temperature":"24.57","fillLevel":"59.47","flow":"13.46","humidity":"40.08","co2":"444.27"}
{"timestamp":"2025-07-12T18:22:23.104Z","pH":"7.34","conductivity":"110.07","pressure":"5.81","temperature":"32.48","fillLevel":"49.79","flow":"14.61","humidity":"48.27","co2":"490.68"}
{"timestamp":"2025-07-12T18:22:33.109Z","pH":"7.81","conductivity":"115.99","pressure":"1.02","temperature":"22.11","fillLevel":"84.52","flow":"13.64","humidity":"38.34","co2":"470.76"}
{"timestamp":"2025-07-12T18:22:43.123Z","pH":"6.94","conductivity":"141.11","pressure":"4.22","temperature":"34.67","fillLevel":"66.41","flow":"12.16","humidity":"31.08","co2":"426.34"}
{"timestamp":"2025-07-12T18:22:53.131Z","pH":"7.69","conductivity":"133.81","pressure":"1.98","temperature":"33.58","fillLevel":"53.38","flow":"10.56","humidity":"45.72","co2":"417.42"}
