{"timestamp":"2025-07-12T18:25:03.244Z","pH":"7.08","conductivity":"128.00","pressure":"4.62","temperature":"31.08","fillLevel":"25.25","flow":"13.99","humidity":"39.25","co2":"472.30"}
{"timestamp":"2025-07-12T18:25:13.256Z","pH":"6.64","conductivity":"107.78","pressure":"4.23","temperature":"24.64","fillLevel":"42.19","flow":"13.94","humidity":"32.14","co2":"428.67"}
{"timestamp":"2025-07-12T18:25:23.267Z","pH":"7.98","conductivity":"126.73","pressure":"2.07","temperature":"23.38","fillLevel":"98.08","flow":"12.72","humidity":"38.31","co2":"410.51"}
{"timestamp":"2025-07-12T18:25:33.279Z","pH":"7.42","conductivity":"118.62","pressure":"2.91","temperature":"31.27","fillLevel":"4.86","flow":"14.81","humidity":"48.43","co2":"445.47"}
{"timestamp":"2025-07-12T18:25:43.283Z","pH":"6.54","conductivity":"119.04","pressure":"1.95","temperature":"23.51","fillLevel":"33.73","flow":"14.79","humidity":"33.80","co2":"458.31"}
{"timestamp":"2025-07-12T18:25:53.287Z","pH":"7.81","conductivity":"134.31","pressure":"5.01","temperature":"34.68","fillLevel":"26.23","flow":"13.35","humidity":"46.33","co2":"472.71"}
