{"timestamp":"2025-07-12T18:19:02.945Z","pH":"6.72","conductivity":"145.14","pressure":"2.80","temperature":"22.14","fillLevel":"35.36","flow":"14.22","humidity":"36.80","co2":"457.85"}
{"timestamp":"2025-07-12T18:19:12.961Z","pH":"7.67","conductivity":"148.35","pressure":"4.32","temperature":"24.65","fillLevel":"41.81","flow":"10.56","humidity":"42.29","co2":"436.33"}
{"timestamp":"2025-07-12T18:19:22.971Z","pH":"7.23","conductivity":"145.32","pressure":"1.48","temperature":"24.57","fillLevel":"92.89","flow":"13.13","humidity":"46.95","co2":"462.28"}
{"timestamp":"2025-07-12T18:19:32.981Z","pH":"7.88","conductivity":"110.69","pressure":"2.76","temperature":"33.21","fillLevel":"42.89","flow":"13.36","humidity":"44.80","co2":"456.68"}
{"timestamp":"2025-07-12T18:19:42.996Z","pH":"7.85","conductivity":"148.94","pressure":"5.76","temperature":"25.72","fillLevel":"13.42","flow":"11.45","humidity":"38.47","co2":"475.67"}
{"timestamp":"2025-07-12T18:19:53.010Z","pH":"7.20","conductivity":"131.10","pressure":"3.84","temperature":"28.15","fillLevel":"5.61","flow":"14.96","humidity":"34.88","co2":"432.46"}
