{"timestamp":"2025-07-12T18:45:07.876Z","pH":"7.55","conductivity":"119.95","pressure":"3.02","temperature":"29.72","fillLevel":"84.05","flow":"11.65","humidity":"41.82","co2":"439.55"}
{"timestamp":"2025-07-12T18:45:17.876Z","pH":"7.78","conductivity":"131.83","pressure":"5.48","temperature":"26.32","fillLevel":"42.74","flow":"10.62","humidity":"36.94","co2":"466.99"}
{"timestamp":"2025-07-12T18:45:27.888Z","pH":"7.03","conductivity":"109.36","pressure":"2.76","temperature":"24.06","fillLevel":"95.74","flow":"14.07","humidity":"32.23","co2":"483.86"}
{"timestamp":"2025-07-12T18:45:37.899Z","pH":"7.87","conductivity":"142.07","pressure":"1.71","temperature":"30.35","fillLevel":"1.06","flow":"11.29","humidity":"39.72","co2":"434.17"}
{"timestamp":"2025-07-12T18:45:47.907Z","pH":"7.79","conductivity":"116.94","pressure":"2.91","temperature":"27.97","fillLevel":"58.26","flow":"10.70","humidity":"35.00","co2":"409.71"}
{"timestamp":"2025-07-12T18:45:57.908Z","pH":"7.18","conductivity":"101.32","pressure":"4.31","temperature":"23.70","fillLevel":"84.81","flow":"12.97","humidity":"41.41","co2":"497.81"}
