{"timestamp":"2025-07-12T18:58:08.456Z","pH":"7.66","conductivity":"138.70","pressure":"4.39","temperature":"34.96","fillLevel":"12.42","flow":"14.66","humidity":"36.86","co2":"431.57"}
{"timestamp":"2025-07-12T18:58:18.467Z","pH":"7.05","conductivity":"104.17","pressure":"2.66","temperature":"30.94","fillLevel":"95.67","flow":"12.17","humidity":"46.21","co2":"462.52"}
{"timestamp":"2025-07-12T18:58:28.473Z","pH":"6.78","conductivity":"124.84","pressure":"4.09","temperature":"33.30","fillLevel":"7.99","flow":"11.66","humidity":"31.48","co2":"488.74"}
{"timestamp":"2025-07-12T18:58:38.481Z","pH":"7.89","conductivity":"135.29","pressure":"5.69","temperature":"27.14","fillLevel":"88.77","flow":"10.66","humidity":"34.17","co2":"481.21"}
{"timestamp":"2025-07-12T18:58:48.492Z","pH":"7.13","conductivity":"144.55","pressure":"4.61","temperature":"21.48","fillLevel":"91.66","flow":"11.38","humidity":"32.49","co2":"414.52"}
{"timestamp":"2025-07-12T18:58:58.511Z","pH":"6.85","conductivity":"149.43","pressure":"2.77","temperature":"20.51","fillLevel":"71.22","flow":"13.11","humidity":"48.74","co2":"443.90"}
