{"timestamp":"2025-07-12T18:07:02.433Z","pH":"7.73","conductivity":"103.66","pressure":"3.79","temperature":"32.20","fillLevel":"25.43","flow":"12.97","humidity":"45.10","co2":"458.82"}
{"timestamp":"2025-07-12T18:07:12.436Z","pH":"6.28","conductivity":"107.59","pressure":"5.28","temperature":"28.65","fillLevel":"59.04","flow":"13.92","humidity":"35.01","co2":"404.76"}
{"timestamp":"2025-07-12T18:07:22.439Z","pH":"7.92","conductivity":"118.30","pressure":"2.17","temperature":"30.46","fillLevel":"18.30","flow":"12.75","humidity":"36.47","co2":"468.91"}
{"timestamp":"2025-07-12T18:07:32.440Z","pH":"7.24","conductivity":"113.38","pressure":"3.94","temperature":"32.63","fillLevel":"72.77","flow":"12.82","humidity":"36.48","co2":"447.36"}
{"timestamp":"2025-07-12T18:07:42.441Z","pH":"7.02","conductivity":"110.36","pressure":"1.58","temperature":"30.92","fillLevel":"13.56","flow":"13.37","humidity":"34.14","co2":"435.45"}
{"timestamp":"2025-07-12T18:07:52.446Z","pH":"6.59","conductivity":"127.56","pressure":"3.99","temperature":"20.59","fillLevel":"36.84","flow":"13.58","humidity":"33.42","co2":"464.23"}
