{"timestamp":"2025-07-12T18:08:02.448Z","pH":"6.27","conductivity":"138.55","pressure":"3.34","temperature":"25.19","fillLevel":"28.09","flow":"11.29","humidity":"32.84","co2":"476.97"}
{"timestamp":"2025-07-12T18:08:12.463Z","pH":"6.86","conductivity":"143.16","pressure":"5.57","temperature":"23.83","fillLevel":"18.74","flow":"13.32","humidity":"41.63","co2":"491.84"}
{"timestamp":"2025-07-12T18:08:22.466Z","pH":"6.28","conductivity":"132.58","pressure":"1.49","temperature":"25.84","fillLevel":"24.04","flow":"13.95","humidity":"49.18","co2":"418.87"}
{"timestamp":"2025-07-12T18:08:32.466Z","pH":"6.35","conductivity":"114.27","pressure":"1.80","temperature":"33.81","fillLevel":"21.27","flow":"14.21","humidity":"38.48","co2":"474.90"}
{"timestamp":"2025-07-12T18:08:42.468Z","pH":"7.69","conductivity":"126.40","pressure":"1.39","temperature":"21.71","fillLevel":"77.20","flow":"10.02","humidity":"32.04","co2":"408.38"}
{"timestamp":"2025-07-12T18:08:52.470Z","pH":"6.37","conductivity":"136.31","pressure":"1.77","temperature":"26.33","fillLevel":"55.29","flow":"13.66","humidity":"39.72","co2":"427.15"}
