{"timestamp":"2025-07-12T18:28:09.984Z","pH":"6.85","conductivity":"100.20","pressure":"5.54","temperature":"32.79","fillLevel":"88.96","flow":"11.18","humidity":"37.76","co2":"474.81"}
{"timestamp":"2025-07-12T18:28:19.993Z","pH":"6.59","conductivity":"121.95","pressure":"1.69","temperature":"30.26","fillLevel":"94.70","flow":"13.69","humidity":"46.41","co2":"493.27"}
{"timestamp":"2025-07-12T18:28:29.997Z","pH":"7.34","conductivity":"147.67","pressure":"2.12","temperature":"21.51","fillLevel":"50.67","flow":"14.42","humidity":"38.74","co2":"462.23"}
{"timestamp":"2025-07-12T18:28:40.002Z","pH":"6.41","conductivity":"144.12","pressure":"2.46","temperature":"28.37","fillLevel":"42.40","flow":"14.46","humidity":"30.28","co2":"460.81"}
{"timestamp":"2025-07-12T18:28:54.769Z","pH":"7.16","conductivity":"140.05","pressure":"3.93","temperature":"28.51","fillLevel":"6.25","flow":"14.01","humidity":"33.64","co2":"408.78"}
