{"timestamp":"2025-07-12T18:13:02.656Z","pH":"6.29","conductivity":"131.75","pressure":"2.46","temperature":"25.08","fillLevel":"63.68","flow":"13.65","humidity":"41.62","co2":"453.58"}
{"timestamp":"2025-07-12T18:13:12.659Z","pH":"6.42","conductivity":"144.30","pressure":"2.53","temperature":"23.76","fillLevel":"94.86","flow":"12.10","humidity":"37.60","co2":"476.73"}
{"timestamp":"2025-07-12T18:13:22.663Z","pH":"7.60","conductivity":"112.71","pressure":"4.06","temperature":"23.43","fillLevel":"31.99","flow":"14.21","humidity":"46.39","co2":"454.86"}
{"timestamp":"2025-07-12T18:13:32.674Z","pH":"6.89","conductivity":"131.91","pressure":"5.23","temperature":"24.21","fillLevel":"9.80","flow":"12.65","humidity":"35.21","co2":"465.55"}
{"timestamp":"2025-07-12T18:13:42.687Z","pH":"6.02","conductivity":"129.22","pressure":"2.73","temperature":"34.62","fillLevel":"18.65","flow":"13.79","humidity":"40.70","co2":"401.23"}
{"timestamp":"2025-07-12T18:13:52.688Z","pH":"6.84","conductivity":"139.44","pressure":"2.41","temperature":"31.97","fillLevel":"90.74","flow":"14.99","humidity":"33.08","co2":"426.27"}
