{"timestamp":"2025-07-12T18:34:07.354Z","pH":"7.76","conductivity":"116.10","pressure":"1.60","temperature":"32.75","fillLevel":"97.27","flow":"14.41","humidity":"47.69","co2":"407.54"}
{"timestamp":"2025-07-12T18:34:17.361Z","pH":"6.77","conductivity":"124.73","pressure":"5.37","temperature":"22.67","fillLevel":"12.80","flow":"13.87","humidity":"48.77","co2":"468.04"}
{"timestamp":"2025-07-12T18:34:27.371Z","pH":"6.31","conductivity":"109.89","pressure":"5.62","temperature":"24.33","fillLevel":"68.59","flow":"13.56","humidity":"36.70","co2":"416.57"}
{"timestamp":"2025-07-12T18:34:37.383Z","pH":"7.58","conductivity":"138.51","pressure":"1.50","temperature":"30.06","fillLevel":"81.89","flow":"12.08","humidity":"34.00","co2":"404.62"}
{"timestamp":"2025-07-12T18:34:47.395Z","pH":"6.28","conductivity":"133.54","pressure":"3.51","temperature":"23.00","fillLevel":"52.53","flow":"10.95","humidity":"44.93","co2":"426.26"}
{"timestamp":"2025-07-12T18:34:57.398Z","pH":"7.53","conductivity":"133.89","pressure":"2.71","temperature":"27.26","fillLevel":"33.10","flow":"12.64","humidity":"46.48","co2":"466.84"}
