{"timestamp":"2025-07-12T18:26:03.301Z","pH":"7.56","conductivity":"120.28","pressure":"2.10","temperature":"21.75","fillLevel":"28.15","flow":"14.24","humidity":"47.41","co2":"405.58"}
{"timestamp":"2025-07-12T18:26:13.311Z","pH":"6.10","conductivity":"115.76","pressure":"3.53","temperature":"33.79","fillLevel":"80.88","flow":"13.61","humidity":"44.21","co2":"433.96"}
{"timestamp":"2025-07-12T18:26:23.314Z","pH":"7.92","conductivity":"115.53","pressure":"5.40","temperature":"24.42","fillLevel":"20.26","flow":"13.61","humidity":"37.82","co2":"422.85"}
{"timestamp":"2025-07-12T18:26:33.319Z","pH":"7.97","conductivity":"104.00","pressure":"3.02","temperature":"31.39","fillLevel":"16.35","flow":"13.51","humidity":"36.57","co2":"461.37"}
{"timestamp":"2025-07-12T18:26:43.326Z","pH":"6.99","conductivity":"145.93","pressure":"3.22","temperature":"28.11","fillLevel":"88.14","flow":"10.55","humidity":"34.78","co2":"408.15"}
{"timestamp":"2025-07-12T18:26:53.335Z","pH":"7.21","conductivity":"126.57","pressure":"1.85","temperature":"28.83","fillLevel":"14.95","flow":"12.64","humidity":"38.55","co2":"406.02"}
