{"timestamp":"2025-07-12T18:29:04.777Z","pH":"7.70","conductivity":"138.35","pressure":"4.20","temperature":"27.86","fillLevel":"10.18","flow":"11.38","humidity":"43.35","co2":"448.79"}
{"timestamp":"2025-07-12T18:29:14.786Z","pH":"6.01","conductivity":"124.86","pressure":"4.36","temperature":"20.55","fillLevel":"76.76","flow":"10.20","humidity":"49.81","co2":"407.41"}
{"timestamp":"2025-07-12T18:29:27.031Z","pH":"6.67","conductivity":"111.55","pressure":"1.30","temperature":"34.56","fillLevel":"12.41","flow":"10.10","humidity":"49.04","co2":"447.22"}
{"timestamp":"2025-07-12T18:29:37.032Z","pH":"6.13","conductivity":"140.08","pressure":"1.35","temperature":"25.48","fillLevel":"15.90","flow":"13.49","humidity":"36.86","co2":"483.27"}
{"timestamp":"2025-07-12T18:29:47.036Z","pH":"6.83","conductivity":"104.15","pressure":"4.98","temperature":"31.48","fillLevel":"54.78","flow":"12.08","humidity":"30.41","co2":"473.42"}
{"timestamp":"2025-07-12T18:29:57.040Z","pH":"6.54","conductivity":"126.74","pressure":"1.53","temperature":"28.79","fillLevel":"31.90","flow":"10.98","humidity":"49.05","co2":"418.42"}
