{"timestamp":"2025-07-12T18:52:08.184Z","pH":"7.79","conductivity":"123.69","pressure":"4.15","temperature":"22.12","fillLevel":"84.85","flow":"12.18","humidity":"31.18","co2":"442.99"}
{"timestamp":"2025-07-12T18:52:18.200Z","pH":"7.61","conductivity":"100.19","pressure":"5.00","temperature":"28.14","fillLevel":"65.86","flow":"11.34","humidity":"47.67","co2":"415.71"}
{"timestamp":"2025-07-12T18:52:28.209Z","pH":"6.48","conductivity":"148.74","pressure":"1.04","temperature":"31.71","fillLevel":"39.32","flow":"12.80","humidity":"41.75","co2":"407.11"}
{"timestamp":"2025-07-12T18:52:38.211Z","pH":"7.98","conductivity":"136.00","pressure":"3.59","temperature":"29.96","fillLevel":"74.63","flow":"14.54","humidity":"41.44","co2":"406.78"}
{"timestamp":"2025-07-12T18:52:48.220Z","pH":"6.65","conductivity":"141.42","pressure":"3.89","temperature":"32.15","fillLevel":"60.50","flow":"10.80","humidity":"35.66","co2":"467.45"}
{"timestamp":"2025-07-12T18:52:58.233Z","pH":"7.39","conductivity":"113.65","pressure":"1.13","temperature":"22.62","fillLevel":"44.33","flow":"12.46","humidity":"32.69","co2":"462.11"}
