{"timestamp":"2025-07-12T18:04:02.318Z","pH":"7.18","conductivity":"132.15","pressure":"3.86","temperature":"27.19","fillLevel":"49.56","flow":"14.53","humidity":"49.06","co2":"424.38"}
{"timestamp":"2025-07-12T18:04:12.319Z","pH":"6.10","conductivity":"123.68","pressure":"5.31","temperature":"33.31","fillLevel":"27.55","flow":"11.98","humidity":"39.85","co2":"446.25"}
{"timestamp":"2025-07-12T18:04:22.327Z","pH":"7.93","conductivity":"123.04","pressure":"2.35","temperature":"28.79","fillLevel":"40.28","flow":"13.83","humidity":"45.70","co2":"455.14"}
{"timestamp":"2025-07-12T18:04:32.327Z","pH":"6.90","conductivity":"108.44","pressure":"3.50","temperature":"31.94","fillLevel":"12.43","flow":"14.36","humidity":"49.20","co2":"470.12"}
{"timestamp":"2025-07-12T18:04:42.341Z","pH":"6.86","conductivity":"140.13","pressure":"1.62","temperature":"34.19","fillLevel":"37.21","flow":"10.69","humidity":"36.66","co2":"485.41"}
{"timestamp":"2025-07-12T18:04:52.344Z","pH":"6.17","conductivity":"104.45","pressure":"5.27","temperature":"29.72","fillLevel":"49.98","flow":"11.41","humidity":"38.38","co2":"475.14"}
