{"timestamp":"2025-07-12T18:27:03.336Z","pH":"6.54","conductivity":"102.55","pressure":"4.11","temperature":"26.26","fillLevel":"55.37","flow":"12.48","humidity":"46.52","co2":"484.57"}
{"timestamp":"2025-07-12T18:27:13.341Z","pH":"7.90","conductivity":"138.61","pressure":"3.94","temperature":"25.27","fillLevel":"75.06","flow":"14.56","humidity":"45.54","co2":"470.96"}
{"timestamp":"2025-07-12T18:27:23.344Z","pH":"7.47","conductivity":"116.65","pressure":"1.20","temperature":"26.78","fillLevel":"88.73","flow":"10.71","humidity":"39.59","co2":"435.73"}
{"timestamp":"2025-07-12T18:27:39.966Z","pH":"6.87","conductivity":"108.63","pressure":"4.81","temperature":"23.83","fillLevel":"94.60","flow":"11.33","humidity":"32.53","co2":"401.38"}
{"timestamp":"2025-07-12T18:27:49.969Z","pH":"6.23","conductivity":"115.97","pressure":"3.71","temperature":"30.51","fillLevel":"27.29","flow":"13.68","humidity":"40.16","co2":"413.25"}
{"timestamp":"2025-07-12T18:27:59.978Z","pH":"6.93","conductivity":"122.33","pressure":"3.25","temperature":"27.51","fillLevel":"43.96","flow":"12.13","humidity":"48.72","co2":"435.88"}
