{"timestamp":"2025-07-12T18:09:02.474Z","pH":"7.72","conductivity":"116.83","pressure":"3.90","temperature":"31.13","fillLevel":"34.70","flow":"13.34","humidity":"38.73","co2":"482.23"}
{"timestamp":"2025-07-12T18:09:12.484Z","pH":"7.31","conductivity":"106.64","pressure":"4.05","temperature":"29.14","fillLevel":"15.67","flow":"11.14","humidity":"33.41","co2":"409.87"}
{"timestamp":"2025-07-12T18:09:22.493Z","pH":"6.83","conductivity":"136.43","pressure":"3.66","temperature":"22.98","fillLevel":"10.78","flow":"12.69","humidity":"39.47","co2":"486.58"}
{"timestamp":"2025-07-12T18:09:32.505Z","pH":"6.73","conductivity":"131.68","pressure":"3.42","temperature":"24.44","fillLevel":"1.22","flow":"10.27","humidity":"48.01","co2":"438.72"}
{"timestamp":"2025-07-12T18:09:42.514Z","pH":"6.46","conductivity":"108.94","pressure":"4.23","temperature":"34.63","fillLevel":"92.71","flow":"10.83","humidity":"40.74","co2":"445.98"}
{"timestamp":"2025-07-12T18:09:52.522Z","pH":"7.39","conductivity":"139.34","pressure":"2.91","temperature":"21.25","fillLevel":"91.32","flow":"14.49","humidity":"34.87","co2":"456.69"}
