{"timestamp":"2025-07-12T18:57:08.406Z","pH":"7.57","conductivity":"132.18","pressure":"3.30","temperature":"23.89","fillLevel":"98.23","flow":"11.19","humidity":"39.56","co2":"494.74"}
{"timestamp":"2025-07-12T18:57:18.410Z","pH":"6.71","conductivity":"120.86","pressure":"1.84","temperature":"33.17","fillLevel":"7.01","flow":"14.74","humidity":"32.74","co2":"450.74"}
{"timestamp":"2025-07-12T18:57:28.426Z","pH":"7.09","conductivity":"100.09","pressure":"3.17","temperature":"24.40","fillLevel":"49.19","flow":"13.58","humidity":"47.58","co2":"407.72"}
{"timestamp":"2025-07-12T18:57:38.428Z","pH":"6.67","conductivity":"118.22","pressure":"4.54","temperature":"31.13","fillLevel":"82.69","flow":"12.96","humidity":"39.48","co2":"477.23"}
{"timestamp":"2025-07-12T18:57:48.440Z","pH":"6.51","conductivity":"138.08","pressure":"3.67","temperature":"34.14","fillLevel":"91.31","flow":"14.04","humidity":"35.19","co2":"421.50"}
{"timestamp":"2025-07-12T18:57:58.446Z","pH":"6.21","conductivity":"110.31","pressure":"1.75","temperature":"20.58","fillLevel":"99.80","flow":"13.12","humidity":"32.64","co2":"453.21"}
