{"timestamp":"2025-07-12T18:06:02.397Z","pH":"7.68","conductivity":"103.67","pressure":"1.80","temperature":"20.93","fillLevel":"34.50","flow":"11.63","humidity":"35.25","co2":"408.83"}
{"timestamp":"2025-07-12T18:06:12.400Z","pH":"6.15","conductivity":"138.68","pressure":"5.00","temperature":"27.47","fillLevel":"61.24","flow":"10.63","humidity":"36.03","co2":"437.24"}
{"timestamp":"2025-07-12T18:06:22.404Z","pH":"7.25","conductivity":"111.93","pressure":"3.27","temperature":"24.76","fillLevel":"14.74","flow":"12.88","humidity":"46.53","co2":"420.19"}
{"timestamp":"2025-07-12T18:06:32.407Z","pH":"6.41","conductivity":"114.12","pressure":"1.00","temperature":"21.44","fillLevel":"92.15","flow":"15.00","humidity":"49.74","co2":"421.61"}
{"timestamp":"2025-07-12T18:06:42.418Z","pH":"6.98","conductivity":"115.92","pressure":"5.37","temperature":"20.57","fillLevel":"62.12","flow":"11.45","humidity":"37.22","co2":"430.43"}
{"timestamp":"2025-07-12T18:06:52.419Z","pH":"7.20","conductivity":"138.33","pressure":"1.89","temperature":"24.47","fillLevel":"81.40","flow":"12.61","humidity":"32.86","co2":"464.39"}
