{"timestamp":"2025-07-12T18:11:02.581Z","pH":"7.69","conductivity":"147.72","pressure":"3.08","temperature":"20.04","fillLevel":"20.03","flow":"11.63","humidity":"49.80","co2":"425.56"}
{"timestamp":"2025-07-12T18:11:12.595Z","pH":"6.18","conductivity":"111.90","pressure":"4.09","temperature":"32.73","fillLevel":"0.52","flow":"11.49","humidity":"41.40","co2":"414.61"}
{"timestamp":"2025-07-12T18:11:22.608Z","pH":"6.58","conductivity":"101.47","pressure":"3.06","temperature":"34.18","fillLevel":"58.37","flow":"14.25","humidity":"41.46","co2":"454.87"}
{"timestamp":"2025-07-12T18:11:32.608Z","pH":"7.68","conductivity":"128.84","pressure":"4.08","temperature":"27.98","fillLevel":"10.58","flow":"14.77","humidity":"30.90","co2":"488.02"}
{"timestamp":"2025-07-12T18:11:42.613Z","pH":"6.77","conductivity":"108.82","pressure":"3.95","temperature":"24.05","fillLevel":"15.05","flow":"12.62","humidity":"41.00","co2":"458.42"}
{"timestamp":"2025-07-12T18:11:52.614Z","pH":"6.67","conductivity":"127.38","pressure":"2.93","temperature":"33.76","fillLevel":"22.27","flow":"10.83","humidity":"49.45","co2":"481.36"}
