{"timestamp":"2025-07-12T18:24:03.191Z","pH":"7.46","conductivity":"137.46","pressure":"1.45","temperature":"22.98","fillLevel":"62.01","flow":"13.29","humidity":"48.19","co2":"441.45"}
{"timestamp":"2025-07-12T18:24:13.205Z","pH":"7.11","conductivity":"119.66","pressure":"5.78","temperature":"28.76","fillLevel":"17.50","flow":"10.01","humidity":"43.62","co2":"450.86"}
{"timestamp":"2025-07-12T18:24:23.210Z","pH":"7.34","conductivity":"148.72","pressure":"3.97","temperature":"29.51","fillLevel":"64.86","flow":"10.87","humidity":"30.98","co2":"444.68"}
{"timestamp":"2025-07-12T18:24:33.224Z","pH":"6.42","conductivity":"138.31","pressure":"1.06","temperature":"33.15","fillLevel":"4.27","flow":"12.49","humidity":"42.28","co2":"431.57"}
{"timestamp":"2025-07-12T18:24:43.230Z","pH":"7.93","conductivity":"134.60","pressure":"1.45","temperature":"23.09","fillLevel":"79.09","flow":"10.46","humidity":"32.52","co2":"459.56"}
{"timestamp":"2025-07-12T18:24:53.235Z","pH":"6.51","conductivity":"104.42","pressure":"3.76","temperature":"34.76","fillLevel":"64.17","flow":"11.66","humidity":"37.66","co2":"423.50"}
