{"timestamp":"2025-07-12T18:14:02.699Z","pH":"6.23","conductivity":"123.04","pressure":"2.07","temperature":"27.31","fillLevel":"66.09","flow":"11.01","humidity":"32.39","co2":"482.46"}
{"timestamp":"2025-07-12T18:14:12.712Z","pH":"7.45","conductivity":"130.81","pressure":"3.92","temperature":"25.68","fillLevel":"56.31","flow":"10.66","humidity":"46.91","co2":"464.94"}
{"timestamp":"2025-07-12T18:14:22.725Z","pH":"6.55","conductivity":"102.13","pressure":"1.93","temperature":"31.38","fillLevel":"67.94","flow":"14.79","humidity":"34.00","co2":"426.25"}
{"timestamp":"2025-07-12T18:14:32.728Z","pH":"7.13","conductivity":"126.69","pressure":"1.93","temperature":"31.02","fillLevel":"70.35","flow":"13.14","humidity":"33.68","co2":"467.73"}
{"timestamp":"2025-07-12T18:14:42.735Z","pH":"7.66","conductivity":"107.02","pressure":"2.53","temperature":"24.94","fillLevel":"85.08","flow":"11.46","humidity":"44.84","co2":"462.75"}
{"timestamp":"2025-07-12T18:14:52.746Z","pH":"7.71","conductivity":"137.40","pressure":"3.27","temperature":"32.62","fillLevel":"97.68","flow":"10.65","humidity":"39.64","co2":"474.52"}
