{"timestamp":"2025-07-12T18:37:07.471Z","pH":"6.25","conductivity":"108.59","pressure":"5.84","temperature":"20.98","fillLevel":"83.82","flow":"12.94","humidity":"49.43","co2":"495.35"}
{"timestamp":"2025-07-12T18:37:17.483Z","pH":"7.42","conductivity":"115.93","pressure":"3.87","temperature":"34.32","fillLevel":"39.05","flow":"13.15","humidity":"30.70","co2":"493.97"}
{"timestamp":"2025-07-12T18:37:27.488Z","pH":"7.36","conductivity":"132.53","pressure":"4.66","temperature":"22.48","fillLevel":"89.50","flow":"10.39","humidity":"41.04","co2":"475.61"}
{"timestamp":"2025-07-12T18:37:37.496Z","pH":"6.45","conductivity":"137.90","pressure":"5.86","temperature":"20.26","fillLevel":"9.88","flow":"13.21","humidity":"47.29","co2":"464.16"}
{"timestamp":"2025-07-12T18:37:47.508Z","pH":"6.68","conductivity":"143.78","pressure":"3.29","temperature":"34.23","fillLevel":"64.35","flow":"10.41","humidity":"30.36","co2":"426.64"}
{"timestamp":"2025-07-12T18:37:57.510Z","pH":"6.58","conductivity":"112.00","pressure":"4.54","temperature":"29.51","fillLevel":"83.17","flow":"14.21","humidity":"49.23","co2":"486.34"}
