{"timestamp":"2025-07-12T18:20:03.015Z","pH":"7.39","conductivity":"119.86","pressure":"2.72","temperature":"21.07","fillLevel":"70.13","flow":"11.07","humidity":"39.00","co2":"400.36"}
{"timestamp":"2025-07-12T18:20:13.023Z","pH":"6.26","conductivity":"139.95","pressure":"2.64","temperature":"24.91","fillLevel":"42.60","flow":"11.32","humidity":"43.47","co2":"435.08"}
{"timestamp":"2025-07-12T18:20:23.032Z","pH":"7.03","conductivity":"109.59","pressure":"4.85","temperature":"21.23","fillLevel":"49.69","flow":"10.84","humidity":"40.22","co2":"489.52"}
{"timestamp":"2025-07-12T18:20:33.032Z","pH":"7.57","conductivity":"149.65","pressure":"4.14","temperature":"21.25","fillLevel":"74.20","flow":"14.23","humidity":"44.11","co2":"492.73"}
{"timestamp":"2025-07-12T18:20:43.036Z","pH":"6.78","conductivity":"147.60","pressure":"3.10","temperature":"28.05","fillLevel":"75.59","flow":"14.42","humidity":"42.74","co2":"490.78"}
{"timestamp":"2025-07-12T18:20:53.045Z","pH":"6.27","conductivity":"139.88","pressure":"4.32","temperature":"27.64","fillLevel":"29.57","flow":"12.69","humidity":"32.82","co2":"431.15"}
