{"timestamp":"2025-07-12T18:35:07.412Z","pH":"6.90","conductivity":"123.37","pressure":"3.82","temperature":"34.11","fillLevel":"73.15","flow":"14.19","humidity":"30.11","co2":"447.96"}
{"timestamp":"2025-07-12T18:35:17.417Z","pH":"6.02","conductivity":"137.65","pressure":"2.74","temperature":"23.79","fillLevel":"80.20","flow":"14.98","humidity":"38.90","co2":"477.98"}
{"timestamp":"2025-07-12T18:35:27.427Z","pH":"7.79","conductivity":"146.66","pressure":"1.17","temperature":"30.27","fillLevel":"70.25","flow":"11.91","humidity":"41.07","co2":"471.70"}
{"timestamp":"2025-07-12T18:35:37.431Z","pH":"7.85","conductivity":"142.90","pressure":"2.11","temperature":"27.77","fillLevel":"67.66","flow":"13.66","humidity":"36.18","co2":"401.80"}
{"timestamp":"2025-07-12T18:35:47.435Z","pH":"7.78","conductivity":"131.50","pressure":"4.12","temperature":"31.01","fillLevel":"3.73","flow":"11.83","humidity":"33.42","co2":"430.27"}
{"timestamp":"2025-07-12T18:35:57.436Z","pH":"7.79","conductivity":"112.49","pressure":"4.53","temperature":"22.04","fillLevel":"90.87","flow":"13.49","humidity":"47.63","co2":"427.19"}
