{"timestamp":"2025-07-12T18:18:02.896Z","pH":"7.73","conductivity":"136.64","pressure":"3.41","temperature":"30.95","fillLevel":"62.45","flow":"14.63","humidity":"47.82","co2":"401.10"}
{"timestamp":"2025-07-12T18:18:12.908Z","pH":"6.35","conductivity":"114.73","pressure":"2.34","temperature":"30.55","fillLevel":"53.72","flow":"10.86","humidity":"36.38","co2":"402.13"}
{"timestamp":"2025-07-12T18:18:22.915Z","pH":"6.93","conductivity":"139.11","pressure":"3.21","temperature":"25.57","fillLevel":"9.76","flow":"10.32","humidity":"39.40","co2":"434.95"}
{"timestamp":"2025-07-12T18:18:32.924Z","pH":"6.19","conductivity":"114.81","pressure":"5.10","temperature":"25.77","fillLevel":"62.50","flow":"13.47","humidity":"48.37","co2":"407.14"}
{"timestamp":"2025-07-12T18:18:42.934Z","pH":"6.38","conductivity":"106.15","pressure":"1.16","temperature":"28.09","fillLevel":"11.90","flow":"10.69","humidity":"41.43","co2":"485.23"}
{"timestamp":"2025-07-12T18:18:52.942Z","pH":"7.26","conductivity":"134.60","pressure":"2.17","temperature":"28.01","fillLevel":"12.12","flow":"11.32","humidity":"45.42","co2":"464.33"}
