{"timestamp":"2025-07-12T18:02:02.212Z","pH":"6.44","conductivity":"134.49","pressure":"1.26","temperature":"33.37","fillLevel":"69.19","flow":"10.88","humidity":"48.98","co2":"448.20"}
{"timestamp":"2025-07-12T18:02:12.214Z","pH":"7.39","conductivity":"132.98","pressure":"2.26","temperature":"20.23","fillLevel":"6.40","flow":"11.96","humidity":"31.08","co2":"446.05"}
{"timestamp":"2025-07-12T18:02:22.215Z","pH":"6.95","conductivity":"127.17","pressure":"2.75","temperature":"31.25","fillLevel":"47.33","flow":"10.17","humidity":"31.34","co2":"473.82"}
{"timestamp":"2025-07-12T18:02:32.225Z","pH":"6.00","conductivity":"144.58","pressure":"1.70","temperature":"23.24","fillLevel":"19.18","flow":"13.84","humidity":"40.89","co2":"408.24"}
{"timestamp":"2025-07-12T18:02:42.235Z","pH":"6.83","conductivity":"122.92","pressure":"1.13","temperature":"27.06","fillLevel":"42.30","flow":"13.92","humidity":"42.46","co2":"472.67"}
{"timestamp":"2025-07-12T18:02:52.249Z","pH":"6.13","conductivity":"104.45","pressure":"2.78","temperature":"30.62","fillLevel":"47.05","flow":"14.89","humidity":"46.87","co2":"452.59"}
