{"timestamp":"2025-07-12T18:33:07.302Z","pH":"6.57","conductivity":"147.70","pressure":"3.99","temperature":"32.44","fillLevel":"62.77","flow":"13.07","humidity":"47.67","co2":"403.17"}
{"timestamp":"2025-07-12T18:33:17.314Z","pH":"6.19","conductivity":"149.42","pressure":"5.99","temperature":"22.23","fillLevel":"0.95","flow":"10.11","humidity":"47.11","co2":"436.11"}
{"timestamp":"2025-07-12T18:33:27.320Z","pH":"6.33","conductivity":"129.04","pressure":"5.29","temperature":"29.26","fillLevel":"3.23","flow":"11.14","humidity":"48.88","co2":"429.83"}
{"timestamp":"2025-07-12T18:33:37.323Z","pH":"6.79","conductivity":"129.74","pressure":"1.84","temperature":"34.16","fillLevel":"64.34","flow":"11.72","humidity":"38.00","co2":"458.30"}
{"timestamp":"2025-07-12T18:33:47.334Z","pH":"6.32","conductivity":"148.47","pressure":"3.82","temperature":"25.11","fillLevel":"76.03","flow":"12.58","humidity":"40.60","co2":"434.19"}
{"timestamp":"2025-07-12T18:33:57.342Z","pH":"6.16","conductivity":"109.69","pressure":"2.81","temperature":"23.02","fillLevel":"15.80","flow":"12.22","humidity":"41.46","co2":"490.22"}
