{"timestamp":"2025-07-12T18:41:07.655Z","pH":"6.90","conductivity":"113.88","pressure":"3.79","temperature":"29.78","fillLevel":"30.71","flow":"13.01","humidity":"31.75","co2":"427.20"}
{"timestamp":"2025-07-12T18:41:17.662Z","pH":"7.14","conductivity":"135.44","pressure":"5.54","temperature":"34.53","fillLevel":"22.72","flow":"11.25","humidity":"40.91","co2":"416.83"}
{"timestamp":"2025-07-12T18:41:27.666Z","pH":"7.83","conductivity":"100.51","pressure":"1.29","temperature":"34.15","fillLevel":"59.17","flow":"14.35","humidity":"45.77","co2":"475.79"}
{"timestamp":"2025-07-12T18:41:37.670Z","pH":"7.17","conductivity":"139.39","pressure":"4.98","temperature":"27.97","fillLevel":"67.04","flow":"14.46","humidity":"48.93","co2":"430.80"}
{"timestamp":"2025-07-12T18:41:47.683Z","pH":"6.30","conductivity":"127.96","pressure":"2.14","temperature":"28.13","fillLevel":"42.75","flow":"14.96","humidity":"44.83","co2":"409.47"}
{"timestamp":"2025-07-12T18:41:57.698Z","pH":"6.95","conductivity":"100.64","pressure":"4.70","temperature":"30.28","fillLevel":"72.70","flow":"11.28","humidity":"40.90","co2":"419.54"}
