{"timestamp":"2025-07-12T18:56:08.357Z","pH":"6.97","conductivity":"101.74","pressure":"5.98","temperature":"28.66","fillLevel":"64.70","flow":"14.58","humidity":"36.10","co2":"465.63"}
{"timestamp":"2025-07-12T18:56:18.364Z","pH":"7.29","conductivity":"135.67","pressure":"3.61","temperature":"30.07","fillLevel":"31.44","flow":"11.21","humidity":"31.80","co2":"438.91"}
{"timestamp":"2025-07-12T18:56:28.374Z","pH":"7.36","conductivity":"138.02","pressure":"3.21","temperature":"27.25","fillLevel":"94.53","flow":"11.12","humidity":"47.36","co2":"494.51"}
{"timestamp":"2025-07-12T18:56:38.385Z","pH":"7.01","conductivity":"145.38","pressure":"1.09","temperature":"34.97","fillLevel":"79.37","flow":"10.07","humidity":"38.99","co2":"496.50"}
{"timestamp":"2025-07-12T18:56:48.387Z","pH":"6.12","conductivity":"143.38","pressure":"4.60","temperature":"29.16","fillLevel":"16.60","flow":"14.97","humidity":"43.62","co2":"419.49"}
{"timestamp":"2025-07-12T18:56:58.393Z","pH":"6.42","conductivity":"105.47","pressure":"4.32","temperature":"24.95","fillLevel":"96.05","flow":"13.11","humidity":"47.51","co2":"423.18"}
