{"timestamp":"2025-07-12T18:05:02.355Z","pH":"7.28","conductivity":"147.37","pressure":"2.09","temperature":"34.38","fillLevel":"42.57","flow":"14.85","humidity":"44.71","co2":"426.43"}
{"timestamp":"2025-07-12T18:05:12.358Z","pH":"6.45","conductivity":"144.33","pressure":"3.79","temperature":"31.42","fillLevel":"56.41","flow":"12.98","humidity":"49.74","co2":"423.83"}
{"timestamp":"2025-07-12T18:05:22.367Z","pH":"7.89","conductivity":"121.15","pressure":"3.25","temperature":"21.00","fillLevel":"65.91","flow":"13.29","humidity":"46.69","co2":"428.74"}
{"timestamp":"2025-07-12T18:05:32.378Z","pH":"6.50","conductivity":"100.14","pressure":"2.46","temperature":"30.64","fillLevel":"69.67","flow":"14.91","humidity":"45.67","co2":"418.70"}
{"timestamp":"2025-07-12T18:05:42.380Z","pH":"6.18","conductivity":"135.98","pressure":"1.50","temperature":"21.47","fillLevel":"79.69","flow":"14.78","humidity":"38.41","co2":"421.52"}
{"timestamp":"2025-07-12T18:05:52.389Z","pH":"6.63","conductivity":"115.23","pressure":"1.28","temperature":"32.58","fillLevel":"96.34","flow":"12.97","humidity":"36.21","co2":"406.48"}
