{"timestamp":"2025-07-12T18:38:07.513Z","pH":"7.01","conductivity":"119.77","pressure":"5.84","temperature":"33.54","fillLevel":"46.11","flow":"10.57","humidity":"37.75","co2":"489.10"}
{"timestamp":"2025-07-12T18:38:17.521Z","pH":"6.04","conductivity":"148.69","pressure":"3.05","temperature":"29.95","fillLevel":"22.59","flow":"12.17","humidity":"40.82","co2":"411.64"}
{"timestamp":"2025-07-12T18:38:27.526Z","pH":"6.51","conductivity":"140.78","pressure":"2.33","temperature":"26.85","fillLevel":"50.58","flow":"10.84","humidity":"38.49","co2":"457.40"}
{"timestamp":"2025-07-12T18:38:37.534Z","pH":"7.08","conductivity":"148.49","pressure":"3.53","temperature":"22.09","fillLevel":"14.34","flow":"10.26","humidity":"48.15","co2":"457.51"}
{"timestamp":"2025-07-12T18:38:47.539Z","pH":"6.71","conductivity":"131.46","pressure":"5.96","temperature":"28.01","fillLevel":"52.76","flow":"11.10","humidity":"41.57","co2":"492.90"}
{"timestamp":"2025-07-12T18:38:57.552Z","pH":"7.04","conductivity":"110.14","pressure":"3.44","temperature":"27.06","fillLevel":"9.67","flow":"13.24","humidity":"41.52","co2":"408.73"}
