{"timestamp":"2025-07-12T18:21:03.045Z","pH":"7.84","conductivity":"107.14","pressure":"4.75","temperature":"31.65","fillLevel":"94.90","flow":"13.72","humidity":"36.96","co2":"497.67"}
{"timestamp":"2025-07-12T18:21:13.053Z","pH":"6.05","conductivity":"104.71","pressure":"1.80","temperature":"28.72","fillLevel":"55.33","flow":"12.17","humidity":"35.32","co2":"446.20"}
{"timestamp":"2025-07-12T18:21:23.061Z","pH":"6.10","conductivity":"120.77","pressure":"2.74","temperature":"25.59","fillLevel":"63.99","flow":"12.84","humidity":"37.59","co2":"420.11"}
{"timestamp":"2025-07-12T18:21:33.077Z","pH":"7.31","conductivity":"142.54","pressure":"1.81","temperature":"28.68","fillLevel":"52.31","flow":"11.29","humidity":"33.31","co2":"474.45"}
{"timestamp":"2025-07-12T18:21:43.090Z","pH":"7.44","conductivity":"149.50","pressure":"2.76","temperature":"29.40","fillLevel":"29.91","flow":"10.71","humidity":"46.13","co2":"409.20"}
{"timestamp":"2025-07-12T18:21:53.098Z","pH":"6.92","conductivity":"114.45","pressure":"5.87","temperature":"21.48","fillLevel":"3.25","flow":"13.20","humidity":"35.18","co2":"437.36"}
