{"timestamp":"2025-07-12T18:47:07.971Z","pH":"7.48","conductivity":"117.78","pressure":"5.89","temperature":"34.08","fillLevel":"80.19","flow":"12.95","humidity":"42.23","co2":"419.93"}
{"timestamp":"2025-07-12T18:47:17.973Z","pH":"6.94","conductivity":"136.03","pressure":"5.31","temperature":"27.19","fillLevel":"97.40","flow":"13.62","humidity":"46.32","co2":"423.34"}
{"timestamp":"2025-07-12T18:47:27.973Z","pH":"7.20","conductivity":"106.37","pressure":"3.04","temperature":"30.85","fillLevel":"0.61","flow":"14.77","humidity":"37.86","co2":"449.54"}
{"timestamp":"2025-07-12T18:47:37.985Z","pH":"6.71","conductivity":"137.22","pressure":"1.16","temperature":"34.65","fillLevel":"41.34","flow":"12.74","humidity":"39.68","co2":"437.89"}
{"timestamp":"2025-07-12T18:47:47.995Z","pH":"6.13","conductivity":"102.08","pressure":"4.30","temperature":"20.15","fillLevel":"93.46","flow":"11.59","humidity":"44.29","co2":"485.52"}
{"timestamp":"2025-07-12T18:47:58.010Z","pH":"7.53","conductivity":"107.23","pressure":"5.70","temperature":"21.19","fillLevel":"43.59","flow":"13.91","humidity":"34.87","co2":"488.69"}
