{"timestamp":"2025-07-12T18:40:07.615Z","pH":"7.74","conductivity":"144.69","pressure":"5.21","temperature":"26.58","fillLevel":"53.30","flow":"10.05","humidity":"32.13","co2":"473.88"}
{"timestamp":"2025-07-12T18:40:17.626Z","pH":"6.06","conductivity":"122.42","pressure":"3.73","temperature":"20.36","fillLevel":"12.13","flow":"10.09","humidity":"48.98","co2":"463.00"}
{"timestamp":"2025-07-12T18:40:27.633Z","pH":"7.56","conductivity":"136.04","pressure":"5.02","temperature":"21.04","fillLevel":"81.07","flow":"10.33","humidity":"43.49","co2":"488.59"}
{"timestamp":"2025-07-12T18:40:37.634Z","pH":"7.81","conductivity":"123.50","pressure":"1.01","temperature":"34.88","fillLevel":"13.71","flow":"11.31","humidity":"30.61","co2":"422.69"}
{"timestamp":"2025-07-12T18:40:47.638Z","pH":"7.83","conductivity":"126.33","pressure":"4.67","temperature":"33.31","fillLevel":"80.14","flow":"12.77","humidity":"31.19","co2":"421.25"}
{"timestamp":"2025-07-12T18:40:57.642Z","pH":"7.41","conductivity":"129.85","pressure":"3.59","temperature":"31.09","fillLevel":"37.47","flow":"10.19","humidity":"48.97","co2":"460.05"}
