{"timestamp":"2025-07-12T18:23:03.138Z","pH":"8.00","conductivity":"126.46","pressure":"3.05","temperature":"25.10","fillLevel":"67.15","flow":"11.64","humidity":"45.95","co2":"495.72"}
{"timestamp":"2025-07-12T18:23:13.161Z","pH":"7.71","conductivity":"112.09","pressure":"1.18","temperature":"27.80","fillLevel":"88.73","flow":"14.02","humidity":"48.42","co2":"466.07"}
{"timestamp":"2025-07-12T18:23:23.168Z","pH":"6.40","conductivity":"127.54","pressure":"3.38","temperature":"20.54","fillLevel":"92.02","flow":"13.04","humidity":"46.26","co2":"490.02"}
{"timestamp":"2025-07-12T18:23:33.171Z","pH":"6.59","conductivity":"113.52","pressure":"1.66","temperature":"31.92","fillLevel":"61.89","flow":"12.08","humidity":"34.42","co2":"489.82"}
{"timestamp":"2025-07-12T18:23:43.176Z","pH":"6.07","conductivity":"146.50","pressure":"5.19","temperature":"26.30","fillLevel":"5.64","flow":"12.72","humidity":"33.27","co2":"408.78"}
{"timestamp":"2025-07-12T18:23:53.183Z","pH":"7.34","conductivity":"108.00","pressure":"1.89","temperature":"20.62","fillLevel":"80.32","flow":"13.10","humidity":"46.79","co2":"434.50"}
