{"timestamp":"2025-07-12T18:30:07.043Z","pH":"6.91","conductivity":"112.06","pressure":"4.00","temperature":"31.93","fillLevel":"12.70","flow":"13.93","humidity":"31.05","co2":"401.45"}
{"timestamp":"2025-07-12T18:30:17.057Z","pH":"7.76","conductivity":"138.81","pressure":"2.60","temperature":"29.24","fillLevel":"3.41","flow":"11.32","humidity":"43.39","co2":"416.19"}
{"timestamp":"2025-07-12T18:30:27.073Z","pH":"6.37","conductivity":"120.99","pressure":"3.90","temperature":"30.24","fillLevel":"1.14","flow":"14.42","humidity":"46.85","co2":"498.07"}
{"timestamp":"2025-07-12T18:30:37.083Z","pH":"7.44","conductivity":"136.09","pressure":"1.19","temperature":"33.21","fillLevel":"96.74","flow":"11.11","humidity":"44.01","co2":"448.50"}
{"timestamp":"2025-07-12T18:30:47.098Z","pH":"7.21","conductivity":"114.77","pressure":"1.92","temperature":"22.48","fillLevel":"23.40","flow":"11.04","humidity":"35.30","co2":"441.99"}
{"timestamp":"2025-07-12T18:30:57.102Z","pH":"6.62","conductivity":"105.31","pressure":"3.32","temperature":"26.15","fillLevel":"47.03","flow":"11.47","humidity":"49.10","co2":"453.95"}
