{"timestamp":"2025-07-12T18:32:07.269Z","pH":"7.63","conductivity":"110.56","pressure":"2.59","temperature":"32.17","fillLevel":"89.61","flow":"12.27","humidity":"42.61","co2":"416.55"}
{"timestamp":"2025-07-12T18:32:17.274Z","pH":"6.27","conductivity":"127.39","pressure":"3.58","temperature":"33.99","fillLevel":"77.53","flow":"11.66","humidity":"46.36","co2":"402.25"}
{"timestamp":"2025-07-12T18:32:27.286Z","pH":"7.64","conductivity":"147.05","pressure":"2.87","temperature":"24.34","fillLevel":"56.67","flow":"11.42","humidity":"46.34","co2":"478.05"}
{"timestamp":"2025-07-12T18:32:37.288Z","pH":"7.78","conductivity":"129.47","pressure":"1.20","temperature":"21.73","fillLevel":"53.34","flow":"14.45","humidity":"35.82","co2":"403.40"}
{"timestamp":"2025-07-12T18:32:47.290Z","pH":"7.68","conductivity":"124.70","pressure":"3.60","temperature":"26.72","fillLevel":"76.68","flow":"10.44","humidity":"40.94","co2":"458.88"}
{"timestamp":"2025-07-12T18:32:57.293Z","pH":"7.81","conductivity":"137.93","pressure":"1.04","temperature":"23.79","fillLevel":"2.61","flow":"10.35","humidity":"47.86","co2":"415.45"}
