{"timestamp":"2025-07-12T18:53:08.239Z","pH":"6.62","conductivity":"142.95","pressure":"2.65","temperature":"21.50","fillLevel":"48.95","flow":"14.26","humidity":"42.60","co2":"437.85"}
{"timestamp":"2025-07-12T18:53:18.244Z","pH":"7.79","conductivity":"127.74","pressure":"1.10","temperature":"23.69","fillLevel":"16.81","flow":"12.66","humidity":"33.57","co2":"440.74"}
{"timestamp":"2025-07-12T18:53:28.248Z","pH":"6.77","conductivity":"105.16","pressure":"1.84","temperature":"23.35","fillLevel":"74.36","flow":"12.42","humidity":"36.01","co2":"437.77"}
{"timestamp":"2025-07-12T18:53:38.255Z","pH":"7.98","conductivity":"149.62","pressure":"1.24","temperature":"34.92","fillLevel":"89.44","flow":"10.41","humidity":"39.03","co2":"462.89"}
{"timestamp":"2025-07-12T18:53:48.256Z","pH":"7.38","conductivity":"105.89","pressure":"5.70","temperature":"25.19","fillLevel":"98.57","flow":"11.57","humidity":"46.31","co2":"404.00"}
{"timestamp":"2025-07-12T18:53:58.267Z","pH":"7.61","conductivity":"108.57","pressure":"5.07","temperature":"23.67","fillLevel":"57.50","flow":"13.78","humidity":"39.21","co2":"424.69"}
