{"timestamp":"2025-07-12T18:50:08.095Z","pH":"6.49","conductivity":"108.07","pressure":"3.52","temperature":"30.03","fillLevel":"61.48","flow":"11.50","humidity":"43.98","co2":"468.40"}
{"timestamp":"2025-07-12T18:50:18.102Z","pH":"7.29","conductivity":"116.76","pressure":"5.56","temperature":"25.96","fillLevel":"41.24","flow":"12.68","humidity":"36.05","co2":"456.48"}
{"timestamp":"2025-07-12T18:50:28.116Z","pH":"7.11","conductivity":"123.60","pressure":"5.27","temperature":"24.38","fillLevel":"76.48","flow":"10.21","humidity":"32.19","co2":"458.08"}
{"timestamp":"2025-07-12T18:50:38.128Z","pH":"6.49","conductivity":"120.97","pressure":"2.36","temperature":"21.44","fillLevel":"70.17","flow":"12.54","humidity":"34.90","co2":"419.06"}
{"timestamp":"2025-07-12T18:50:48.138Z","pH":"6.21","conductivity":"123.10","pressure":"1.57","temperature":"23.00","fillLevel":"58.72","flow":"12.46","humidity":"47.00","co2":"465.95"}
{"timestamp":"2025-07-12T18:50:58.147Z","pH":"7.36","conductivity":"126.50","pressure":"4.57","temperature":"27.65","fillLevel":"5.55","flow":"13.44","humidity":"39.98","co2":"432.31"}
