{"timestamp":"2025-07-12T18:36:07.437Z","pH":"6.51","conductivity":"109.94","pressure":"4.81","temperature":"22.65","fillLevel":"32.25","flow":"11.91","humidity":"35.10","co2":"467.07"}
{"timestamp":"2025-07-12T18:36:17.442Z","pH":"6.79","conductivity":"117.61","pressure":"1.24","temperature":"30.64","fillLevel":"80.16","flow":"14.30","humidity":"47.26","co2":"446.26"}
{"timestamp":"2025-07-12T18:36:27.452Z","pH":"7.03","conductivity":"121.23","pressure":"4.39","temperature":"26.44","fillLevel":"57.98","flow":"12.02","humidity":"33.96","co2":"413.42"}
{"timestamp":"2025-07-12T18:36:37.452Z","pH":"6.58","conductivity":"127.10","pressure":"1.25","temperature":"28.90","fillLevel":"83.59","flow":"10.11","humidity":"49.51","co2":"484.28"}
{"timestamp":"2025-07-12T18:36:47.451Z","pH":"7.36","conductivity":"125.58","pressure":"2.59","temperature":"29.82","fillLevel":"40.70","flow":"12.50","humidity":"39.16","co2":"479.82"}
{"timestamp":"2025-07-12T18:36:57.459Z","pH":"7.82","conductivity":"110.94","pressure":"4.47","temperature":"32.49","fillLevel":"71.12","flow":"12.45","humidity":"49.11","co2":"454.49"}
