{"timestamp":"2025-07-12T18:59:08.523Z","pH":"6.76","conductivity":"126.33","pressure":"4.65","temperature":"26.00","fillLevel":"26.90","flow":"10.48","humidity":"32.24","co2":"441.56"}
{"timestamp":"2025-07-12T18:59:18.538Z","pH":"7.11","conductivity":"110.96","pressure":"4.56","temperature":"24.59","fillLevel":"63.06","flow":"12.85","humidity":"42.81","co2":"429.13"}
{"timestamp":"2025-07-12T18:59:28.547Z","pH":"7.77","conductivity":"140.26","pressure":"2.29","temperature":"32.06","fillLevel":"75.00","flow":"11.90","humidity":"49.75","co2":"477.80"}
{"timestamp":"2025-07-12T18:59:38.554Z","pH":"7.26","conductivity":"148.46","pressure":"3.29","temperature":"33.63","fillLevel":"1.00","flow":"11.05","humidity":"35.40","co2":"452.98"}
{"timestamp":"2025-07-12T18:59:48.558Z","pH":"7.65","conductivity":"147.51","pressure":"4.84","temperature":"33.55","fillLevel":"53.43","flow":"13.77","humidity":"45.13","co2":"475.72"}
{"timestamp":"2025-07-12T18:59:58.565Z","pH":"7.37","conductivity":"130.21","pressure":"5.43","temperature":"22.15","fillLevel":"10.37","flow":"14.84","humidity":"44.37","co2":"463.43"}
