{"timestamp":"2025-07-12T18:12:02.618Z","pH":"6.04","conductivity":"127.46","pressure":"1.90","temperature":"34.70","fillLevel":"30.39","flow":"13.44","humidity":"38.32","co2":"442.16"}
{"timestamp":"2025-07-12T18:12:12.623Z","pH":"7.38","conductivity":"124.66","pressure":"5.55","temperature":"28.52","fillLevel":"20.14","flow":"11.19","humidity":"31.95","co2":"437.66"}
{"timestamp":"2025-07-12T18:12:22.629Z","pH":"7.97","conductivity":"135.82","pressure":"1.28","temperature":"22.14","fillLevel":"9.32","flow":"13.39","humidity":"35.09","co2":"403.48"}
{"timestamp":"2025-07-12T18:12:32.643Z","pH":"6.63","conductivity":"137.91","pressure":"3.86","temperature":"20.75","fillLevel":"86.46","flow":"13.65","humidity":"49.88","co2":"478.59"}
{"timestamp":"2025-07-12T18:12:42.646Z","pH":"6.20","conductivity":"130.69","pressure":"1.72","temperature":"33.58","fillLevel":"62.26","flow":"14.68","humidity":"44.73","co2":"414.36"}
{"timestamp":"2025-07-12T18:12:52.647Z","pH":"7.71","conductivity":"122.09","pressure":"3.47","temperature":"20.90","fillLevel":"6.96","flow":"13.82","humidity":"32.60","co2":"434.22"}
