{"timestamp":"2025-07-12T18:00:02.134Z","pH":"7.32","conductivity":"145.16","pressure":"2.44","temperature":"21.18","fillLevel":"16.09","flow":"13.92","humidity":"32.02","co2":"438.92"}
{"timestamp":"2025-07-12T18:00:12.146Z","pH":"6.99","conductivity":"131.43","pressure":"2.50","temperature":"33.16","fillLevel":"56.14","flow":"11.50","humidity":"33.55","co2":"424.29"}
{"timestamp":"2025-07-12T18:00:22.153Z","pH":"7.38","conductivity":"148.43","pressure":"4.01","temperature":"30.76","fillLevel":"9.60","flow":"12.76","humidity":"41.50","co2":"439.23"}
{"timestamp":"2025-07-12T18:00:32.162Z","pH":"7.51","conductivity":"139.29","pressure":"4.63","temperature":"21.06","fillLevel":"40.55","flow":"11.09","humidity":"46.42","co2":"469.07"}
{"timestamp":"2025-07-12T18:00:42.172Z","pH":"6.48","conductivity":"127.35","pressure":"1.64","temperature":"32.58","fillLevel":"85.98","flow":"12.87","humidity":"47.72","co2":"430.24"}
{"timestamp":"2025-07-12T18:00:52.176Z","pH":"6.89","conductivity":"135.37","pressure":"2.11","temperature":"24.52","fillLevel":"3.67","flow":"14.40","humidity":"45.72","co2":"455.62"}
