{"timestamp":"2025-07-12T18:42:07.712Z","pH":"7.19","conductivity":"113.66","pressure":"2.73","temperature":"20.83","fillLevel":"41.08","flow":"14.45","humidity":"44.12","co2":"450.00"}
{"timestamp":"2025-07-12T18:42:17.727Z","pH":"7.23","conductivity":"123.41","pressure":"2.30","temperature":"21.79","fillLevel":"74.67","flow":"10.99","humidity":"30.65","co2":"422.37"}
{"timestamp":"2025-07-12T18:42:27.740Z","pH":"7.27","conductivity":"124.65","pressure":"2.16","temperature":"24.87","fillLevel":"55.13","flow":"13.74","humidity":"41.63","co2":"429.60"}
{"timestamp":"2025-07-12T18:42:37.752Z","pH":"7.41","conductivity":"148.34","pressure":"1.65","temperature":"33.38","fillLevel":"21.53","flow":"10.63","humidity":"40.91","co2":"458.05"}
{"timestamp":"2025-07-12T18:42:47.765Z","pH":"7.41","conductivity":"124.49","pressure":"2.49","temperature":"28.89","fillLevel":"13.06","flow":"10.94","humidity":"48.82","co2":"476.74"}
{"timestamp":"2025-07-12T18:42:57.778Z","pH":"6.26","conductivity":"132.23","pressure":"2.63","temperature":"30.30","fillLevel":"8.92","flow":"12.31","humidity":"43.57","co2":"428.76"}
