{"timestamp":"2025-07-12T18:51:08.147Z","pH":"6.93","conductivity":"112.24","pressure":"4.83","temperature":"22.94","fillLevel":"64.73","flow":"13.58","humidity":"48.57","co2":"428.64"}
{"timestamp":"2025-07-12T18:51:18.152Z","pH":"7.63","conductivity":"116.38","pressure":"2.70","temperature":"25.35","fillLevel":"63.83","flow":"12.56","humidity":"48.58","co2":"408.64"}
{"timestamp":"2025-07-12T18:51:28.159Z","pH":"7.04","conductivity":"106.30","pressure":"4.34","temperature":"25.42","fillLevel":"56.80","flow":"10.48","humidity":"39.52","co2":"445.89"}
{"timestamp":"2025-07-12T18:51:38.167Z","pH":"6.52","conductivity":"119.83","pressure":"1.11","temperature":"27.77","fillLevel":"50.39","flow":"11.54","humidity":"48.84","co2":"418.52"}
{"timestamp":"2025-07-12T18:51:48.173Z","pH":"7.62","conductivity":"100.61","pressure":"5.06","temperature":"26.57","fillLevel":"24.74","flow":"13.13","humidity":"47.06","co2":"474.65"}
{"timestamp":"2025-07-12T18:51:58.182Z","pH":"6.04","conductivity":"102.67","pressure":"5.15","temperature":"26.77","fillLevel":"41.23","flow":"13.94","humidity":"38.38","co2":"473.35"}
