{"timestamp":"2025-07-12T18:43:07.787Z","pH":"7.12","conductivity":"133.36","pressure":"1.11","temperature":"21.51","fillLevel":"70.27","flow":"10.59","humidity":"44.67","co2":"488.79"}
{"timestamp":"2025-07-12T18:43:17.792Z","pH":"6.75","conductivity":"134.26","pressure":"3.76","temperature":"34.49","fillLevel":"58.50","flow":"13.16","humidity":"30.16","co2":"406.00"}
{"timestamp":"2025-07-12T18:43:27.805Z","pH":"6.17","conductivity":"124.79","pressure":"3.27","temperature":"27.89","fillLevel":"18.22","flow":"14.74","humidity":"41.92","co2":"452.78"}
{"timestamp":"2025-07-12T18:43:37.819Z","pH":"6.39","conductivity":"131.06","pressure":"5.97","temperature":"24.70","fillLevel":"19.32","flow":"13.74","humidity":"45.15","co2":"409.84"}
{"timestamp":"2025-07-12T18:43:47.826Z","pH":"7.79","conductivity":"109.29","pressure":"2.85","temperature":"33.61","fillLevel":"85.41","flow":"14.69","humidity":"43.40","co2":"461.26"}
{"timestamp":"2025-07-12T18:43:57.827Z","pH":"7.11","conductivity":"118.07","pressure":"4.91","temperature":"23.80","fillLevel":"63.52","flow":"11.71","humidity":"43.56","co2":"442.95"}
