{"timestamp":"2025-07-12T18:17:02.841Z","pH":"7.81","conductivity":"104.19","pressure":"4.24","temperature":"21.03","fillLevel":"69.71","flow":"14.54","humidity":"32.33","co2":"480.74"}
{"timestamp":"2025-07-12T18:17:12.843Z","pH":"7.26","conductivity":"149.44","pressure":"2.46","temperature":"27.70","fillLevel":"47.45","flow":"10.32","humidity":"43.33","co2":"437.54"}
{"timestamp":"2025-07-12T18:17:22.857Z","pH":"6.35","conductivity":"115.79","pressure":"4.63","temperature":"20.53","fillLevel":"35.09","flow":"11.03","humidity":"36.54","co2":"490.70"}
{"timestamp":"2025-07-12T18:17:32.866Z","pH":"6.94","conductivity":"106.60","pressure":"3.55","temperature":"22.46","fillLevel":"22.79","flow":"13.00","humidity":"44.58","co2":"401.53"}
{"timestamp":"2025-07-12T18:17:42.879Z","pH":"6.56","conductivity":"122.04","pressure":"4.22","temperature":"23.82","fillLevel":"87.77","flow":"14.37","humidity":"38.41","co2":"465.83"}
{"timestamp":"2025-07-12T18:17:52.883Z","pH":"6.13","conductivity":"107.94","pressure":"1.51","temperature":"25.94","fillLevel":"2.88","flow":"14.41","humidity":"42.80","co2":"432.97"}
