{"timestamp":"2025-07-12T18:31:07.112Z","pH":"7.92","conductivity":"120.11","pressure":"1.81","temperature":"25.07","fillLevel":"54.41","flow":"12.96","humidity":"42.46","co2":"481.91"}
{"timestamp":"2025-07-12T18:31:17.118Z","pH":"6.21","conductivity":"146.64","pressure":"5.95","temperature":"28.89","fillLevel":"93.65","flow":"13.45","humidity":"49.68","co2":"411.05"}
{"timestamp":"2025-07-12T18:31:27.133Z","pH":"7.59","conductivity":"103.46","pressure":"1.61","temperature":"23.05","fillLevel":"97.68","flow":"14.33","humidity":"33.80","co2":"452.12"}
{"timestamp":"2025-07-12T18:31:37.241Z","pH":"7.93","conductivity":"131.20","pressure":"2.17","temperature":"20.97","fillLevel":"83.02","flow":"10.37","humidity":"39.80","co2":"401.18"}
{"timestamp":"2025-07-12T18:31:47.242Z","pH":"6.80","conductivity":"110.65","pressure":"4.91","temperature":"32.69","fillLevel":"5.24","flow":"12.78","humidity":"38.00","co2":"420.20"}
{"timestamp":"2025-07-12T18:31:57.259Z","pH":"6.20","conductivity":"110.63","pressure":"4.83","temperature":"34.66","fillLevel":"32.00","flow":"11.52","humidity":"43.51","co2":"438.72"}
