{"timestamp":"2025-07-12T18:16:02.782Z","pH":"6.59","conductivity":"104.63","pressure":"2.96","temperature":"21.93","fillLevel":"77.38","flow":"12.82","humidity":"45.87","co2":"405.21"}
{"timestamp":"2025-07-12T18:16:12.795Z","pH":"6.07","conductivity":"127.13","pressure":"4.48","temperature":"20.45","fillLevel":"75.30","flow":"10.01","humidity":"33.60","co2":"424.20"}
{"timestamp":"2025-07-12T18:16:22.807Z","pH":"7.05","conductivity":"110.44","pressure":"2.85","temperature":"24.00","fillLevel":"34.24","flow":"14.74","humidity":"44.54","co2":"421.57"}
{"timestamp":"2025-07-12T18:16:32.812Z","pH":"7.60","conductivity":"130.66","pressure":"1.34","temperature":"25.32","fillLevel":"74.61","flow":"13.70","humidity":"31.40","co2":"478.37"}
{"timestamp":"2025-07-12T18:16:42.823Z","pH":"7.51","conductivity":"108.90","pressure":"3.83","temperature":"31.40","fillLevel":"68.45","flow":"13.16","humidity":"41.19","co2":"421.66"}
{"timestamp":"2025-07-12T18:16:52.825Z","pH":"6.99","conductivity":"147.59","pressure":"1.74","temperature":"22.52","fillLevel":"60.88","flow":"14.32","humidity":"31.64","co2":"452.69"}
