{"timestamp":"2025-07-12T18:01:02.177Z","pH":"6.15","conductivity":"127.28","pressure":"3.60","temperature":"32.34","fillLevel":"64.77","flow":"14.21","humidity":"30.56","co2":"404.46"}
{"timestamp":"2025-07-12T18:01:12.187Z","pH":"6.83","conductivity":"137.42","pressure":"4.04","temperature":"32.55","fillLevel":"28.71","flow":"13.75","humidity":"47.24","co2":"489.05"}
{"timestamp":"2025-07-12T18:01:22.193Z","pH":"7.82","conductivity":"102.21","pressure":"1.02","temperature":"34.79","fillLevel":"68.21","flow":"12.21","humidity":"31.49","co2":"492.06"}
{"timestamp":"2025-07-12T18:01:32.195Z","pH":"7.94","conductivity":"122.25","pressure":"4.85","temperature":"23.04","fillLevel":"65.31","flow":"11.55","humidity":"38.84","co2":"493.90"}
{"timestamp":"2025-07-12T18:01:42.203Z","pH":"7.42","conductivity":"114.98","pressure":"1.67","temperature":"25.99","fillLevel":"45.61","flow":"13.43","humidity":"30.32","co2":"430.45"}
{"timestamp":"2025-07-12T18:01:52.209Z","pH":"7.36","conductivity":"126.51","pressure":"1.40","temperature":"28.43","fillLevel":"6.38","flow":"13.69","humidity":"46.85","co2":"447.41"}
