{"timestamp":"2025-07-12T18:10:02.533Z","pH":"6.05","conductivity":"114.24","pressure":"4.89","temperature":"27.35","fillLevel":"26.68","flow":"14.67","humidity":"48.86","co2":"490.66"}
{"timestamp":"2025-07-12T18:10:12.544Z","pH":"7.49","conductivity":"109.41","pressure":"4.07","temperature":"32.22","fillLevel":"61.84","flow":"13.39","humidity":"35.80","co2":"410.63"}
{"timestamp":"2025-07-12T18:10:22.557Z","pH":"7.59","conductivity":"137.26","pressure":"2.24","temperature":"31.85","fillLevel":"23.01","flow":"11.45","humidity":"46.85","co2":"440.06"}
{"timestamp":"2025-07-12T18:10:32.569Z","pH":"7.47","conductivity":"117.65","pressure":"4.66","temperature":"21.32","fillLevel":"64.57","flow":"13.13","humidity":"36.19","co2":"488.38"}
{"timestamp":"2025-07-12T18:10:42.579Z","pH":"6.23","conductivity":"148.11","pressure":"1.19","temperature":"24.56","fillLevel":"44.23","flow":"13.47","humidity":"43.24","co2":"438.34"}
{"timestamp":"2025-07-12T18:10:52.581Z","pH":"7.96","conductivity":"140.22","pressure":"4.67","temperature":"34.29","fillLevel":"83.43","flow":"13.79","humidity":"40.82","co2":"443.15"}
