{"timestamp":"2025-07-12T18:03:02.259Z","pH":"7.73","conductivity":"108.98","pressure":"3.76","temperature":"29.45","fillLevel":"80.61","flow":"10.45","humidity":"48.84","co2":"473.98"}
{"timestamp":"2025-07-12T18:03:12.270Z","pH":"6.60","conductivity":"127.86","pressure":"4.76","temperature":"23.08","fillLevel":"84.12","flow":"10.35","humidity":"38.36","co2":"464.25"}
{"timestamp":"2025-07-12T18:03:22.280Z","pH":"6.27","conductivity":"144.67","pressure":"2.16","temperature":"30.54","fillLevel":"47.96","flow":"10.41","humidity":"45.50","co2":"497.76"}
{"timestamp":"2025-07-12T18:03:32.295Z","pH":"7.55","conductivity":"126.60","pressure":"1.89","temperature":"33.76","fillLevel":"96.43","flow":"12.85","humidity":"33.83","co2":"461.23"}
{"timestamp":"2025-07-12T18:03:42.304Z","pH":"7.61","conductivity":"110.06","pressure":"5.34","temperature":"32.46","fillLevel":"59.68","flow":"13.25","humidity":"46.72","co2":"411.96"}
{"timestamp":"2025-07-12T18:03:52.305Z","pH":"7.77","conductivity":"107.36","pressure":"5.28","temperature":"33.38","fillLevel":"92.08","flow":"12.01","humidity":"47.42","co2":"477.23"}
