{"timestamp":"2025-07-12T18:44:07.828Z","pH":"7.34","conductivity":"105.83","pressure":"3.19","temperature":"30.55","fillLevel":"65.77","flow":"13.62","humidity":"46.12","co2":"461.35"}
{"timestamp":"2025-07-12T18:44:17.844Z","pH":"7.54","conductivity":"115.15","pressure":"5.86","temperature":"21.19","fillLevel":"17.16","flow":"12.64","humidity":"43.48","co2":"405.01"}
{"timestamp":"2025-07-12T18:44:27.854Z","pH":"6.78","conductivity":"107.74","pressure":"5.19","temperature":"27.68","fillLevel":"81.80","flow":"13.63","humidity":"43.53","co2":"475.42"}
{"timestamp":"2025-07-12T18:44:37.854Z","pH":"6.33","conductivity":"101.88","pressure":"2.79","temperature":"25.99","fillLevel":"23.55","flow":"12.67","humidity":"34.08","co2":"490.34"}
{"timestamp":"2025-07-12T18:44:47.861Z","pH":"7.40","conductivity":"117.68","pressure":"3.18","temperature":"33.87","fillLevel":"40.87","flow":"14.71","humidity":"35.08","co2":"436.99"}
{"timestamp":"2025-07-12T18:44:57.868Z","pH":"7.78","conductivity":"104.12","pressure":"3.30","temperature":"29.58","fillLevel":"27.69","flow":"10.32","humidity":"39.08","co2":"470.56"}
