{"timestamp":"2025-07-12T18:48:08.016Z","pH":"6.80","conductivity":"106.73","pressure":"4.09","temperature":"27.01","fillLevel":"82.99","flow":"10.45","humidity":"39.76","co2":"433.11"}
{"timestamp":"2025-07-12T18:48:18.020Z","pH":"7.05","conductivity":"109.23","pressure":"2.88","temperature":"21.68","fillLevel":"71.78","flow":"12.17","humidity":"41.23","co2":"403.74"}
{"timestamp":"2025-07-12T18:48:28.027Z","pH":"6.20","conductivity":"117.45","pressure":"2.48","temperature":"25.52","fillLevel":"35.41","flow":"13.06","humidity":"35.45","co2":"418.85"}
{"timestamp":"2025-07-12T18:48:38.030Z","pH":"7.42","conductivity":"101.43","pressure":"4.11","temperature":"24.44","fillLevel":"94.06","flow":"13.67","humidity":"31.24","co2":"440.57"}
{"timestamp":"2025-07-12T18:48:48.034Z","pH":"7.31","conductivity":"131.14","pressure":"2.18","temperature":"31.08","fillLevel":"4.97","flow":"10.72","humidity":"32.10","co2":"404.59"}
{"timestamp":"2025-07-12T18:48:58.042Z","pH":"7.09","conductivity":"135.15","pressure":"4.73","temperature":"21.50","fillLevel":"89.25","flow":"10.69","humidity":"42.55","co2":"448.82"}
