{"timestamp":"2025-07-12T18:55:08.314Z","pH":"6.79","conductivity":"122.45","pressure":"1.04","temperature":"31.26","fillLevel":"93.57","flow":"13.92","humidity":"34.56","co2":"438.37"}
{"timestamp":"2025-07-12T18:55:18.320Z","pH":"6.98","conductivity":"146.98","pressure":"4.56","temperature":"24.10","fillLevel":"28.82","flow":"10.07","humidity":"49.47","co2":"412.77"}
{"timestamp":"2025-07-12T18:55:28.322Z","pH":"7.74","conductivity":"115.44","pressure":"5.86","temperature":"20.04","fillLevel":"65.11","flow":"13.60","humidity":"44.28","co2":"454.20"}
{"timestamp":"2025-07-12T18:55:38.326Z","pH":"6.74","conductivity":"137.62","pressure":"2.94","temperature":"22.00","fillLevel":"71.94","flow":"11.25","humidity":"36.87","co2":"491.22"}
{"timestamp":"2025-07-12T18:55:48.329Z","pH":"6.98","conductivity":"105.76","pressure":"2.12","temperature":"30.25","fillLevel":"77.93","flow":"12.70","humidity":"33.01","co2":"415.74"}
{"timestamp":"2025-07-12T18:55:58.341Z","pH":"6.27","conductivity":"116.22","pressure":"1.12","temperature":"22.34","fillLevel":"73.05","flow":"12.17","humidity":"34.25","co2":"431.77"}
