{"timestamp":"2025-07-12T18:15:02.756Z","pH":"7.41","conductivity":"121.72","pressure":"4.17","temperature":"26.55","fillLevel":"21.72","flow":"11.68","humidity":"37.22","co2":"451.07"}
{"timestamp":"2025-07-12T18:15:12.757Z","pH":"6.51","conductivity":"129.04","pressure":"1.74","temperature":"21.31","fillLevel":"21.85","flow":"14.33","humidity":"35.06","co2":"497.22"}
{"timestamp":"2025-07-12T18:15:22.758Z","pH":"7.16","conductivity":"145.16","pressure":"2.35","temperature":"33.30","fillLevel":"14.42","flow":"10.68","humidity":"45.48","co2":"461.88"}
{"timestamp":"2025-07-12T18:15:32.763Z","pH":"6.84","conductivity":"126.60","pressure":"5.73","temperature":"26.64","fillLevel":"18.01","flow":"11.05","humidity":"48.41","co2":"486.09"}
{"timestamp":"2025-07-12T18:15:42.766Z","pH":"7.45","conductivity":"116.97","pressure":"1.37","temperature":"22.71","fillLevel":"49.38","flow":"10.36","humidity":"46.08","co2":"417.52"}
{"timestamp":"2025-07-12T18:15:52.768Z","pH":"7.13","conductivity":"100.75","pressure":"2.85","temperature":"20.92","fillLevel":"88.36","flow":"11.28","humidity":"31.49","co2":"445.27"}
