{"timestamp":"2025-07-12T18:46:07.910Z","pH":"6.44","conductivity":"112.69","pressure":"3.07","temperature":"34.90","fillLevel":"7.17","flow":"14.81","humidity":"44.61","co2":"447.90"}
{"timestamp":"2025-07-12T18:46:17.918Z","pH":"6.96","conductivity":"108.71","pressure":"3.31","temperature":"27.42","fillLevel":"27.66","flow":"10.58","humidity":"38.98","co2":"432.13"}
{"timestamp":"2025-07-12T18:46:27.931Z","pH":"6.88","conductivity":"119.96","pressure":"1.73","temperature":"28.32","fillLevel":"6.57","flow":"11.25","humidity":"41.75","co2":"436.90"}
{"timestamp":"2025-07-12T18:46:37.946Z","pH":"6.20","conductivity":"107.77","pressure":"1.33","temperature":"23.30","fillLevel":"91.70","flow":"10.77","humidity":"41.24","co2":"421.96"}
{"timestamp":"2025-07-12T18:46:47.949Z","pH":"6.26","conductivity":"111.42","pressure":"4.70","temperature":"21.70","fillLevel":"79.77","flow":"12.41","humidity":"39.02","co2":"483.03"}
{"timestamp":"2025-07-12T18:46:57.963Z","pH":"6.49","conductivity":"103.96","pressure":"5.48","temperature":"30.57","fillLevel":"45.62","flow":"11.36","humidity":"32.93","co2":"418.50"}
