{"timestamp":"2025-07-12T18:49:08.051Z","pH":"7.52","conductivity":"108.14","pressure":"3.15","temperature":"21.33","fillLevel":"60.87","flow":"10.62","humidity":"36.28","co2":"409.06"}
{"timestamp":"2025-07-12T18:49:18.057Z","pH":"7.81","conductivity":"129.05","pressure":"3.14","temperature":"27.96","fillLevel":"49.99","flow":"10.28","humidity":"44.41","co2":"492.31"}
{"timestamp":"2025-07-12T18:49:28.063Z","pH":"6.97","conductivity":"127.70","pressure":"1.00","temperature":"26.87","fillLevel":"10.92","flow":"13.77","humidity":"47.81","co2":"474.36"}
{"timestamp":"2025-07-12T18:49:38.070Z","pH":"7.50","conductivity":"128.77","pressure":"2.74","temperature":"21.67","fillLevel":"91.03","flow":"10.32","humidity":"45.87","co2":"436.83"}
{"timestamp":"2025-07-12T18:49:48.077Z","pH":"6.85","conductivity":"114.69","pressure":"2.06","temperature":"26.92","fillLevel":"20.73","flow":"14.61","humidity":"49.35","co2":"477.66"}
{"timestamp":"2025-07-12T18:49:58.081Z","pH":"6.51","conductivity":"105.01","pressure":"4.29","temperature":"33.85","fillLevel":"30.29","flow":"14.76","humidity":"45.79","co2":"485.10"}
