{"timestamp":"2025-07-12T18:54:08.275Z","pH":"6.05","conductivity":"101.10","pressure":"2.47","temperature":"33.82","fillLevel":"89.08","flow":"11.41","humidity":"32.52","co2":"403.18"}
{"timestamp":"2025-07-12T18:54:18.275Z","pH":"7.81","conductivity":"133.60","pressure":"3.81","temperature":"24.00","fillLevel":"39.93","flow":"10.90","humidity":"36.45","co2":"459.73"}
{"timestamp":"2025-07-12T18:54:28.287Z","pH":"7.58","conductivity":"124.69","pressure":"4.13","temperature":"32.00","fillLevel":"4.86","flow":"13.88","humidity":"35.95","co2":"483.83"}
{"timestamp":"2025-07-12T18:54:38.304Z","pH":"7.73","conductivity":"132.42","pressure":"3.60","temperature":"26.16","fillLevel":"82.07","flow":"14.93","humidity":"46.83","co2":"451.83"}
{"timestamp":"2025-07-12T18:54:48.305Z","pH":"6.17","conductivity":"124.06","pressure":"1.79","temperature":"33.70","fillLevel":"90.91","flow":"11.38","humidity":"44.73","co2":"420.82"}
{"timestamp":"2025-07-12T18:54:58.305Z","pH":"7.64","conductivity":"126.88","pressure":"3.84","temperature":"34.32","fillLevel":"45.39","flow":"11.13","humidity":"32.81","co2":"441.40"}
