{"timestamp":"2025-07-12T21:19:07.040Z","pH":"6.02","conductivity":"115.05","pressure":"5.34","temperature":"24.73","fillLevel":"85.70","flow":"12.11","humidity":"43.06","co2":"448.35"}
{"timestamp":"2025-07-12T21:19:17.053Z","pH":"6.56","conductivity":"128.89","pressure":"1.97","temperature":"21.33","fillLevel":"31.33","flow":"10.20","humidity":"42.98","co2":"469.22"}
{"timestamp":"2025-07-12T21:19:27.066Z","pH":"7.54","conductivity":"127.80","pressure":"1.09","temperature":"30.93","fillLevel":"14.32","flow":"11.16","humidity":"43.03","co2":"499.03"}
{"timestamp":"2025-07-12T21:19:37.070Z","pH":"6.90","conductivity":"142.61","pressure":"2.24","temperature":"31.71","fillLevel":"3.51","flow":"14.84","humidity":"41.98","co2":"429.42"}
{"timestamp":"2025-07-12T21:19:47.070Z","pH":"6.94","conductivity":"132.58","pressure":"1.70","temperature":"34.84","fillLevel":"45.89","flow":"11.01","humidity":"38.05","co2":"467.63"}
{"timestamp":"2025-07-12T21:19:57.083Z","pH":"6.41","conductivity":"131.75","pressure":"1.66","temperature":"21.13","fillLevel":"44.69","flow":"14.67","humidity":"40.68","co2":"410.37"}
