{"timestamp":"2025-07-12T21:00:04.786Z","pH":"6.78","conductivity":"138.19","pressure":"1.85","temperature":"28.56","fillLevel":"43.87","flow":"14.37","humidity":"44.44","co2":"482.13"}
{"timestamp":"2025-07-12T21:00:14.795Z","pH":"6.87","conductivity":"116.31","pressure":"2.57","temperature":"20.99","fillLevel":"6.09","flow":"10.65","humidity":"37.28","co2":"489.80"}
{"timestamp":"2025-07-12T21:00:24.801Z","pH":"7.47","conductivity":"142.66","pressure":"3.11","temperature":"30.16","fillLevel":"29.69","flow":"13.12","humidity":"49.80","co2":"494.39"}
{"timestamp":"2025-07-12T21:00:34.817Z","pH":"7.43","conductivity":"126.87","pressure":"1.69","temperature":"26.91","fillLevel":"25.15","flow":"13.94","humidity":"37.75","co2":"493.26"}
{"timestamp":"2025-07-12T21:00:44.820Z","pH":"7.34","conductivity":"130.61","pressure":"2.35","temperature":"31.14","fillLevel":"23.90","flow":"11.81","humidity":"33.24","co2":"413.36"}
