{"timestamp":"2025-07-12T21:18:06.998Z","pH":"6.69","conductivity":"111.81","pressure":"1.05","temperature":"34.79","fillLevel":"43.26","flow":"11.03","humidity":"32.98","co2":"404.40"}
{"timestamp":"2025-07-12T21:18:17.003Z","pH":"6.62","conductivity":"116.57","pressure":"5.74","temperature":"29.66","fillLevel":"77.27","flow":"11.41","humidity":"43.61","co2":"424.05"}
{"timestamp":"2025-07-12T21:18:27.012Z","pH":"7.17","conductivity":"112.18","pressure":"3.74","temperature":"29.73","fillLevel":"86.61","flow":"11.02","humidity":"43.52","co2":"490.26"}
{"timestamp":"2025-07-12T21:18:37.014Z","pH":"6.22","conductivity":"137.13","pressure":"3.42","temperature":"30.98","fillLevel":"85.98","flow":"12.41","humidity":"38.51","co2":"420.51"}
{"timestamp":"2025-07-12T21:18:47.024Z","pH":"7.59","conductivity":"121.08","pressure":"1.40","temperature":"25.42","fillLevel":"21.03","flow":"11.71","humidity":"49.62","co2":"483.26"}
{"timestamp":"2025-07-12T21:18:57.037Z","pH":"6.77","conductivity":"130.25","pressure":"1.30","temperature":"21.87","fillLevel":"96.87","flow":"14.97","humidity":"34.67","co2":"476.32"}
