{"timestamp":"2025-07-12T21:13:36.782Z","pH":"6.87","conductivity":"144.58","pressure":"3.75","temperature":"30.48","fillLevel":"23.53","flow":"10.46","humidity":"34.36","co2":"430.85"}
{"timestamp":"2025-07-12T21:13:46.789Z","pH":"6.03","conductivity":"119.40","pressure":"4.26","temperature":"34.24","fillLevel":"26.65","flow":"12.32","humidity":"32.59","co2":"407.39"}
{"timestamp":"2025-07-12T21:13:56.801Z","pH":"6.00","conductivity":"122.15","pressure":"2.02","temperature":"32.85","fillLevel":"49.36","flow":"12.33","humidity":"34.85","co2":"416.26"}
