{"timestamp":"2025-07-12T21:16:06.899Z","pH":"6.46","conductivity":"125.10","pressure":"2.86","temperature":"24.73","fillLevel":"56.23","flow":"14.60","humidity":"31.51","co2":"448.16"}
{"timestamp":"2025-07-12T21:16:16.909Z","pH":"6.73","conductivity":"109.72","pressure":"5.26","temperature":"30.50","fillLevel":"74.58","flow":"13.25","humidity":"46.41","co2":"449.66"}
{"timestamp":"2025-07-12T21:16:26.913Z","pH":"7.63","conductivity":"118.00","pressure":"3.05","temperature":"23.94","fillLevel":"52.64","flow":"11.94","humidity":"39.22","co2":"412.84"}
{"timestamp":"2025-07-12T21:16:36.920Z","pH":"6.35","conductivity":"136.67","pressure":"5.53","temperature":"26.76","fillLevel":"36.11","flow":"10.48","humidity":"41.53","co2":"431.04"}
{"timestamp":"2025-07-12T21:16:46.924Z","pH":"6.97","conductivity":"132.67","pressure":"3.89","temperature":"27.27","fillLevel":"38.40","flow":"10.37","humidity":"41.43","co2":"458.20"}
{"timestamp":"2025-07-12T21:16:56.941Z","pH":"6.05","conductivity":"115.04","pressure":"4.50","temperature":"22.54","fillLevel":"98.47","flow":"12.50","humidity":"31.38","co2":"468.31"}
