{"timestamp":"2025-07-12T21:25:02.881Z","pH":"6.08","conductivity":"141.59","pressure":"5.15","temperature":"25.27","fillLevel":"41.59","flow":"14.34","humidity":"45.75","co2":"433.63"}
{"timestamp":"2025-07-12T21:25:12.882Z","pH":"7.80","conductivity":"104.59","pressure":"3.15","temperature":"21.23","fillLevel":"16.49","flow":"10.40","humidity":"30.95","co2":"466.31"}
{"timestamp":"2025-07-12T21:25:22.885Z","pH":"7.54","conductivity":"144.85","pressure":"5.08","temperature":"20.49","fillLevel":"40.24","flow":"10.19","humidity":"50.00","co2":"462.18"}
{"timestamp":"2025-07-12T21:25:32.897Z","pH":"6.76","conductivity":"122.90","pressure":"1.72","temperature":"26.13","fillLevel":"53.81","flow":"11.41","humidity":"33.94","co2":"494.64"}
{"timestamp":"2025-07-12T21:25:42.906Z","pH":"6.99","conductivity":"108.93","pressure":"1.77","temperature":"21.36","fillLevel":"5.63","flow":"13.04","humidity":"32.25","co2":"428.50"}
{"timestamp":"2025-07-12T21:25:52.914Z","pH":"7.51","conductivity":"138.19","pressure":"3.65","temperature":"31.44","fillLevel":"45.28","flow":"14.87","humidity":"41.33","co2":"468.58"}
