{"timestamp":"2025-07-12T21:20:07.096Z","pH":"7.28","conductivity":"112.62","pressure":"2.24","temperature":"24.93","fillLevel":"62.91","flow":"14.75","humidity":"43.78","co2":"439.46"}
{"timestamp":"2025-07-12T21:20:17.111Z","pH":"7.72","conductivity":"111.07","pressure":"1.68","temperature":"24.87","fillLevel":"32.25","flow":"13.92","humidity":"34.07","co2":"438.34"}
{"timestamp":"2025-07-12T21:20:27.124Z","pH":"6.77","conductivity":"128.43","pressure":"2.05","temperature":"24.29","fillLevel":"46.56","flow":"13.63","humidity":"31.45","co2":"476.96"}
{"timestamp":"2025-07-12T21:20:37.126Z","pH":"7.39","conductivity":"102.68","pressure":"3.12","temperature":"22.68","fillLevel":"89.77","flow":"14.96","humidity":"37.04","co2":"410.26"}
{"timestamp":"2025-07-12T21:20:47.129Z","pH":"6.92","conductivity":"128.95","pressure":"3.41","temperature":"33.51","fillLevel":"81.96","flow":"11.34","humidity":"32.14","co2":"423.12"}
{"timestamp":"2025-07-12T21:20:57.131Z","pH":"7.22","conductivity":"140.21","pressure":"5.87","temperature":"22.77","fillLevel":"20.05","flow":"10.82","humidity":"39.96","co2":"419.75"}
