{"timestamp":"2025-07-12T21:17:06.946Z","pH":"6.95","conductivity":"102.30","pressure":"4.38","temperature":"27.51","fillLevel":"71.12","flow":"10.58","humidity":"47.56","co2":"419.00"}
{"timestamp":"2025-07-12T21:17:16.947Z","pH":"6.46","conductivity":"133.27","pressure":"1.28","temperature":"23.21","fillLevel":"65.22","flow":"13.20","humidity":"31.81","co2":"467.40"}
{"timestamp":"2025-07-12T21:17:26.959Z","pH":"6.49","conductivity":"108.27","pressure":"1.44","temperature":"20.27","fillLevel":"13.01","flow":"14.62","humidity":"42.95","co2":"487.33"}
{"timestamp":"2025-07-12T21:17:36.966Z","pH":"6.69","conductivity":"146.32","pressure":"1.51","temperature":"22.12","fillLevel":"29.82","flow":"12.59","humidity":"47.27","co2":"400.32"}
{"timestamp":"2025-07-12T21:17:46.979Z","pH":"7.63","conductivity":"148.81","pressure":"4.55","temperature":"22.20","fillLevel":"70.37","flow":"14.46","humidity":"33.88","co2":"471.59"}
{"timestamp":"2025-07-12T21:17:56.985Z","pH":"6.50","conductivity":"141.20","pressure":"1.14","temperature":"31.18","fillLevel":"17.64","flow":"13.20","humidity":"35.15","co2":"404.60"}
