{"timestamp":"2025-07-12T21:22:07.163Z","pH":"6.80","conductivity":"128.79","pressure":"4.52","temperature":"24.57","fillLevel":"88.14","flow":"12.08","humidity":"33.52","co2":"418.87"}
{"timestamp":"2025-07-12T21:22:17.172Z","pH":"6.95","conductivity":"113.95","pressure":"4.98","temperature":"23.18","fillLevel":"74.65","flow":"10.97","humidity":"43.62","co2":"422.63"}
{"timestamp":"2025-07-12T21:22:27.183Z","pH":"6.63","conductivity":"119.78","pressure":"5.80","temperature":"22.45","fillLevel":"59.80","flow":"14.43","humidity":"35.69","co2":"426.19"}
{"timestamp":"2025-07-12T21:22:37.189Z","pH":"7.21","conductivity":"134.37","pressure":"5.36","temperature":"28.45","fillLevel":"73.02","flow":"13.18","humidity":"40.91","co2":"493.53"}
{"timestamp":"2025-07-12T21:22:47.196Z","pH":"6.67","conductivity":"129.50","pressure":"4.77","temperature":"21.91","fillLevel":"85.92","flow":"12.14","humidity":"31.26","co2":"467.83"}
{"timestamp":"2025-07-12T21:22:57.200Z","pH":"7.76","conductivity":"123.75","pressure":"1.89","temperature":"27.67","fillLevel":"17.19","flow":"11.98","humidity":"42.02","co2":"437.90"}
