{"timestamp":"2025-07-12T21:21:07.132Z","pH":"7.41","conductivity":"109.29","pressure":"2.98","temperature":"25.57","fillLevel":"19.45","flow":"14.89","humidity":"47.85","co2":"440.07"}
{"timestamp":"2025-07-12T21:21:17.132Z","pH":"7.60","conductivity":"131.36","pressure":"2.62","temperature":"31.32","fillLevel":"71.29","flow":"14.08","humidity":"31.37","co2":"476.57"}
{"timestamp":"2025-07-12T21:21:27.132Z","pH":"6.00","conductivity":"127.69","pressure":"3.33","temperature":"20.46","fillLevel":"41.68","flow":"12.33","humidity":"32.91","co2":"413.01"}
{"timestamp":"2025-07-12T21:21:37.141Z","pH":"6.32","conductivity":"110.76","pressure":"4.21","temperature":"34.53","fillLevel":"25.17","flow":"13.19","humidity":"32.03","co2":"445.24"}
{"timestamp":"2025-07-12T21:21:47.149Z","pH":"6.04","conductivity":"146.93","pressure":"3.14","temperature":"26.27","fillLevel":"17.84","flow":"14.65","humidity":"42.33","co2":"415.45"}
{"timestamp":"2025-07-12T21:21:57.149Z","pH":"7.60","conductivity":"120.28","pressure":"2.41","temperature":"22.22","fillLevel":"94.19","flow":"12.90","humidity":"32.51","co2":"482.33"}
