{"timestamp":"2025-07-12T21:23:07.213Z","pH":"6.31","conductivity":"142.76","pressure":"4.32","temperature":"21.30","fillLevel":"26.79","flow":"14.52","humidity":"42.96","co2":"478.34"}
{"timestamp":"2025-07-12T21:23:17.215Z","pH":"7.18","conductivity":"133.60","pressure":"1.65","temperature":"30.19","fillLevel":"92.51","flow":"12.90","humidity":"48.61","co2":"467.02"}
{"timestamp":"2025-07-12T21:23:27.225Z","pH":"7.74","conductivity":"108.69","pressure":"1.58","temperature":"33.81","fillLevel":"80.78","flow":"13.16","humidity":"38.90","co2":"460.68"}
{"timestamp":"2025-07-12T21:23:37.240Z","pH":"6.14","conductivity":"123.10","pressure":"4.30","temperature":"21.79","fillLevel":"47.74","flow":"12.34","humidity":"31.47","co2":"410.96"}
{"timestamp":"2025-07-12T21:23:52.812Z","pH":"7.16","conductivity":"143.25","pressure":"1.19","temperature":"20.46","fillLevel":"87.49","flow":"13.51","humidity":"43.85","co2":"408.49"}
