{"timestamp":"2025-07-12T21:14:06.814Z","pH":"6.79","conductivity":"121.75","pressure":"1.94","temperature":"28.99","fillLevel":"46.75","flow":"12.82","humidity":"41.25","co2":"416.85"}
{"timestamp":"2025-07-12T21:14:16.828Z","pH":"7.60","conductivity":"116.00","pressure":"4.05","temperature":"23.13","fillLevel":"35.34","flow":"11.40","humidity":"46.45","co2":"477.34"}
{"timestamp":"2025-07-12T21:14:26.828Z","pH":"6.68","conductivity":"146.58","pressure":"2.60","temperature":"25.91","fillLevel":"13.56","flow":"12.14","humidity":"33.93","co2":"491.85"}
{"timestamp":"2025-07-12T21:14:36.839Z","pH":"6.93","conductivity":"140.69","pressure":"2.38","temperature":"21.67","fillLevel":"53.33","flow":"11.36","humidity":"37.70","co2":"468.01"}
{"timestamp":"2025-07-12T21:14:46.844Z","pH":"7.45","conductivity":"103.27","pressure":"4.67","temperature":"25.04","fillLevel":"43.28","flow":"14.79","humidity":"48.15","co2":"462.55"}
{"timestamp":"2025-07-12T21:14:56.849Z","pH":"6.36","conductivity":"146.60","pressure":"2.76","temperature":"31.17","fillLevel":"73.17","flow":"11.07","humidity":"35.62","co2":"481.36"}
