{"timestamp":"2025-07-12T21:15:06.854Z","pH":"6.75","conductivity":"124.58","pressure":"5.69","temperature":"29.67","fillLevel":"3.61","flow":"14.84","humidity":"36.17","co2":"492.31"}
{"timestamp":"2025-07-12T21:15:16.867Z","pH":"7.08","conductivity":"137.14","pressure":"3.79","temperature":"22.40","fillLevel":"25.58","flow":"13.36","humidity":"31.57","co2":"440.89"}
{"timestamp":"2025-07-12T21:15:26.869Z","pH":"6.13","conductivity":"132.87","pressure":"4.02","temperature":"30.95","fillLevel":"79.26","flow":"13.55","humidity":"40.52","co2":"494.42"}
{"timestamp":"2025-07-12T21:15:36.874Z","pH":"7.44","conductivity":"121.57","pressure":"3.74","temperature":"21.82","fillLevel":"77.95","flow":"13.01","humidity":"30.90","co2":"420.55"}
{"timestamp":"2025-07-12T21:15:46.880Z","pH":"6.18","conductivity":"101.00","pressure":"1.97","temperature":"20.41","fillLevel":"63.71","flow":"11.30","humidity":"32.82","co2":"469.57"}
{"timestamp":"2025-07-12T21:15:56.887Z","pH":"6.03","conductivity":"104.50","pressure":"6.00","temperature":"32.10","fillLevel":"99.37","flow":"11.38","humidity":"30.73","co2":"458.86"}
