{"timestamp":"2025-07-12T21:27:02.949Z","pH":"7.64","conductivity":"121.36","pressure":"1.65","temperature":"23.87","fillLevel":"52.95","flow":"14.31","humidity":"34.48","co2":"475.54"}
{"timestamp":"2025-07-12T21:27:12.951Z","pH":"6.25","conductivity":"124.12","pressure":"4.89","temperature":"28.56","fillLevel":"32.13","flow":"14.86","humidity":"37.40","co2":"482.94"}
{"timestamp":"2025-07-12T21:27:22.961Z","pH":"6.16","conductivity":"102.33","pressure":"4.09","temperature":"24.55","fillLevel":"51.58","flow":"11.42","humidity":"34.79","co2":"400.51"}
{"timestamp":"2025-07-12T21:27:32.969Z","pH":"7.54","conductivity":"112.46","pressure":"1.43","temperature":"31.07","fillLevel":"85.75","flow":"13.69","humidity":"49.92","co2":"401.73"}
{"timestamp":"2025-07-12T21:27:42.981Z","pH":"6.62","conductivity":"134.43","pressure":"3.13","temperature":"31.34","fillLevel":"9.64","flow":"12.69","humidity":"45.51","co2":"444.86"}
{"timestamp":"2025-07-12T21:27:52.996Z","pH":"6.26","conductivity":"141.53","pressure":"1.22","temperature":"22.15","fillLevel":"47.53","flow":"11.59","humidity":"37.97","co2":"434.91"}
