{"timestamp":"2025-07-12T21:26:02.924Z","pH":"7.32","conductivity":"130.89","pressure":"1.99","temperature":"32.06","fillLevel":"40.16","flow":"12.21","humidity":"35.08","co2":"453.67"}
{"timestamp":"2025-07-12T21:26:12.933Z","pH":"6.31","conductivity":"121.03","pressure":"5.62","temperature":"25.53","fillLevel":"10.39","flow":"10.73","humidity":"44.51","co2":"436.67"}
{"timestamp":"2025-07-12T21:26:22.934Z","pH":"7.69","conductivity":"140.35","pressure":"5.11","temperature":"29.11","fillLevel":"4.51","flow":"14.46","humidity":"40.82","co2":"402.12"}
{"timestamp":"2025-07-12T21:26:32.938Z","pH":"7.97","conductivity":"104.72","pressure":"4.19","temperature":"24.32","fillLevel":"67.95","flow":"14.83","humidity":"43.85","co2":"401.10"}
{"timestamp":"2025-07-12T21:26:42.944Z","pH":"6.20","conductivity":"147.04","pressure":"3.26","temperature":"32.60","fillLevel":"83.79","flow":"14.14","humidity":"39.87","co2":"406.27"}
{"timestamp":"2025-07-12T21:26:52.946Z","pH":"7.81","conductivity":"140.95","pressure":"2.39","temperature":"31.22","fillLevel":"39.23","flow":"12.83","humidity":"30.92","co2":"497.48"}
