{"timestamp":"2025-07-12T21:24:02.816Z","pH":"7.21","conductivity":"131.75","pressure":"4.16","temperature":"24.58","fillLevel":"54.65","flow":"14.68","humidity":"40.15","co2":"459.99"}
{"timestamp":"2025-07-12T21:24:12.824Z","pH":"6.78","conductivity":"114.96","pressure":"2.34","temperature":"21.18","fillLevel":"86.98","flow":"12.14","humidity":"32.86","co2":"413.83"}
{"timestamp":"2025-07-12T21:24:22.835Z","pH":"6.91","conductivity":"137.09","pressure":"5.35","temperature":"25.78","fillLevel":"33.59","flow":"13.02","humidity":"42.87","co2":"478.68"}
{"timestamp":"2025-07-12T21:24:32.847Z","pH":"7.09","conductivity":"102.87","pressure":"1.22","temperature":"22.96","fillLevel":"70.09","flow":"13.58","humidity":"38.23","co2":"478.04"}
{"timestamp":"2025-07-12T21:24:42.863Z","pH":"6.85","conductivity":"117.01","pressure":"4.02","temperature":"31.38","fillLevel":"62.34","flow":"10.15","humidity":"43.86","co2":"459.56"}
{"timestamp":"2025-07-12T21:24:52.875Z","pH":"6.63","conductivity":"142.06","pressure":"3.71","temperature":"25.21","fillLevel":"26.88","flow":"13.53","humidity":"42.89","co2":"472.03"}
