{"timestamp":"2025-07-12T20:58:04.690Z","pH":"7.67","conductivity":"125.06","pressure":"3.99","temperature":"20.25","fillLevel":"21.58","flow":"10.90","humidity":"36.99","co2":"475.59"}
{"timestamp":"2025-07-12T20:58:14.695Z","pH":"7.76","conductivity":"103.49","pressure":"5.42","temperature":"25.00","fillLevel":"65.62","flow":"10.65","humidity":"48.93","co2":"445.04"}
{"timestamp":"2025-07-12T20:58:24.709Z","pH":"6.67","conductivity":"100.37","pressure":"1.39","temperature":"30.77","fillLevel":"46.35","flow":"11.29","humidity":"35.04","co2":"411.96"}
{"timestamp":"2025-07-12T20:58:34.718Z","pH":"7.65","conductivity":"128.76","pressure":"5.52","temperature":"20.30","fillLevel":"43.68","flow":"11.10","humidity":"46.86","co2":"455.45"}
{"timestamp":"2025-07-12T20:58:44.728Z","pH":"6.64","conductivity":"133.85","pressure":"1.74","temperature":"23.08","fillLevel":"23.16","flow":"11.45","humidity":"34.53","co2":"483.07"}
{"timestamp":"2025-07-12T20:58:54.732Z","pH":"7.27","conductivity":"124.70","pressure":"5.46","temperature":"22.49","fillLevel":"78.36","flow":"13.26","humidity":"30.51","co2":"429.97"}
