{"timestamp":"2025-07-12T20:33:03.607Z","pH":"6.61","conductivity":"109.81","pressure":"5.14","temperature":"21.92","fillLevel":"41.93","flow":"10.95","humidity":"49.63","co2":"490.77"}
{"timestamp":"2025-07-12T20:33:13.607Z","pH":"6.89","conductivity":"130.68","pressure":"5.24","temperature":"20.24","fillLevel":"70.93","flow":"12.20","humidity":"30.63","co2":"401.10"}
{"timestamp":"2025-07-12T20:33:23.612Z","pH":"7.18","conductivity":"111.40","pressure":"2.23","temperature":"32.07","fillLevel":"76.18","flow":"11.38","humidity":"49.52","co2":"409.60"}
{"timestamp":"2025-07-12T20:33:33.622Z","pH":"6.36","conductivity":"129.36","pressure":"5.43","temperature":"24.62","fillLevel":"43.53","flow":"10.39","humidity":"38.16","co2":"475.50"}
{"timestamp":"2025-07-12T20:33:43.626Z","pH":"6.26","conductivity":"121.26","pressure":"1.35","temperature":"30.61","fillLevel":"42.23","flow":"12.74","humidity":"43.64","co2":"491.15"}
{"timestamp":"2025-07-12T20:33:53.627Z","pH":"7.43","conductivity":"112.80","pressure":"5.95","temperature":"30.03","fillLevel":"54.04","flow":"12.77","humidity":"42.92","co2":"435.09"}
