{"timestamp":"2025-07-12T20:32:03.572Z","pH":"7.62","conductivity":"111.45","pressure":"4.11","temperature":"22.13","fillLevel":"1.69","flow":"14.52","humidity":"41.89","co2":"456.70"}
{"timestamp":"2025-07-12T20:32:13.581Z","pH":"7.31","conductivity":"107.85","pressure":"4.41","temperature":"21.16","fillLevel":"22.71","flow":"10.41","humidity":"45.86","co2":"491.71"}
{"timestamp":"2025-07-12T20:32:23.583Z","pH":"6.74","conductivity":"107.77","pressure":"3.79","temperature":"34.70","fillLevel":"56.61","flow":"12.38","humidity":"47.37","co2":"430.00"}
{"timestamp":"2025-07-12T20:32:33.591Z","pH":"6.31","conductivity":"117.18","pressure":"5.98","temperature":"28.49","fillLevel":"23.95","flow":"14.61","humidity":"42.05","co2":"439.41"}
{"timestamp":"2025-07-12T20:32:43.604Z","pH":"7.34","conductivity":"134.17","pressure":"2.02","temperature":"23.27","fillLevel":"78.32","flow":"11.87","humidity":"35.22","co2":"427.84"}
{"timestamp":"2025-07-12T20:32:53.606Z","pH":"7.68","conductivity":"131.66","pressure":"1.05","temperature":"31.67","fillLevel":"95.96","flow":"13.25","humidity":"45.88","co2":"410.41"}
