{"timestamp":"2025-07-12T20:05:04.039Z","pH":"7.48","conductivity":"124.97","pressure":"1.42","temperature":"30.66","fillLevel":"16.47","flow":"13.19","humidity":"40.32","co2":"454.89"}
{"timestamp":"2025-07-12T20:05:14.039Z","pH":"6.29","conductivity":"119.07","pressure":"1.96","temperature":"32.45","fillLevel":"4.22","flow":"13.10","humidity":"39.07","co2":"473.33"}
{"timestamp":"2025-07-12T20:05:24.043Z","pH":"7.24","conductivity":"139.76","pressure":"2.22","temperature":"29.63","fillLevel":"43.33","flow":"13.64","humidity":"39.63","co2":"461.32"}
{"timestamp":"2025-07-12T20:05:34.054Z","pH":"6.36","conductivity":"149.88","pressure":"3.12","temperature":"27.84","fillLevel":"25.22","flow":"13.43","humidity":"34.86","co2":"466.35"}
{"timestamp":"2025-07-12T20:05:44.065Z","pH":"6.16","conductivity":"139.26","pressure":"4.97","temperature":"29.23","fillLevel":"52.00","flow":"14.93","humidity":"34.64","co2":"420.36"}
{"timestamp":"2025-07-12T20:05:54.079Z","pH":"6.83","conductivity":"145.56","pressure":"5.41","temperature":"31.02","fillLevel":"21.14","flow":"14.71","humidity":"35.57","co2":"411.21"}
