{"timestamp":"2025-07-12T20:13:04.265Z","pH":"7.33","conductivity":"127.20","pressure":"4.15","temperature":"20.84","fillLevel":"92.76","flow":"14.98","humidity":"47.31","co2":"415.96"}
{"timestamp":"2025-07-12T20:13:14.276Z","pH":"7.50","conductivity":"132.90","pressure":"4.35","temperature":"26.01","fillLevel":"50.82","flow":"13.03","humidity":"44.59","co2":"493.11"}
{"timestamp":"2025-07-12T20:13:24.312Z","pH":"7.91","conductivity":"126.79","pressure":"1.33","temperature":"28.94","fillLevel":"79.16","flow":"11.45","humidity":"38.17","co2":"413.56"}
