{"timestamp":"2025-07-12T20:49:04.307Z","pH":"7.56","conductivity":"133.77","pressure":"4.16","temperature":"21.93","fillLevel":"55.34","flow":"13.68","humidity":"37.25","co2":"476.56"}
{"timestamp":"2025-07-12T20:49:14.320Z","pH":"7.96","conductivity":"138.01","pressure":"2.96","temperature":"31.03","fillLevel":"93.13","flow":"14.27","humidity":"47.10","co2":"421.94"}
{"timestamp":"2025-07-12T20:49:24.323Z","pH":"6.70","conductivity":"121.91","pressure":"5.76","temperature":"22.11","fillLevel":"42.96","flow":"14.85","humidity":"37.84","co2":"455.18"}
{"timestamp":"2025-07-12T20:49:34.332Z","pH":"6.17","conductivity":"123.89","pressure":"3.73","temperature":"27.46","fillLevel":"81.17","flow":"12.66","humidity":"31.25","co2":"484.12"}
{"timestamp":"2025-07-12T20:49:44.339Z","pH":"7.09","conductivity":"137.38","pressure":"3.50","temperature":"26.32","fillLevel":"91.46","flow":"13.28","humidity":"40.76","co2":"405.45"}
{"timestamp":"2025-07-12T20:49:54.347Z","pH":"6.54","conductivity":"123.97","pressure":"4.97","temperature":"31.44","fillLevel":"40.10","flow":"13.30","humidity":"32.17","co2":"445.25"}
