{"timestamp":"2025-07-12T20:12:04.225Z","pH":"6.47","conductivity":"103.54","pressure":"2.23","temperature":"34.58","fillLevel":"67.72","flow":"12.90","humidity":"39.35","co2":"456.98"}
{"timestamp":"2025-07-12T20:12:14.227Z","pH":"6.55","conductivity":"124.41","pressure":"5.13","temperature":"31.71","fillLevel":"81.78","flow":"14.93","humidity":"44.56","co2":"492.49"}
{"timestamp":"2025-07-12T20:12:24.241Z","pH":"6.29","conductivity":"105.09","pressure":"3.49","temperature":"26.99","fillLevel":"70.16","flow":"10.25","humidity":"40.43","co2":"494.31"}
{"timestamp":"2025-07-12T20:12:34.251Z","pH":"7.90","conductivity":"130.52","pressure":"1.75","temperature":"28.75","fillLevel":"35.18","flow":"10.93","humidity":"48.29","co2":"414.97"}
{"timestamp":"2025-07-12T20:12:44.252Z","pH":"6.28","conductivity":"145.80","pressure":"2.92","temperature":"31.43","fillLevel":"56.17","flow":"11.12","humidity":"48.68","co2":"435.24"}
{"timestamp":"2025-07-12T20:12:54.264Z","pH":"6.33","conductivity":"149.13","pressure":"3.30","temperature":"21.40","fillLevel":"22.62","flow":"13.99","humidity":"40.28","co2":"437.76"}
