{"timestamp":"2025-07-12T20:35:03.679Z","pH":"6.54","conductivity":"115.29","pressure":"2.32","temperature":"26.71","fillLevel":"5.98","flow":"10.83","humidity":"40.15","co2":"475.99"}
{"timestamp":"2025-07-12T20:35:13.682Z","pH":"7.53","conductivity":"143.05","pressure":"4.88","temperature":"21.91","fillLevel":"39.94","flow":"10.73","humidity":"31.17","co2":"405.54"}
{"timestamp":"2025-07-12T20:35:23.691Z","pH":"7.95","conductivity":"108.89","pressure":"4.04","temperature":"26.91","fillLevel":"24.26","flow":"10.45","humidity":"40.63","co2":"495.92"}
{"timestamp":"2025-07-12T20:35:33.704Z","pH":"7.19","conductivity":"105.35","pressure":"3.43","temperature":"34.98","fillLevel":"32.36","flow":"14.86","humidity":"45.87","co2":"453.43"}
{"timestamp":"2025-07-12T20:35:43.710Z","pH":"6.51","conductivity":"107.76","pressure":"2.23","temperature":"22.95","fillLevel":"28.07","flow":"10.62","humidity":"38.40","co2":"411.14"}
{"timestamp":"2025-07-12T20:35:53.712Z","pH":"6.83","conductivity":"123.50","pressure":"2.63","temperature":"23.06","fillLevel":"66.24","flow":"12.23","humidity":"31.50","co2":"447.97"}
