{"timestamp":"2025-07-12T20:09:04.067Z","pH":"7.84","conductivity":"128.27","pressure":"5.07","temperature":"25.73","fillLevel":"80.60","flow":"12.60","humidity":"36.45","co2":"491.60"}
{"timestamp":"2025-07-12T20:09:14.075Z","pH":"6.71","conductivity":"144.44","pressure":"4.47","temperature":"29.10","fillLevel":"81.84","flow":"11.99","humidity":"40.93","co2":"464.66"}
{"timestamp":"2025-07-12T20:09:24.085Z","pH":"6.81","conductivity":"120.25","pressure":"2.18","temperature":"31.88","fillLevel":"69.70","flow":"12.49","humidity":"42.27","co2":"438.06"}
{"timestamp":"2025-07-12T20:09:34.087Z","pH":"7.39","conductivity":"107.16","pressure":"4.13","temperature":"21.31","fillLevel":"34.05","flow":"14.75","humidity":"42.62","co2":"475.88"}
{"timestamp":"2025-07-12T20:09:44.098Z","pH":"7.45","conductivity":"120.36","pressure":"3.56","temperature":"31.03","fillLevel":"46.13","flow":"13.23","humidity":"39.45","co2":"479.36"}
{"timestamp":"2025-07-12T20:09:54.112Z","pH":"6.25","conductivity":"115.02","pressure":"3.34","temperature":"30.14","fillLevel":"58.40","flow":"12.62","humidity":"40.46","co2":"472.32"}
