{"timestamp":"2025-07-12T20:29:03.393Z","pH":"7.21","conductivity":"108.64","pressure":"3.39","temperature":"26.34","fillLevel":"94.71","flow":"14.45","humidity":"42.73","co2":"479.06"}
{"timestamp":"2025-07-12T20:29:13.407Z","pH":"7.22","conductivity":"103.55","pressure":"2.63","temperature":"29.56","fillLevel":"69.72","flow":"13.26","humidity":"49.59","co2":"433.08"}
{"timestamp":"2025-07-12T20:29:23.412Z","pH":"7.97","conductivity":"133.21","pressure":"4.33","temperature":"20.74","fillLevel":"90.52","flow":"10.76","humidity":"45.10","co2":"436.20"}
{"timestamp":"2025-07-12T20:29:33.421Z","pH":"7.32","conductivity":"113.78","pressure":"2.06","temperature":"24.31","fillLevel":"20.22","flow":"11.31","humidity":"44.58","co2":"461.63"}
{"timestamp":"2025-07-12T20:29:43.425Z","pH":"6.37","conductivity":"117.87","pressure":"3.32","temperature":"23.75","fillLevel":"44.04","flow":"10.52","humidity":"44.01","co2":"477.60"}
{"timestamp":"2025-07-12T20:29:53.440Z","pH":"6.80","conductivity":"136.56","pressure":"3.21","temperature":"20.15","fillLevel":"37.82","flow":"13.12","humidity":"43.12","co2":"491.88"}
