{"timestamp":"2025-07-12T20:52:04.433Z","pH":"6.65","conductivity":"141.52","pressure":"5.29","temperature":"25.28","fillLevel":"35.89","flow":"10.32","humidity":"45.63","co2":"495.03"}
{"timestamp":"2025-07-12T20:52:14.440Z","pH":"7.57","conductivity":"134.76","pressure":"4.38","temperature":"31.02","fillLevel":"24.83","flow":"14.75","humidity":"42.21","co2":"450.01"}
{"timestamp":"2025-07-12T20:52:24.441Z","pH":"7.27","conductivity":"146.86","pressure":"4.55","temperature":"29.94","fillLevel":"26.58","flow":"10.73","humidity":"49.90","co2":"480.66"}
{"timestamp":"2025-07-12T20:52:34.449Z","pH":"6.73","conductivity":"109.18","pressure":"1.57","temperature":"27.54","fillLevel":"81.65","flow":"14.31","humidity":"39.35","co2":"439.65"}
{"timestamp":"2025-07-12T20:52:44.454Z","pH":"7.09","conductivity":"110.54","pressure":"3.16","temperature":"26.02","fillLevel":"64.49","flow":"11.44","humidity":"40.45","co2":"447.00"}
{"timestamp":"2025-07-12T20:52:54.455Z","pH":"6.21","conductivity":"128.82","pressure":"5.86","temperature":"32.48","fillLevel":"46.11","flow":"14.66","humidity":"37.21","co2":"489.19"}
