{"timestamp":"2025-07-12T20:51:04.389Z","pH":"6.10","conductivity":"146.12","pressure":"4.51","temperature":"20.67","fillLevel":"73.18","flow":"13.93","humidity":"46.90","co2":"408.35"}
{"timestamp":"2025-07-12T20:51:14.391Z","pH":"6.75","conductivity":"140.49","pressure":"5.05","temperature":"21.30","fillLevel":"28.02","flow":"13.98","humidity":"40.20","co2":"446.40"}
{"timestamp":"2025-07-12T20:51:24.401Z","pH":"7.42","conductivity":"143.61","pressure":"1.34","temperature":"31.91","fillLevel":"13.16","flow":"13.31","humidity":"43.41","co2":"413.59"}
{"timestamp":"2025-07-12T20:51:34.416Z","pH":"7.12","conductivity":"148.02","pressure":"3.00","temperature":"29.71","fillLevel":"50.95","flow":"13.41","humidity":"48.66","co2":"467.16"}
{"timestamp":"2025-07-12T20:51:44.417Z","pH":"7.41","conductivity":"113.61","pressure":"5.64","temperature":"24.23","fillLevel":"74.33","flow":"14.93","humidity":"31.03","co2":"446.31"}
{"timestamp":"2025-07-12T20:51:54.425Z","pH":"6.67","conductivity":"126.48","pressure":"5.47","temperature":"21.63","fillLevel":"98.62","flow":"14.92","humidity":"30.52","co2":"441.21"}
