{"timestamp":"2025-07-12T20:10:04.126Z","pH":"7.65","conductivity":"118.94","pressure":"2.42","temperature":"33.43","fillLevel":"18.44","flow":"14.73","humidity":"31.10","co2":"414.01"}
{"timestamp":"2025-07-12T20:10:14.133Z","pH":"7.06","conductivity":"129.53","pressure":"5.11","temperature":"30.37","fillLevel":"33.82","flow":"11.47","humidity":"32.43","co2":"434.04"}
{"timestamp":"2025-07-12T20:10:24.148Z","pH":"6.51","conductivity":"116.66","pressure":"4.74","temperature":"20.88","fillLevel":"0.77","flow":"11.99","humidity":"45.05","co2":"443.98"}
{"timestamp":"2025-07-12T20:10:34.162Z","pH":"6.04","conductivity":"130.15","pressure":"4.03","temperature":"31.56","fillLevel":"46.17","flow":"14.57","humidity":"48.34","co2":"414.04"}
{"timestamp":"2025-07-12T20:10:44.168Z","pH":"6.59","conductivity":"144.07","pressure":"1.43","temperature":"33.79","fillLevel":"27.23","flow":"14.74","humidity":"45.83","co2":"429.20"}
{"timestamp":"2025-07-12T20:10:54.169Z","pH":"6.77","conductivity":"146.87","pressure":"5.44","temperature":"25.98","fillLevel":"61.74","flow":"13.48","humidity":"34.23","co2":"469.23"}
