{"timestamp":"2025-07-12T20:37:03.761Z","pH":"6.39","conductivity":"101.55","pressure":"1.19","temperature":"34.67","fillLevel":"74.34","flow":"14.86","humidity":"38.37","co2":"482.53"}
{"timestamp":"2025-07-12T20:37:13.763Z","pH":"7.80","conductivity":"132.02","pressure":"3.33","temperature":"21.65","fillLevel":"88.81","flow":"10.48","humidity":"42.73","co2":"425.74"}
{"timestamp":"2025-07-12T20:37:23.768Z","pH":"7.61","conductivity":"135.73","pressure":"1.82","temperature":"20.08","fillLevel":"78.50","flow":"14.93","humidity":"41.57","co2":"484.56"}
{"timestamp":"2025-07-12T20:37:33.769Z","pH":"6.14","conductivity":"105.63","pressure":"2.00","temperature":"34.48","fillLevel":"17.10","flow":"10.76","humidity":"43.38","co2":"487.87"}
{"timestamp":"2025-07-12T20:37:43.776Z","pH":"7.82","conductivity":"142.79","pressure":"4.22","temperature":"25.28","fillLevel":"9.30","flow":"14.44","humidity":"36.72","co2":"467.31"}
{"timestamp":"2025-07-12T20:37:53.785Z","pH":"7.83","conductivity":"129.32","pressure":"1.88","temperature":"27.04","fillLevel":"60.74","flow":"10.32","humidity":"44.09","co2":"429.04"}
