{"timestamp":"2025-07-12T20:46:04.159Z","pH":"6.52","conductivity":"140.40","pressure":"2.05","temperature":"29.08","fillLevel":"95.08","flow":"10.35","humidity":"47.10","co2":"486.92"}
{"timestamp":"2025-07-12T20:46:14.172Z","pH":"7.45","conductivity":"139.59","pressure":"4.80","temperature":"21.94","fillLevel":"34.43","flow":"14.11","humidity":"30.89","co2":"493.63"}
{"timestamp":"2025-07-12T20:46:24.181Z","pH":"7.08","conductivity":"105.15","pressure":"1.70","temperature":"27.82","fillLevel":"67.02","flow":"12.91","humidity":"46.14","co2":"463.23"}
{"timestamp":"2025-07-12T20:46:34.196Z","pH":"6.18","conductivity":"141.22","pressure":"1.36","temperature":"31.16","fillLevel":"91.35","flow":"13.81","humidity":"38.61","co2":"412.70"}
{"timestamp":"2025-07-12T20:46:44.207Z","pH":"7.27","conductivity":"114.65","pressure":"5.89","temperature":"22.07","fillLevel":"45.79","flow":"11.77","humidity":"39.15","co2":"446.44"}
{"timestamp":"2025-07-12T20:46:54.213Z","pH":"6.67","conductivity":"102.82","pressure":"4.18","temperature":"26.58","fillLevel":"47.02","flow":"14.76","humidity":"39.26","co2":"494.89"}
