{"timestamp":"2025-07-12T20:34:03.641Z","pH":"7.07","conductivity":"128.83","pressure":"4.41","temperature":"20.31","fillLevel":"50.29","flow":"13.53","humidity":"44.73","co2":"441.46"}
{"timestamp":"2025-07-12T20:34:13.653Z","pH":"7.39","conductivity":"116.55","pressure":"4.28","temperature":"31.83","fillLevel":"86.55","flow":"13.75","humidity":"30.11","co2":"406.00"}
{"timestamp":"2025-07-12T20:34:23.663Z","pH":"7.61","conductivity":"129.89","pressure":"4.81","temperature":"22.41","fillLevel":"99.39","flow":"12.99","humidity":"30.17","co2":"401.18"}
{"timestamp":"2025-07-12T20:34:33.664Z","pH":"7.51","conductivity":"102.33","pressure":"5.18","temperature":"27.37","fillLevel":"13.64","flow":"10.96","humidity":"34.37","co2":"436.61"}
{"timestamp":"2025-07-12T20:34:43.664Z","pH":"7.13","conductivity":"112.72","pressure":"3.77","temperature":"28.13","fillLevel":"63.91","flow":"12.14","humidity":"43.85","co2":"437.50"}
{"timestamp":"2025-07-12T20:34:53.677Z","pH":"6.30","conductivity":"149.50","pressure":"2.67","temperature":"25.50","fillLevel":"85.42","flow":"14.67","humidity":"49.89","co2":"436.06"}
