{"timestamp":"2025-07-12T20:06:04.092Z","pH":"7.62","conductivity":"113.91","pressure":"5.72","temperature":"30.09","fillLevel":"28.49","flow":"10.08","humidity":"41.20","co2":"494.50"}
{"timestamp":"2025-07-12T20:06:14.101Z","pH":"6.15","conductivity":"146.72","pressure":"1.16","temperature":"23.85","fillLevel":"61.65","flow":"12.44","humidity":"46.13","co2":"451.89"}
{"timestamp":"2025-07-12T20:06:24.103Z","pH":"6.17","conductivity":"108.42","pressure":"5.39","temperature":"30.31","fillLevel":"1.01","flow":"13.48","humidity":"33.21","co2":"496.11"}
{"timestamp":"2025-07-12T20:06:34.113Z","pH":"6.85","conductivity":"106.24","pressure":"4.86","temperature":"22.75","fillLevel":"49.58","flow":"14.05","humidity":"42.01","co2":"432.13"}
{"timestamp":"2025-07-12T20:06:44.116Z","pH":"7.57","conductivity":"144.57","pressure":"1.91","temperature":"31.32","fillLevel":"20.48","flow":"14.80","humidity":"33.07","co2":"439.74"}
{"timestamp":"2025-07-12T20:06:54.123Z","pH":"7.48","conductivity":"136.37","pressure":"4.52","temperature":"20.09","fillLevel":"67.08","flow":"11.71","humidity":"34.39","co2":"498.25"}
