{"timestamp":"2025-07-12T20:27:03.320Z","pH":"7.86","conductivity":"118.66","pressure":"3.30","temperature":"21.16","fillLevel":"0.30","flow":"12.64","humidity":"46.11","co2":"472.32"}
{"timestamp":"2025-07-12T20:27:13.323Z","pH":"7.80","conductivity":"139.08","pressure":"4.91","temperature":"23.36","fillLevel":"52.63","flow":"12.09","humidity":"31.79","co2":"419.53"}
{"timestamp":"2025-07-12T20:27:23.331Z","pH":"6.86","conductivity":"124.45","pressure":"5.71","temperature":"28.52","fillLevel":"92.19","flow":"13.40","humidity":"38.53","co2":"484.41"}
{"timestamp":"2025-07-12T20:27:33.335Z","pH":"7.89","conductivity":"137.96","pressure":"1.99","temperature":"29.71","fillLevel":"8.04","flow":"13.56","humidity":"42.83","co2":"459.26"}
{"timestamp":"2025-07-12T20:27:43.336Z","pH":"6.34","conductivity":"101.44","pressure":"2.31","temperature":"24.77","fillLevel":"38.80","flow":"11.74","humidity":"49.94","co2":"406.47"}
{"timestamp":"2025-07-12T20:27:53.344Z","pH":"6.05","conductivity":"140.89","pressure":"5.73","temperature":"34.05","fillLevel":"97.50","flow":"10.36","humidity":"40.32","co2":"404.47"}
