{"timestamp":"2025-07-12T20:43:04.030Z","pH":"6.24","conductivity":"124.42","pressure":"4.73","temperature":"33.75","fillLevel":"9.14","flow":"10.76","humidity":"41.84","co2":"422.53"}
{"timestamp":"2025-07-12T20:43:14.039Z","pH":"6.42","conductivity":"125.77","pressure":"2.09","temperature":"30.23","fillLevel":"40.78","flow":"14.76","humidity":"39.57","co2":"429.93"}
{"timestamp":"2025-07-12T20:43:24.051Z","pH":"6.59","conductivity":"141.81","pressure":"1.42","temperature":"26.21","fillLevel":"36.46","flow":"13.28","humidity":"44.03","co2":"478.14"}
{"timestamp":"2025-07-12T20:43:34.058Z","pH":"6.62","conductivity":"130.75","pressure":"4.38","temperature":"24.53","fillLevel":"28.89","flow":"14.27","humidity":"30.85","co2":"467.95"}
{"timestamp":"2025-07-12T20:43:44.064Z","pH":"7.33","conductivity":"145.04","pressure":"2.28","temperature":"34.14","fillLevel":"92.97","flow":"11.19","humidity":"31.39","co2":"475.25"}
{"timestamp":"2025-07-12T20:43:54.077Z","pH":"6.97","conductivity":"144.15","pressure":"3.34","temperature":"27.87","fillLevel":"80.64","flow":"13.72","humidity":"38.81","co2":"431.51"}
