{"timestamp":"2025-07-12T20:45:04.127Z","pH":"7.29","conductivity":"147.37","pressure":"1.02","temperature":"23.08","fillLevel":"64.18","flow":"12.62","humidity":"32.44","co2":"443.43"}
{"timestamp":"2025-07-12T20:45:14.133Z","pH":"6.80","conductivity":"125.53","pressure":"5.19","temperature":"20.18","fillLevel":"29.43","flow":"10.83","humidity":"44.65","co2":"407.12"}
{"timestamp":"2025-07-12T20:45:24.138Z","pH":"7.63","conductivity":"113.12","pressure":"2.24","temperature":"29.60","fillLevel":"47.74","flow":"11.99","humidity":"46.90","co2":"488.61"}
{"timestamp":"2025-07-12T20:45:34.146Z","pH":"7.63","conductivity":"130.33","pressure":"2.50","temperature":"28.21","fillLevel":"1.91","flow":"10.17","humidity":"48.53","co2":"408.58"}
{"timestamp":"2025-07-12T20:45:44.149Z","pH":"7.49","conductivity":"110.55","pressure":"3.94","temperature":"32.09","fillLevel":"48.19","flow":"14.10","humidity":"33.94","co2":"442.10"}
{"timestamp":"2025-07-12T20:45:54.153Z","pH":"6.10","conductivity":"140.44","pressure":"5.08","temperature":"24.98","fillLevel":"82.46","flow":"11.14","humidity":"37.69","co2":"462.09"}
