{"timestamp":"2025-07-12T20:28:03.357Z","pH":"7.61","conductivity":"115.49","pressure":"3.87","temperature":"23.05","fillLevel":"34.35","flow":"12.19","humidity":"40.24","co2":"413.70"}
{"timestamp":"2025-07-12T20:28:13.368Z","pH":"7.18","conductivity":"108.02","pressure":"3.53","temperature":"30.91","fillLevel":"4.51","flow":"11.60","humidity":"32.09","co2":"452.50"}
{"timestamp":"2025-07-12T20:28:23.369Z","pH":"7.64","conductivity":"113.31","pressure":"5.05","temperature":"26.12","fillLevel":"87.54","flow":"13.75","humidity":"41.58","co2":"466.94"}
{"timestamp":"2025-07-12T20:28:33.370Z","pH":"6.35","conductivity":"129.24","pressure":"1.70","temperature":"23.24","fillLevel":"53.52","flow":"14.93","humidity":"41.29","co2":"403.44"}
{"timestamp":"2025-07-12T20:28:43.372Z","pH":"6.54","conductivity":"140.92","pressure":"2.09","temperature":"20.95","fillLevel":"28.87","flow":"14.23","humidity":"31.69","co2":"447.16"}
{"timestamp":"2025-07-12T20:28:53.382Z","pH":"7.40","conductivity":"114.18","pressure":"4.59","temperature":"28.89","fillLevel":"57.97","flow":"11.04","humidity":"38.40","co2":"472.39"}
