{"timestamp":"2025-07-12T20:26:13.288Z","pH":"6.34","conductivity":"119.76","pressure":"5.15","temperature":"23.02","fillLevel":"88.46","flow":"14.38","humidity":"39.01","co2":"474.33"}
{"timestamp":"2025-07-12T20:26:23.292Z","pH":"6.53","conductivity":"116.03","pressure":"3.92","temperature":"29.67","fillLevel":"80.26","flow":"12.48","humidity":"41.13","co2":"451.46"}
{"timestamp":"2025-07-12T20:26:33.303Z","pH":"7.67","conductivity":"145.37","pressure":"2.07","temperature":"21.65","fillLevel":"87.53","flow":"12.55","humidity":"49.22","co2":"469.63"}
{"timestamp":"2025-07-12T20:26:43.304Z","pH":"7.74","conductivity":"141.86","pressure":"2.00","temperature":"26.85","fillLevel":"58.22","flow":"11.94","humidity":"42.63","co2":"483.15"}
{"timestamp":"2025-07-12T20:26:53.310Z","pH":"7.24","conductivity":"121.67","pressure":"2.26","temperature":"31.10","fillLevel":"4.94","flow":"11.80","humidity":"34.31","co2":"492.63"}
