{"timestamp":"2025-07-12T20:47:04.220Z","pH":"6.42","conductivity":"137.15","pressure":"1.83","temperature":"30.30","fillLevel":"68.14","flow":"10.94","humidity":"36.65","co2":"445.00"}
{"timestamp":"2025-07-12T20:47:14.232Z","pH":"6.83","conductivity":"116.76","pressure":"4.76","temperature":"32.46","fillLevel":"15.36","flow":"13.31","humidity":"45.35","co2":"470.07"}
{"timestamp":"2025-07-12T20:47:24.240Z","pH":"7.51","conductivity":"118.79","pressure":"3.48","temperature":"33.22","fillLevel":"39.64","flow":"14.01","humidity":"48.07","co2":"407.67"}
{"timestamp":"2025-07-12T20:47:34.248Z","pH":"7.22","conductivity":"144.13","pressure":"5.44","temperature":"29.79","fillLevel":"23.81","flow":"13.95","humidity":"38.71","co2":"427.09"}
{"timestamp":"2025-07-12T20:47:44.253Z","pH":"7.18","conductivity":"124.11","pressure":"4.33","temperature":"20.50","fillLevel":"78.22","flow":"13.01","humidity":"47.63","co2":"493.90"}
{"timestamp":"2025-07-12T20:47:54.264Z","pH":"6.21","conductivity":"102.79","pressure":"1.47","temperature":"22.48","fillLevel":"44.57","flow":"12.70","humidity":"48.59","co2":"476.54"}
