{"timestamp":"2025-07-12T20:54:04.502Z","pH":"7.16","conductivity":"136.68","pressure":"4.38","temperature":"30.43","fillLevel":"88.17","flow":"11.62","humidity":"47.69","co2":"464.41"}
{"timestamp":"2025-07-12T20:54:14.517Z","pH":"7.42","conductivity":"102.17","pressure":"4.24","temperature":"20.02","fillLevel":"87.40","flow":"10.18","humidity":"32.21","co2":"496.70"}
{"timestamp":"2025-07-12T20:54:24.528Z","pH":"6.24","conductivity":"147.38","pressure":"1.67","temperature":"22.34","fillLevel":"4.24","flow":"10.22","humidity":"34.72","co2":"495.89"}
{"timestamp":"2025-07-12T20:54:34.537Z","pH":"6.42","conductivity":"146.35","pressure":"2.86","temperature":"26.03","fillLevel":"47.59","flow":"11.92","humidity":"49.02","co2":"492.39"}
{"timestamp":"2025-07-12T20:54:44.541Z","pH":"6.41","conductivity":"119.27","pressure":"3.16","temperature":"26.94","fillLevel":"7.80","flow":"12.21","humidity":"43.45","co2":"438.25"}
{"timestamp":"2025-07-12T20:54:54.546Z","pH":"6.19","conductivity":"129.34","pressure":"3.81","temperature":"32.67","fillLevel":"44.35","flow":"14.30","humidity":"40.75","co2":"428.51"}
