{"timestamp":"2025-07-12T20:53:04.467Z","pH":"6.98","conductivity":"126.22","pressure":"3.76","temperature":"32.14","fillLevel":"35.29","flow":"10.20","humidity":"33.10","co2":"494.89"}
{"timestamp":"2025-07-12T20:53:14.481Z","pH":"7.46","conductivity":"118.44","pressure":"2.19","temperature":"23.77","fillLevel":"65.71","flow":"10.25","humidity":"44.24","co2":"437.69"}
{"timestamp":"2025-07-12T20:53:24.487Z","pH":"7.09","conductivity":"100.25","pressure":"3.71","temperature":"20.51","fillLevel":"31.56","flow":"12.01","humidity":"37.71","co2":"421.30"}
{"timestamp":"2025-07-12T20:53:34.492Z","pH":"7.32","conductivity":"124.72","pressure":"3.34","temperature":"33.16","fillLevel":"55.49","flow":"13.86","humidity":"42.04","co2":"414.54"}
{"timestamp":"2025-07-12T20:53:44.492Z","pH":"7.57","conductivity":"128.46","pressure":"5.02","temperature":"31.42","fillLevel":"94.80","flow":"12.58","humidity":"43.37","co2":"419.19"}
{"timestamp":"2025-07-12T20:53:54.501Z","pH":"7.77","conductivity":"102.28","pressure":"1.91","temperature":"23.90","fillLevel":"73.39","flow":"14.15","humidity":"44.99","co2":"448.22"}
