{"timestamp":"2025-07-12T20:57:04.621Z","pH":"7.48","conductivity":"110.45","pressure":"5.03","temperature":"25.19","fillLevel":"74.00","flow":"13.43","humidity":"35.09","co2":"453.22"}
{"timestamp":"2025-07-12T20:57:14.636Z","pH":"6.87","conductivity":"117.53","pressure":"1.85","temperature":"24.36","fillLevel":"11.11","flow":"12.64","humidity":"36.88","co2":"409.65"}
{"timestamp":"2025-07-12T20:57:24.649Z","pH":"7.83","conductivity":"146.04","pressure":"3.84","temperature":"30.29","fillLevel":"92.55","flow":"14.82","humidity":"48.41","co2":"462.57"}
{"timestamp":"2025-07-12T20:57:34.663Z","pH":"6.32","conductivity":"104.62","pressure":"1.99","temperature":"32.40","fillLevel":"81.89","flow":"12.11","humidity":"34.20","co2":"404.80"}
{"timestamp":"2025-07-12T20:57:44.679Z","pH":"7.31","conductivity":"139.42","pressure":"4.76","temperature":"28.96","fillLevel":"91.05","flow":"10.82","humidity":"33.62","co2":"435.19"}
{"timestamp":"2025-07-12T20:57:54.680Z","pH":"7.46","conductivity":"147.58","pressure":"1.07","temperature":"34.98","fillLevel":"32.22","flow":"12.26","humidity":"30.02","co2":"499.47"}
