{"timestamp":"2025-07-12T20:03:03.931Z","pH":"6.72","conductivity":"116.73","pressure":"3.43","temperature":"23.97","fillLevel":"4.62","flow":"11.71","humidity":"34.80","co2":"432.64"}
{"timestamp":"2025-07-12T20:03:13.933Z","pH":"6.73","conductivity":"131.66","pressure":"2.10","temperature":"24.94","fillLevel":"0.91","flow":"10.73","humidity":"47.99","co2":"465.41"}
{"timestamp":"2025-07-12T20:03:23.947Z","pH":"7.81","conductivity":"111.86","pressure":"5.51","temperature":"21.62","fillLevel":"4.49","flow":"10.14","humidity":"47.46","co2":"418.09"}
{"timestamp":"2025-07-12T20:03:33.957Z","pH":"6.99","conductivity":"103.55","pressure":"5.04","temperature":"30.14","fillLevel":"39.27","flow":"13.31","humidity":"38.37","co2":"473.73"}
{"timestamp":"2025-07-12T20:03:43.964Z","pH":"6.77","conductivity":"110.01","pressure":"2.16","temperature":"28.63","fillLevel":"39.67","flow":"11.80","humidity":"38.61","co2":"490.78"}
{"timestamp":"2025-07-12T20:03:53.976Z","pH":"6.61","conductivity":"115.82","pressure":"5.64","temperature":"30.84","fillLevel":"78.47","flow":"13.00","humidity":"35.41","co2":"439.09"}
