{"timestamp":"2025-07-12T20:42:03.979Z","pH":"7.40","conductivity":"105.55","pressure":"1.81","temperature":"23.68","fillLevel":"86.52","flow":"12.16","humidity":"41.76","co2":"467.71"}
{"timestamp":"2025-07-12T20:42:13.980Z","pH":"6.00","conductivity":"107.50","pressure":"4.83","temperature":"20.94","fillLevel":"1.88","flow":"12.37","humidity":"47.22","co2":"484.73"}
{"timestamp":"2025-07-12T20:42:23.981Z","pH":"6.82","conductivity":"119.73","pressure":"3.99","temperature":"30.30","fillLevel":"71.11","flow":"12.14","humidity":"46.71","co2":"421.89"}
{"timestamp":"2025-07-12T20:42:33.995Z","pH":"7.79","conductivity":"139.48","pressure":"5.93","temperature":"27.42","fillLevel":"5.37","flow":"14.66","humidity":"33.71","co2":"449.06"}
{"timestamp":"2025-07-12T20:42:44.002Z","pH":"6.86","conductivity":"111.16","pressure":"2.55","temperature":"34.33","fillLevel":"73.33","flow":"10.67","humidity":"35.88","co2":"414.93"}
{"timestamp":"2025-07-12T20:42:54.016Z","pH":"6.11","conductivity":"134.40","pressure":"4.58","temperature":"34.10","fillLevel":"2.00","flow":"13.11","humidity":"42.27","co2":"483.34"}
