{"timestamp":"2025-07-12T20:00:03.773Z","pH":"6.58","conductivity":"105.68","pressure":"2.36","temperature":"27.18","fillLevel":"20.11","flow":"13.19","humidity":"44.25","co2":"481.98"}
{"timestamp":"2025-07-12T20:00:13.782Z","pH":"6.93","conductivity":"147.51","pressure":"2.69","temperature":"33.48","fillLevel":"55.70","flow":"14.06","humidity":"35.46","co2":"427.11"}
{"timestamp":"2025-07-12T20:00:23.785Z","pH":"6.39","conductivity":"128.85","pressure":"1.79","temperature":"20.37","fillLevel":"96.21","flow":"12.51","humidity":"32.59","co2":"458.64"}
{"timestamp":"2025-07-12T20:00:33.801Z","pH":"7.32","conductivity":"121.23","pressure":"1.00","temperature":"32.69","fillLevel":"27.25","flow":"14.59","humidity":"42.33","co2":"427.72"}
{"timestamp":"2025-07-12T20:00:43.807Z","pH":"6.91","conductivity":"123.22","pressure":"1.47","temperature":"33.91","fillLevel":"35.24","flow":"13.13","humidity":"40.99","co2":"447.73"}
{"timestamp":"2025-07-12T20:00:53.824Z","pH":"6.78","conductivity":"130.53","pressure":"2.95","temperature":"28.32","fillLevel":"22.26","flow":"12.08","humidity":"45.28","co2":"435.86"}
