{"timestamp":"2025-07-12T20:59:04.752Z","pH":"6.72","conductivity":"145.00","pressure":"3.51","temperature":"23.51","fillLevel":"20.29","flow":"11.90","humidity":"46.57","co2":"424.30"}
{"timestamp":"2025-07-12T20:59:14.756Z","pH":"6.47","conductivity":"123.47","pressure":"5.08","temperature":"21.60","fillLevel":"10.37","flow":"13.94","humidity":"41.10","co2":"438.82"}
{"timestamp":"2025-07-12T20:59:24.762Z","pH":"6.90","conductivity":"108.83","pressure":"1.74","temperature":"22.60","fillLevel":"18.46","flow":"10.26","humidity":"35.68","co2":"405.34"}
{"timestamp":"2025-07-12T20:59:34.762Z","pH":"6.83","conductivity":"108.66","pressure":"1.43","temperature":"25.79","fillLevel":"95.77","flow":"11.36","humidity":"47.21","co2":"439.87"}
{"timestamp":"2025-07-12T20:59:44.764Z","pH":"6.82","conductivity":"142.00","pressure":"2.58","temperature":"25.23","fillLevel":"88.96","flow":"14.97","humidity":"37.34","co2":"493.40"}
{"timestamp":"2025-07-12T20:59:54.771Z","pH":"7.71","conductivity":"117.09","pressure":"6.00","temperature":"25.37","fillLevel":"42.35","flow":"13.38","humidity":"34.02","co2":"430.59"}
