{"timestamp":"2025-07-12T20:55:04.555Z","pH":"7.43","conductivity":"111.31","pressure":"1.99","temperature":"32.07","fillLevel":"27.40","flow":"11.61","humidity":"42.15","co2":"457.27"}
{"timestamp":"2025-07-12T20:55:14.567Z","pH":"7.35","conductivity":"145.52","pressure":"2.27","temperature":"33.66","fillLevel":"93.31","flow":"12.71","humidity":"43.01","co2":"451.37"}
{"timestamp":"2025-07-12T20:55:24.573Z","pH":"6.16","conductivity":"123.27","pressure":"2.40","temperature":"32.20","fillLevel":"4.23","flow":"10.61","humidity":"34.06","co2":"482.45"}
{"timestamp":"2025-07-12T20:55:34.575Z","pH":"7.43","conductivity":"134.58","pressure":"2.32","temperature":"29.74","fillLevel":"56.55","flow":"13.42","humidity":"41.53","co2":"420.85"}
{"timestamp":"2025-07-12T20:55:44.585Z","pH":"6.73","conductivity":"133.22","pressure":"3.62","temperature":"34.23","fillLevel":"18.80","flow":"12.56","humidity":"49.71","co2":"404.71"}
{"timestamp":"2025-07-12T20:55:54.587Z","pH":"7.59","conductivity":"141.31","pressure":"5.34","temperature":"34.11","fillLevel":"9.18","flow":"11.41","humidity":"37.35","co2":"443.95"}
