{"timestamp":"2025-07-12T20:40:03.886Z","pH":"7.40","conductivity":"116.95","pressure":"5.12","temperature":"34.60","fillLevel":"61.77","flow":"13.36","humidity":"45.17","co2":"440.19"}
{"timestamp":"2025-07-12T20:40:13.899Z","pH":"7.86","conductivity":"124.84","pressure":"3.33","temperature":"26.10","fillLevel":"34.95","flow":"14.22","humidity":"37.07","co2":"414.00"}
{"timestamp":"2025-07-12T20:40:23.910Z","pH":"6.85","conductivity":"133.82","pressure":"5.95","temperature":"31.59","fillLevel":"79.35","flow":"12.02","humidity":"41.10","co2":"461.50"}
{"timestamp":"2025-07-12T20:40:33.914Z","pH":"6.16","conductivity":"144.01","pressure":"3.23","temperature":"20.94","fillLevel":"86.86","flow":"11.83","humidity":"49.03","co2":"411.10"}
{"timestamp":"2025-07-12T20:40:43.919Z","pH":"7.60","conductivity":"100.85","pressure":"3.31","temperature":"34.39","fillLevel":"0.07","flow":"14.58","humidity":"46.90","co2":"415.11"}
{"timestamp":"2025-07-12T20:40:53.929Z","pH":"7.72","conductivity":"102.16","pressure":"1.27","temperature":"30.62","fillLevel":"27.87","flow":"11.99","humidity":"38.81","co2":"438.33"}
