{"timestamp":"2025-07-12T20:41:03.932Z","pH":"7.33","conductivity":"101.77","pressure":"1.81","temperature":"21.68","fillLevel":"85.07","flow":"10.04","humidity":"47.45","co2":"491.10"}
{"timestamp":"2025-07-12T20:41:13.941Z","pH":"7.38","conductivity":"105.27","pressure":"4.39","temperature":"27.93","fillLevel":"44.25","flow":"14.25","humidity":"30.76","co2":"418.42"}
{"timestamp":"2025-07-12T20:41:23.941Z","pH":"6.25","conductivity":"137.10","pressure":"2.19","temperature":"30.05","fillLevel":"74.42","flow":"14.57","humidity":"36.19","co2":"473.38"}
{"timestamp":"2025-07-12T20:41:33.949Z","pH":"8.00","conductivity":"107.99","pressure":"1.15","temperature":"23.19","fillLevel":"96.78","flow":"12.01","humidity":"32.52","co2":"492.44"}
{"timestamp":"2025-07-12T20:41:43.963Z","pH":"6.43","conductivity":"137.81","pressure":"1.74","temperature":"26.43","fillLevel":"71.82","flow":"14.44","humidity":"47.49","co2":"400.93"}
{"timestamp":"2025-07-12T20:41:53.977Z","pH":"7.52","conductivity":"133.46","pressure":"5.64","temperature":"31.71","fillLevel":"61.55","flow":"13.51","humidity":"33.87","co2":"455.21"}
