{"timestamp":"2025-07-12T20:48:04.275Z","pH":"6.37","conductivity":"108.73","pressure":"1.19","temperature":"27.54","fillLevel":"0.87","flow":"12.46","humidity":"42.11","co2":"423.54"}
{"timestamp":"2025-07-12T20:48:14.281Z","pH":"7.94","conductivity":"146.78","pressure":"4.78","temperature":"27.86","fillLevel":"59.52","flow":"11.58","humidity":"42.44","co2":"407.50"}
{"timestamp":"2025-07-12T20:48:24.285Z","pH":"7.66","conductivity":"102.18","pressure":"1.07","temperature":"32.78","fillLevel":"0.63","flow":"13.95","humidity":"41.06","co2":"419.50"}
{"timestamp":"2025-07-12T20:48:34.284Z","pH":"6.81","conductivity":"106.31","pressure":"3.30","temperature":"31.68","fillLevel":"29.62","flow":"10.87","humidity":"35.12","co2":"496.68"}
{"timestamp":"2025-07-12T20:48:44.293Z","pH":"6.44","conductivity":"119.85","pressure":"4.63","temperature":"26.95","fillLevel":"76.93","flow":"10.46","humidity":"44.07","co2":"419.85"}
{"timestamp":"2025-07-12T20:48:54.299Z","pH":"6.46","conductivity":"102.69","pressure":"3.81","temperature":"26.24","fillLevel":"77.96","flow":"12.43","humidity":"47.73","co2":"454.01"}
