{"timestamp":"2025-07-12T20:38:03.788Z","pH":"6.55","conductivity":"149.08","pressure":"3.63","temperature":"27.30","fillLevel":"81.57","flow":"12.65","humidity":"33.29","co2":"409.27"}
{"timestamp":"2025-07-12T20:38:13.798Z","pH":"6.06","conductivity":"107.78","pressure":"4.03","temperature":"20.58","fillLevel":"76.50","flow":"11.08","humidity":"40.19","co2":"415.09"}
{"timestamp":"2025-07-12T20:38:23.810Z","pH":"6.12","conductivity":"108.72","pressure":"3.96","temperature":"34.75","fillLevel":"6.97","flow":"12.89","humidity":"49.68","co2":"473.35"}
{"timestamp":"2025-07-12T20:38:33.815Z","pH":"6.88","conductivity":"123.84","pressure":"1.83","temperature":"24.68","fillLevel":"38.97","flow":"11.26","humidity":"46.47","co2":"420.26"}
{"timestamp":"2025-07-12T20:38:43.821Z","pH":"6.29","conductivity":"142.38","pressure":"5.50","temperature":"33.51","fillLevel":"25.70","flow":"14.39","humidity":"47.77","co2":"422.66"}
{"timestamp":"2025-07-12T20:38:53.829Z","pH":"7.19","conductivity":"149.24","pressure":"1.53","temperature":"23.56","fillLevel":"90.20","flow":"14.66","humidity":"35.04","co2":"444.91"}
