{"timestamp":"2025-07-12T20:44:04.084Z","pH":"6.19","conductivity":"132.30","pressure":"5.03","temperature":"26.02","fillLevel":"2.86","flow":"14.12","humidity":"39.62","co2":"488.37"}
{"timestamp":"2025-07-12T20:44:14.097Z","pH":"7.27","conductivity":"107.02","pressure":"5.27","temperature":"22.67","fillLevel":"71.72","flow":"14.62","humidity":"42.74","co2":"420.76"}
{"timestamp":"2025-07-12T20:44:24.097Z","pH":"6.18","conductivity":"112.07","pressure":"1.53","temperature":"22.97","fillLevel":"43.23","flow":"10.38","humidity":"44.77","co2":"439.55"}
{"timestamp":"2025-07-12T20:44:34.104Z","pH":"6.24","conductivity":"149.81","pressure":"4.54","temperature":"30.28","fillLevel":"31.14","flow":"12.53","humidity":"47.55","co2":"433.41"}
{"timestamp":"2025-07-12T20:44:44.114Z","pH":"7.85","conductivity":"130.82","pressure":"5.84","temperature":"33.29","fillLevel":"53.86","flow":"10.29","humidity":"30.46","co2":"427.18"}
{"timestamp":"2025-07-12T20:44:54.121Z","pH":"6.76","conductivity":"134.74","pressure":"2.42","temperature":"23.61","fillLevel":"74.01","flow":"12.81","humidity":"44.83","co2":"444.29"}
