{"timestamp":"2025-07-12T20:01:03.822Z","pH":"7.65","conductivity":"121.60","pressure":"3.00","temperature":"22.78","fillLevel":"71.32","flow":"10.29","humidity":"30.51","co2":"429.78"}
{"timestamp":"2025-07-12T20:01:13.838Z","pH":"7.20","conductivity":"117.71","pressure":"5.06","temperature":"34.69","fillLevel":"0.71","flow":"12.86","humidity":"38.51","co2":"442.67"}
{"timestamp":"2025-07-12T20:01:23.841Z","pH":"6.36","conductivity":"110.23","pressure":"5.27","temperature":"31.94","fillLevel":"25.88","flow":"12.82","humidity":"40.58","co2":"432.83"}
{"timestamp":"2025-07-12T20:01:33.853Z","pH":"6.87","conductivity":"100.01","pressure":"2.58","temperature":"30.84","fillLevel":"49.23","flow":"14.44","humidity":"34.18","co2":"441.13"}
{"timestamp":"2025-07-12T20:01:43.853Z","pH":"7.58","conductivity":"119.40","pressure":"2.94","temperature":"29.63","fillLevel":"54.60","flow":"11.60","humidity":"37.39","co2":"455.73"}
{"timestamp":"2025-07-12T20:01:53.862Z","pH":"6.55","conductivity":"146.48","pressure":"2.60","temperature":"34.00","fillLevel":"18.14","flow":"10.94","humidity":"46.31","co2":"434.48"}
