{"timestamp":"2025-07-12T20:11:04.175Z","pH":"7.13","conductivity":"135.08","pressure":"1.41","temperature":"33.11","fillLevel":"38.43","flow":"14.12","humidity":"42.31","co2":"440.62"}
{"timestamp":"2025-07-12T20:11:14.179Z","pH":"6.58","conductivity":"118.56","pressure":"5.98","temperature":"32.26","fillLevel":"5.31","flow":"12.83","humidity":"32.98","co2":"425.37"}
{"timestamp":"2025-07-12T20:11:24.190Z","pH":"7.68","conductivity":"129.90","pressure":"2.21","temperature":"28.36","fillLevel":"61.29","flow":"11.77","humidity":"31.77","co2":"413.13"}
{"timestamp":"2025-07-12T20:11:34.202Z","pH":"6.69","conductivity":"139.29","pressure":"2.79","temperature":"28.10","fillLevel":"39.48","flow":"10.37","humidity":"33.79","co2":"426.17"}
{"timestamp":"2025-07-12T20:11:44.206Z","pH":"7.02","conductivity":"109.01","pressure":"3.36","temperature":"22.58","fillLevel":"53.91","flow":"13.52","humidity":"39.43","co2":"433.40"}
{"timestamp":"2025-07-12T20:11:54.219Z","pH":"6.99","conductivity":"137.01","pressure":"2.71","temperature":"29.83","fillLevel":"57.00","flow":"13.42","humidity":"49.09","co2":"437.07"}
