{"timestamp":"2025-07-12T20:50:04.350Z","pH":"6.23","conductivity":"144.59","pressure":"2.26","temperature":"29.17","fillLevel":"9.84","flow":"10.84","humidity":"33.83","co2":"471.99"}
{"timestamp":"2025-07-12T20:50:14.353Z","pH":"7.07","conductivity":"100.07","pressure":"1.35","temperature":"28.88","fillLevel":"98.42","flow":"11.78","humidity":"46.31","co2":"455.51"}
{"timestamp":"2025-07-12T20:50:24.366Z","pH":"7.08","conductivity":"133.49","pressure":"5.94","temperature":"25.38","fillLevel":"27.71","flow":"10.22","humidity":"47.98","co2":"421.38"}
{"timestamp":"2025-07-12T20:50:34.368Z","pH":"7.11","conductivity":"118.18","pressure":"4.04","temperature":"24.64","fillLevel":"71.32","flow":"12.75","humidity":"38.12","co2":"494.21"}
{"timestamp":"2025-07-12T20:50:44.372Z","pH":"6.26","conductivity":"113.06","pressure":"3.43","temperature":"33.97","fillLevel":"12.73","flow":"10.77","humidity":"33.76","co2":"490.54"}
{"timestamp":"2025-07-12T20:50:54.385Z","pH":"6.90","conductivity":"117.47","pressure":"4.21","temperature":"26.29","fillLevel":"7.84","flow":"11.81","humidity":"44.00","co2":"489.81"}
