{"timestamp":"2025-07-12T20:39:03.843Z","pH":"7.70","conductivity":"138.06","pressure":"3.15","temperature":"32.16","fillLevel":"21.27","flow":"14.23","humidity":"35.80","co2":"401.49"}
{"timestamp":"2025-07-12T20:39:13.846Z","pH":"6.32","conductivity":"144.87","pressure":"1.16","temperature":"34.66","fillLevel":"0.44","flow":"14.23","humidity":"35.27","co2":"409.77"}
{"timestamp":"2025-07-12T20:39:23.854Z","pH":"7.40","conductivity":"122.90","pressure":"2.41","temperature":"29.05","fillLevel":"90.33","flow":"11.55","humidity":"38.29","co2":"415.84"}
{"timestamp":"2025-07-12T20:39:33.859Z","pH":"7.99","conductivity":"102.46","pressure":"3.19","temperature":"20.19","fillLevel":"5.63","flow":"11.44","humidity":"45.77","co2":"423.10"}
{"timestamp":"2025-07-12T20:39:43.864Z","pH":"7.91","conductivity":"129.55","pressure":"1.47","temperature":"27.80","fillLevel":"94.00","flow":"10.89","humidity":"49.79","co2":"472.85"}
{"timestamp":"2025-07-12T20:39:53.872Z","pH":"6.54","conductivity":"122.57","pressure":"3.52","temperature":"28.50","fillLevel":"42.28","flow":"13.17","humidity":"31.57","co2":"464.51"}
