{"timestamp":"2025-07-12T20:30:03.455Z","pH":"6.77","conductivity":"143.39","pressure":"4.18","temperature":"32.82","fillLevel":"49.39","flow":"12.55","humidity":"35.29","co2":"435.02"}
{"timestamp":"2025-07-12T20:30:13.466Z","pH":"6.06","conductivity":"114.40","pressure":"3.30","temperature":"27.76","fillLevel":"97.52","flow":"12.57","humidity":"39.22","co2":"432.99"}
{"timestamp":"2025-07-12T20:30:23.475Z","pH":"7.22","conductivity":"106.09","pressure":"2.35","temperature":"34.75","fillLevel":"14.51","flow":"13.34","humidity":"42.58","co2":"454.45"}
{"timestamp":"2025-07-12T20:30:33.487Z","pH":"7.97","conductivity":"106.46","pressure":"5.99","temperature":"20.15","fillLevel":"60.50","flow":"13.74","humidity":"30.30","co2":"425.44"}
{"timestamp":"2025-07-12T20:30:43.494Z","pH":"6.29","conductivity":"116.37","pressure":"2.05","temperature":"22.43","fillLevel":"69.33","flow":"12.76","humidity":"42.71","co2":"406.74"}
{"timestamp":"2025-07-12T20:30:53.506Z","pH":"6.35","conductivity":"115.14","pressure":"4.85","temperature":"25.13","fillLevel":"25.84","flow":"12.12","humidity":"42.61","co2":"407.20"}
