{"timestamp":"2025-07-12T20:08:04.029Z","pH":"7.93","conductivity":"132.31","pressure":"3.26","temperature":"20.80","fillLevel":"51.11","flow":"12.74","humidity":"46.77","co2":"454.01"}
{"timestamp":"2025-07-12T20:08:14.038Z","pH":"7.70","conductivity":"128.68","pressure":"4.76","temperature":"26.53","fillLevel":"4.72","flow":"11.37","humidity":"35.13","co2":"458.35"}
{"timestamp":"2025-07-12T20:08:24.048Z","pH":"6.33","conductivity":"127.33","pressure":"2.81","temperature":"24.02","fillLevel":"39.46","flow":"11.30","humidity":"38.43","co2":"410.99"}
{"timestamp":"2025-07-12T20:08:34.053Z","pH":"7.62","conductivity":"139.79","pressure":"3.24","temperature":"26.03","fillLevel":"12.39","flow":"11.94","humidity":"30.91","co2":"490.98"}
{"timestamp":"2025-07-12T20:08:44.053Z","pH":"6.17","conductivity":"139.24","pressure":"1.58","temperature":"20.59","fillLevel":"70.06","flow":"14.44","humidity":"43.79","co2":"474.25"}
{"timestamp":"2025-07-12T20:08:54.063Z","pH":"6.47","conductivity":"126.42","pressure":"1.09","temperature":"32.95","fillLevel":"10.68","flow":"13.15","humidity":"38.48","co2":"481.70"}
