{"timestamp":"2025-07-12T20:04:03.990Z","pH":"7.28","conductivity":"139.06","pressure":"5.38","temperature":"34.11","fillLevel":"71.79","flow":"12.94","humidity":"38.65","co2":"465.40"}
{"timestamp":"2025-07-12T20:04:13.994Z","pH":"7.20","conductivity":"149.18","pressure":"3.91","temperature":"23.22","fillLevel":"96.87","flow":"13.36","humidity":"31.76","co2":"494.27"}
{"timestamp":"2025-07-12T20:04:24.008Z","pH":"7.68","conductivity":"143.85","pressure":"1.87","temperature":"28.12","fillLevel":"10.41","flow":"11.26","humidity":"42.98","co2":"455.37"}
{"timestamp":"2025-07-12T20:04:34.016Z","pH":"6.11","conductivity":"147.47","pressure":"5.20","temperature":"32.55","fillLevel":"96.09","flow":"13.19","humidity":"35.83","co2":"491.63"}
{"timestamp":"2025-07-12T20:04:44.024Z","pH":"6.09","conductivity":"125.96","pressure":"1.13","temperature":"20.29","fillLevel":"85.62","flow":"10.95","humidity":"42.64","co2":"425.47"}
{"timestamp":"2025-07-12T20:04:54.036Z","pH":"6.03","conductivity":"128.62","pressure":"3.79","temperature":"28.80","fillLevel":"7.32","flow":"11.63","humidity":"41.20","co2":"490.73"}
