{"timestamp":"2025-07-12T20:31:03.517Z","pH":"6.76","conductivity":"103.69","pressure":"5.55","temperature":"20.64","fillLevel":"55.98","flow":"10.15","humidity":"30.96","co2":"456.67"}
{"timestamp":"2025-07-12T20:31:13.522Z","pH":"7.80","conductivity":"100.93","pressure":"1.55","temperature":"21.13","fillLevel":"10.74","flow":"10.79","humidity":"33.90","co2":"496.66"}
{"timestamp":"2025-07-12T20:31:23.532Z","pH":"7.00","conductivity":"105.21","pressure":"5.46","temperature":"24.74","fillLevel":"73.77","flow":"13.77","humidity":"40.86","co2":"444.65"}
{"timestamp":"2025-07-12T20:31:33.536Z","pH":"7.25","conductivity":"113.17","pressure":"1.47","temperature":"20.59","fillLevel":"36.79","flow":"14.60","humidity":"38.31","co2":"468.78"}
{"timestamp":"2025-07-12T20:31:43.544Z","pH":"6.03","conductivity":"145.29","pressure":"2.38","temperature":"26.57","fillLevel":"58.89","flow":"13.07","humidity":"33.06","co2":"499.07"}
{"timestamp":"2025-07-12T20:31:53.559Z","pH":"6.41","conductivity":"127.45","pressure":"2.60","temperature":"32.85","fillLevel":"29.50","flow":"12.61","humidity":"31.16","co2":"470.86"}
