{"timestamp":"2025-07-12T20:36:03.721Z","pH":"6.76","conductivity":"148.41","pressure":"3.27","temperature":"31.49","fillLevel":"49.77","flow":"13.52","humidity":"43.16","co2":"423.36"}
{"timestamp":"2025-07-12T20:36:13.731Z","pH":"7.29","conductivity":"113.58","pressure":"2.87","temperature":"21.42","fillLevel":"56.10","flow":"11.42","humidity":"44.74","co2":"485.08"}
{"timestamp":"2025-07-12T20:36:23.733Z","pH":"6.68","conductivity":"104.58","pressure":"4.94","temperature":"22.84","fillLevel":"85.24","flow":"14.55","humidity":"36.00","co2":"473.55"}
{"timestamp":"2025-07-12T20:36:33.734Z","pH":"7.73","conductivity":"104.92","pressure":"5.97","temperature":"29.97","fillLevel":"95.26","flow":"14.05","humidity":"32.88","co2":"469.26"}
{"timestamp":"2025-07-12T20:36:43.743Z","pH":"7.48","conductivity":"148.09","pressure":"4.80","temperature":"27.67","fillLevel":"13.44","flow":"12.70","humidity":"39.09","co2":"478.41"}
{"timestamp":"2025-07-12T20:36:53.752Z","pH":"7.73","conductivity":"130.94","pressure":"3.51","temperature":"26.89","fillLevel":"0.75","flow":"14.53","humidity":"49.79","co2":"468.60"}
