{"timestamp":"2025-07-12T20:56:04.593Z","pH":"6.83","conductivity":"103.00","pressure":"5.47","temperature":"25.41","fillLevel":"40.01","flow":"13.02","humidity":"42.84","co2":"435.07"}
{"timestamp":"2025-07-12T20:56:14.594Z","pH":"7.30","conductivity":"127.75","pressure":"1.02","temperature":"22.18","fillLevel":"37.62","flow":"10.40","humidity":"46.09","co2":"417.28"}
{"timestamp":"2025-07-12T20:56:24.603Z","pH":"7.58","conductivity":"100.70","pressure":"1.22","temperature":"26.71","fillLevel":"11.99","flow":"11.81","humidity":"34.71","co2":"496.58"}
{"timestamp":"2025-07-12T20:56:34.602Z","pH":"6.09","conductivity":"122.51","pressure":"5.70","temperature":"26.86","fillLevel":"17.70","flow":"11.05","humidity":"30.01","co2":"446.33"}
{"timestamp":"2025-07-12T20:56:44.605Z","pH":"7.19","conductivity":"134.90","pressure":"1.43","temperature":"29.76","fillLevel":"97.22","flow":"13.59","humidity":"45.34","co2":"432.84"}
{"timestamp":"2025-07-12T20:56:54.617Z","pH":"6.46","conductivity":"130.35","pressure":"3.84","temperature":"26.62","fillLevel":"50.06","flow":"14.62","humidity":"47.88","co2":"416.76"}
