{"timestamp":"2025-07-12T20:07:04.122Z","pH":"7.76","conductivity":"146.44","pressure":"3.52","temperature":"33.05","fillLevel":"0.04","flow":"11.30","humidity":"30.54","co2":"481.54"}
{"timestamp":"2025-07-12T20:07:14.133Z","pH":"7.82","conductivity":"137.41","pressure":"3.17","temperature":"30.22","fillLevel":"13.30","flow":"13.09","humidity":"34.55","co2":"459.68"}
{"timestamp":"2025-07-12T20:07:24.137Z","pH":"6.23","conductivity":"132.09","pressure":"4.46","temperature":"24.07","fillLevel":"5.54","flow":"10.27","humidity":"41.04","co2":"419.09"}
{"timestamp":"2025-07-12T20:07:34.147Z","pH":"6.80","conductivity":"121.63","pressure":"5.28","temperature":"30.18","fillLevel":"96.38","flow":"11.82","humidity":"36.32","co2":"431.27"}
{"timestamp":"2025-07-12T20:07:54.020Z","pH":"7.75","conductivity":"108.95","pressure":"5.36","temperature":"33.90","fillLevel":"77.45","flow":"12.02","humidity":"43.67","co2":"422.91"}
