{"timestamp":"2025-07-12T20:02:03.864Z","pH":"7.66","conductivity":"132.47","pressure":"2.31","temperature":"27.17","fillLevel":"91.27","flow":"13.18","humidity":"39.56","co2":"483.96"}
{"timestamp":"2025-07-12T20:02:13.875Z","pH":"7.57","conductivity":"121.90","pressure":"2.67","temperature":"21.39","fillLevel":"73.16","flow":"13.10","humidity":"36.12","co2":"429.05"}
{"timestamp":"2025-07-12T20:02:23.887Z","pH":"6.38","conductivity":"107.23","pressure":"3.37","temperature":"23.78","fillLevel":"5.89","flow":"12.57","humidity":"37.86","co2":"421.07"}
{"timestamp":"2025-07-12T20:02:33.897Z","pH":"7.04","conductivity":"107.67","pressure":"3.01","temperature":"30.27","fillLevel":"51.19","flow":"10.73","humidity":"45.92","co2":"456.60"}
{"timestamp":"2025-07-12T20:02:43.912Z","pH":"6.30","conductivity":"115.68","pressure":"4.33","temperature":"20.41","fillLevel":"59.08","flow":"10.28","humidity":"46.45","co2":"430.69"}
{"timestamp":"2025-07-12T20:02:53.926Z","pH":"6.46","conductivity":"121.72","pressure":"2.29","temperature":"26.37","fillLevel":"62.15","flow":"10.19","humidity":"45.12","co2":"494.56"}
